translit,pos,english,logograms,cuneiform,freq
ina,PRP,in; among; at; by; due to; from; on; over,TA BAR-RA.NA,𒋫,32119
ana,PRP,to; as; at; because of; before; beside; concerning; for,GAM,𒃵,26482
šarru,N,king,LUGAL LUGAL.E MAN LUGAL-ME LUGAL.LUGAL LUGAL.ME,𒈗,21601
ša,DET,of; from; concerning; for; per; with; that of; to,MUNUS.KUR,,20650
u,CNJ,and; but; moreover,,,16563
ša,REL,that; where; which; who; whom; whose; what; according to which,,,14345
bēlu,N,lord; owner; possessor; master; proprietor of; weapon,EN BE BE.BE EN-ME U EN.EN,𒂗,12521
lā,MOD,not; without,NU,𒉡,8743
mātu,N,land; all countries; country; ground; sacred precinct?,KALAM KUR KUR.KUR KUR-E.NE KUR.KUR-ME KUR-MU,𒆳,8411
libbu,N,"interior; heart; thought; heart, inner body; belly; inner body; bowels; centre",,,6231
ilu,N,god; fate; luck; temple,DINGIR DINGIR-ME DINGIR.DINGIR DINGIR-MU DINGIR.RA AN,𒀭,6115
ūmu,N,day; by day; daylight; on that day; that day; today; time; storm(-demon),UD ME UD.DA UD.ME UD.MES UD-ME,𒌓,5469
māru,N,son; baby; boy; darling; member of a group; young man; citizen; descendant,DUMU A DUMU-A.NI DUMU.ME DUMU-ME DUMU-NI,𒀀,5089
rabû,AJ,"big; big one; great; large; big, great; elder; full-grown; powerful",GAL GAL.GAL GAL.GAL-E.NE GAL.GAL.LA GAL-ME GAL.ME,𒃲,4792
alāku,V,go; come back; come; coming; depart; go away; going; pass,DU DU.DU DU-ME GEN.NA,𒁺,4720
šakānu,V,put; achieve; be brought about; create; drive; make; place; scheme,GAR GAR.GAR GAR-ME MA,𒃻,4435
ālu,N,village; city; town; the sign URU; ram; (an ornament),URU.KI URU.URU IRI IRI.IRI URU URU.DIDLI,𒌷𒆠,4393
bītu,N,house; temple; building; chamber; chapel; estate; household; workshop,,,4344
epēšu,V,do; build; make; open; perform; accomplishing; be built; be done,,,4314
adi,PRP,until; times; as far as; as long as; up to; together with; while; for,EN,𒂗,3751
pānu,N,front; beginning; earlier time; face; direction; intention; surface; disposal,IGI IGI.NIGIN IGI.NIGIN.NA PI IGI.MU IGI.2,𒅆,3590
qerbu,N,center; among; in the midst of; inside; centre; amongst; intestine; intestines,,,3505
lū,MOD,indeed; may; if; should; although,,,3344
qātu,N,hand; cause; means; domain; talon; authority; equal part; proportionally,,,3314
ištu,PRP,from; after; since; about; from among,TA,𒋫,3261
muhhu,N,skull; service; top; upon; against; accordance; account; addition,UGU,,2925
eli,PRP,on; at; for; more than; over; against; to; above,UGU UGU-MU,,2838
kīma,PRP,like; as; according to; how?; when; as if; instead of; so that,GIM LIBIR.RA.BI.GIM LIBIR.RA.GIM,,2734
šarrūtu,N,kingship; reign,NAM.LUGAL.LA MU.SAG.LUGAL.LA MU.SAG.NAM.LUGAL.LA,𒉆𒈗𒆷,2711
šumma,MOD,if; maybe; or; either; whether,TUKUM.BI BE BAD,𒁁,2640
itti,PRP,with; against; from; at; by; for; to; within,KI TA KI-MU,𒆠,2586
awīlu,N,man; gentleman; human; person; servant; citizen,NA ZA,𒈾,2556
qabû,V,say; command; decision; decree; saying; speak; speech; tell,,,2536
nišu,N,people; men; humanity,UN UN-DIDLI UN-ME UN.HI.A UN.ME,𒌦,2412
ṣabātu,V,seize; catch; hold; take one's place; afflict; take; locking in combat; seizing,DAB DIB,𒁳,2331
šumu,N,name; line (of text); line of text; line; son; omen; fame,MU-NE MU.NE MU-NI MU.NI MU MU-BI,𒈬𒉈,2324
ul,MOD,not,NU NA.AN.DIB.BA NA.AN.SUM.MU NA.AN.TUKU.TUKU NU.SI.SA NU.UN.DU.SUM,𒉡,2271
kašādu,V,reach; achieve; attaining; catch; catching; chase away; reaching; attainment,KUR,𒆳,2260
ēkallu,N,palace; palatial hall,KUR ME.NI MUNUS.KUR,𒆳,2241
šapāru,V,send; message; send (a message); sending; write; keep sending; constantly govern; govern,,,2234
abu,N,father; forefather; ancestor,A.A AD AD-A.NI,𒀀𒀀,2204
dannu,AJ,strong; powerful; severe; firm; mighty; reinforced; strong (one); difficult,KALA KALA.GA KAL DAN-NU KALAG,𒆗,2184
mā,PRP,saying,,,2088
amāru,V,see; find; look; seeing; appear; be(come) seen; see repeatedly; be seen,IGI IGI.BAR IGI.IGI IGI-ME IGI.LAL,𒅆,2010
šadû,N,mountain(s); hill; mountain; east; east wind; mountain-tree; (a mineral component of glaze); the East,KUR IM.3 KUR.RA IM.KUR.RA KUR.KUR SA.TU.UM,𒆳,1986
kiššatu,N,totality; universe; world; emmer; all; pantheon,,,1940
šulmu,N,completeness; well-being; greeting; Well-being (on liver); health; safety; (a crease on the sheep's liver); fall,SILIM DI,𒁲,1925
târu,V,turn; repeat; return; bringing; come back; recover; reply; bring back,GUR GUR.GUR.RU-DA.KAM GUR.RU.DA,𒄥,1813
mû,N,water; juice; liquid; fluid; mu-word; participle,A A-ME AMA.A UR.A,𒀀,1751
šēpu,N,foot; access; rank; conveyor,,,1711
mahru,N,front; before; by; in front of; in front; past; before (someone),IGI,𒅆,1663
ašru,N,place; where; condition; emplacement; site; territory; (divine) abode; country,KI KI-ME,𒆠,1598
anāku,IP,I; I/I,,,1588
rēšu,N,head; on the head; beginning; start; upper part; person; slave; beginning (of the year),SAG SAG.HUL.HA.ZA MU.SAG MU.SAG.LUGAL.LA MU.SAG.NAM.LUGAL.LA NAM.SAG,𒊕,1549
ṣalmu,N,effigy; image; statue; figurine; black one; black wool; constellation; figure,NU ALAM NU-MU ALAN NU-MAN,𒉡,1512
izuzzu,V,stand; appear; serve; make someone stand; stand up constantly; standing; turn to; appoint,GUB.GUB GUB GUB-ME,,1477
šipru,N,sending; affair; message; work; affliction; intention; artefact; messenger,KIN,𒆥,1470
šuāti,IP,him; that; those; this; his,BI MU,𒁉,1464
hurāṣu,N,gold; golden,KUG.GI KUG,,1459
meʾatu,NU,(one) hundred; hundred,ME,𒈨,1444
šamû,N,"sky; heaven; heaven, sky; rain",AN AN.NA AN.PA,𒀭,1435
kaspu,N,silver; money; 'silver stone'; payment; the sign KU₃; price,KI.SAG KUG.UD,𒆠𒊕,1409
bēlūtu,N,rule; lordship; dominion; status of owner,,,1406
šamnu,N,oil; fat,,,1345
pû,N,mouth; word; chaff; accordance; words; source of watercourse; utterance; wording,KA IN.BUBBU LUH.KA IM.BUBBU KA-MU KA.LUH.UD.DA,𒅗,1340
šiptu,N,incantation; spell; wording; incantation (label),KA.INIM.MA KA.INIM.MA-BI,,1329
zēru,N,seed(s); offspring; arable land; descendant(s); seed-measure; seed; one who hates; hated one,NUMUN NUMUN-LUGAL,,1319
kânu,V,be(come) permanent; make firm; be(come) stable; permanently deposit; set up; be(come) firmly established; establish firmly; establishing firmly,GI.NA GUB GIN,𒄀𒈾,1313
kakku,N,stick; weapon; Weapon (on liver); army; battle; blade; divine emblem,TUKUL,,1276
tiāmtu,N,sea,A.AB.BA KA.A.AB.BA,𒀀𒀊𒁀,1274
erēbu,V,enter; bring; come in; entry; make enter; bring in; entering; repeatedly enter,TU,𒌅,1270
ummānu,N,"army; men; common people; crowd; personnel; soldier; troops; army, troops",ERIM ERIM.HI ERIM.HI.A UGNIM,,1265
wašābu,V,sit (down); make dwell; make sit; wait; cause to sit; dwell; install; sitting (down),,,1263
kî,PRP,like; in accordance with; since; that; when; as; how; just as,GIM,,1258
urdu,N,slave; servant,ARAD,𒀴,1251
nadû,V,throw (down); cast (a spell); cast; set; throw; abandoning; affect; discharge,,,1212
ahu,N,arm; brother; bank; side; at; flank; shore; helper,BAR-RA.NA PAP PAB,𒁇𒊏𒈾,1198
ṣēru,N,back; side; steppe; to(wards); upon; open country; against; in addition to,EDIN EDIN.NA,𒂔,1186
šikaru,N,beer,,,1167
īnu,N,eye; spring; eye-stone; wine; opening,IGI IGI-MIN IGI.MIN IGI.II IGI.2,𒅆,1144
ṣīru,AJ,exalted; exalted one; noble one; lofty; glorious; supreme; high(-quality); high-ranking,MAH.HA MAH MAH-ME,𒈤𒄩,1104
balāṭu,V,live; bring back to life; health; life; vitality; curing; keep alive; recover,AL.TI DIN NAM.TI.LA TI TIN TI.LA,𒀠𒋾,1103
elû,V,go up; be extolled; extol; praise; rise aloft; rise; arise; going up,NIM,𒉏,1099
našû,V,lift; bear; bring; carry away; carry; (meaning uncertain); be(com)ing imbued with; bring something,,,1095
mahāru,V,face; arrive; make accept; present; receive; accept; digest; be confronted,GABA.RI IGI,𒃮𒊑,1094
gimru,N,totality; universe; all; total; entirety; unknown meaning,PAP PAB,𒉽,1081
abnu,N,stone; stone bead; hailstone; stone (in the body); kernels of fruits; kernel; jewel,,,1073
annû,DP,this; these; that; this (matter); this (woman),NE NAM-A,𒉈,1067
rubû,N,prince; king; noble; nobleman; ruler,NUN NUN-ME,𒉣,1064
umma,PRP,saying,,,1060
šemû,V,hear; be(come) heard; make hear; accepting (prayer); hearing; listen to constantly; listen to; listening to,,,1055
ṣābu,N,troops; people; workers; the sign ERIN₂; soldiers; team; men,ERIM ERIM.ME ERIM-MAN ERIM-ME ERIM.MU,,1047
bēltu,N,lady; mistress; goddess; proprietress of,NIN NIN.A.NI,,1045
bābu,N,gate; lid; door; opening; outlet; entrance; mouth,ME.NI,𒈨𒉌,1042
bašû,V,"be (at hand); be; come about; exist; existing; be, exist; appear; be(come) at hand",TUKU.TUKU,,1035
erṣetu,N,earth; underworld; land; netherworld; city quarter; ground; district; territory,KI.A KI KI.TIM,𒆠𒀀,1025
kalû,N,all; all (of it); every; lamentation-priest; orpiment; yellow paste; totality; whole,,,1025
šattu,N,year,MU MU.AN.NA MU.1.KAM MU.AN.NA.ME MU.SAG MU.SAG.LUGAL.LA,𒈬,1025
sâku,V,pound; strain; pulverize; pulverise,,,1017
šubtu,N,seat; abode; bedroom; dwelling (place); dwelling; settlement; site; altar-base,DA.GA.AN.NI,𒁕𒂵𒀭𒉌,1015
nakru,N,enemy; foreigner; strange one; strange; stranger; foreign,,,1004
manû,V,count; list; recite; continually count; charge; counting; reciting; be(come) reckoned,,,1001
qaqqadu,N,head; person; (a stone); capital; top; upper part; best part,SAG.DU SAG SAG.DU-MU SAG.DU.MU,𒊕𒁺,996
ṭābu,AJ,good; sweet; favourable; friendly; aromatic; benevolent; good thing,HI,𒄭,989
wabālu,V,carry; bring; desire; have; offer; stretch; take upon oneself; be(come) worth,,,966
waṣû,V,go out; take out; come out; driving out; emerge; release; releasing; send out,,,947
šalālu,V,carry off; take captive; be carried off; be plundered; plunder; (meaning unknown); plundering; being repeatedly carried off,,,943
kussû,N,chair; throne; seat,GU.ZA,𒄖𒍝,934
karābu,V,pray; bless; greet; greeting; praise constantly; praying; blessing; constantly bless,,,923
erēnu,N,cedar; cedar fragrance; cedar-wood,EREN EREN.NA,𒂞,917
dūru,N,(city) wall; wall; city wall; permanence; eternity; (temple) enclosure; fortress; fortification wall,BAD,𒁁,914
palû,N,reign; period of office; dynasty; symbol of office; (a symbol of authority); the sign BAL; reign (of a king); insignia of kingship,BAL BALA.A BALA,𒁄,904
tāhāzu,N,battle; battle array,,,903
qibītu,N,speech; command; prayer,,,898
lū,CNJ,either; or; whether,,,894
wāšibu,N,inhabitant; one who sits; sitting; that which is seated; residing,,,889
biltu,N,load; tax; tribute; unit; yield; package; talent; rental payment on field,GUN,,874
alpu,N,bull; ox; threatening one; a fish; cattle,GUD GUD-HI.A GUD-ME,𒄞,865
nadānu,V,give; bestow; giving; sell; confer; grant; permit; present,NA.AN.SUM.MU NU.UN.DU.SUM SUM SUM.NA,𒈾𒀭𒋧𒈬,865
awātu,N,word; order; affair(s); command; affair; case; matter; request,INIM INIM.BI INIM-MU,,861
ellu,AJ,pure; clean (person); holy; shiny; bright,KUG KUG.GA SIKIL SIKIL.LA,,861
šū,IP,he; it; that; him; this,BI TU.RA.BI,𒁉,861
aplu,N,heir; first-born; son; descendant; the sign TUR.UŠ,A IBILA,𒀀,857
balāṭu,N,life; good health; lifetime,NAM.TI.LA TI.LA DIN TI TIN,𒉆𒋾𒆷,850
ṭēmu,N,(fore)thought; good news; mind; news; instruction; decision; decisions; initiative,SAG.DIN,𒊕𒁷,839
ṣītu,N,exit; sunrise; east; loss; departure; birth; expenditure; issuance (of abscess),NIM ZI.GA,𒉏,838
qablu,N,"hips; loins; waist; centre, middle; centre; hips, middle; middle; battle",,,821
napištu,N,throat; life; breath; soul,ZI ZI-MU,𒍣,819
šallatu,N,plundered thing(s); booty; captive; despoliation,NAM.RI NAM.RA,𒉆𒊑,818
šamšu,N,sun; gold; sun-disk; golden,UTU,,814
akālu,V,eat; eating; devour; feed; hurt constantly; hurt; slope; be eaten,DU.DU,𒁺𒁺,808
mašku,N,skin; leather; hide; plant-skin; leather (bag),,,786
immeru,N,sheep; ram; a fish,UDU UDU.NITA UDU-HI.A UDU.UDU UDU-ME UDU-HI.A-ME,,784
maddattu,N,payment; tribute,,,770
idu,N,arm; side; power; wage; direction; rental; strength; handle,DA,𒁕,767
banû,V,"create; build, create; fashion; be built; be created; grow; be(come) good; be(com)ing beautiful",,,763
šammu,N,plant(s); drug; herb; grass; plant; the sign U₂; fodder; (a stone),,,758
maqātu,V,fall; perish; throw oneself; affect; die; causing to fall; collapse; defeat,,,744
nāru,N,river; watercourse; musician; canal; the sign LUL; singer,NAR,,733
rašû,V,acquire; be(come) affected by; get repeatedly; have; be(come) red; acquiring; cause to acquire; supply,TUK TUKU AN.TUKU.TUKU NA.AN.TUKU.TUKU TUK.TUK,𒌇,718
līm,NU,thousand,LIM,,714
abātu,V,destroy; destroying; be destroyed completely; be destroyed; destroy completely; collapsing; run away; escaping,GUL,𒄢,707
kīnu,AJ,permanent; true; truthful; faithful; legitimate; reliable; righteous; correct,GI GI.NA GIN,𒄀,705
issu,PRP,from; since,TA,𒋫,704
šīru,N,flesh; baby; meat; ominous part; omen in entrails; body; omen; skin,UZU UZU-BI UZU-ME UZU.BI UZU-MU UZU.HI.A,𒍜,704
sisû,N,horse; the sign SI,KUR,𒆳,703
sinništu,N,woman; wife; female; girl,MUNUS KI,𒆠,699
šaknu,N,appointee; governor; prefect,GAR GAR.KUR,𒃻,697
epāšu,V,do; doing; make; be(come) done; apply; arrange; arrangement; be(come) performed,,,694
malû,V,be(come) full; be filled; fill; be(com)ing full; be handed over; bequeath; cover; nock,DIRI,,692
ilūtu,N,godhead; divinity,,,679
šaṭāru,V,write (down); write; copy; writing; have inscribed; have written; inscribe; record,IN.SAR SAR,𒅔𒊬,677
marʾu,N,son; lord; citizen,A A-MAN DUMU DUMU-LUGAL DUMU-MAN DUMU-ME,𒀀,672
marṣu,AJ,sick; worried; difficult; invalid; patient; sick person; bitter; grievous,GIG GIG.GA,𒍼,670
annīu,DP,this,,,669
dâku,V,kill; harm; defeat; killing; beat; strike down; break; be(come) killed,GAZ GAZ.GAZ,,669
bānû,N,creator; creatrix; builder; engenderer,,,666
šaqû,V,be(come) high; exalt; stand high; give to drink; be(com)ing high; give to drink repeatedly; raising high; be(com)ing raised up,LAL NAG,𒇲,666
šiqlu,N,unit; shekel; a unit of weight; a unit of surface area,,,662
agurru,N,baked brick,,,661
iššiakku,N,city-ruler; city ruler; (a class of farmer); vice-regent (of a god); agricultural manager,,,659
qaqqaru,N,ground; (blank) space; earth; region; surface; territory; zodiacal sign; (plot of) ground,KI KI.TIM,𒆠,658
kibru,N,bank; (four) quarters of the world; the entire world; riverbank; edge; world; border; shore,,,639
manû,N,unit; a unit of weight; mina,MA MA.NA,𒈠,638
redû,V,accompany; escort; proceed; pursue; be(come) suitable; cause to flow out; be added to; bring,,,632
šuklulu,V,complete; be performed perfectly; completing; finishing; become fully formed; grant full measure of power; make perfect; perfecting,,,625
damqu,AJ,good; beautiful; favor; favorite; good fortune; kind; pretty; favourable,SIG,𒋝,624
kī,PRP,like; as; how; thus; how?; in accordance with; for; if,,,617
narkabtu,N,chariot; (the constellation Auriga),GIGIR,,616
rapšu,AJ,wide; extensive; large; widespread; broad; vast,DAGAL,,616
wardu,N,slave; servant,ARAD SAG.ARAD SAG,𒀴,613
kabtu,AJ,heavy; important; heavy one; honoured; respected; magnate; valuable; venerable,DUGUD IDIM,𒂂,612
tukultu,N,trust; support; help; safety,,,612
šūt,DET,who(m); the one who; those of; concerning; of,,,611
qû,N,flax; string; cord; unit; copper; bronze; thread; filament,GU,𒄖,610
ešertu,N,chapel; temple; group of ten; ešertu tone-scale; shrine; sanctuary; sacred area,,,606
mimma,XP,anything; all; at all; thing; whatever; any; something; everything,,,602
nīru,N,light; yoke; Yoke (on liver); part of the loom; the sign ŠUDUL₃; part of a loom,,,600
zikru,N,utterance; mention; name; pronouncement; reputation; command; speech; oath,,,597
ešēru,V,be(come) well; go straight (away); be well; guide aright; prosper; thrive; go well; advance against,NU.SI.SA SI-ME,𒉡𒋛𒊓,593
ṭuppu,N,(clay) tablet; tablet; chassis; wart; clay tablet; inscription; document,DUB IM IM.DUB GI.DUB.BA.A DUB.BA.A GI-DUB,𒁾,586
āliku,N,goer; traveler; going; one who goes,DU,𒁺,579
gerru,N,way; marching-song; lion cub; (troops on) campaign; campaign; cub; caravan; (religious) procession,KASKAL,𒆜,573
emūqu,N,strength; force; military force; power; ability; troops,,,572
pašāšu,V,anoint; anointing; rub repeatedly; rub; anoint oneself; be anointed; oil; have someone anoint,,,566
tadānu,V,give; giving; put on sale; sale; sell; pay; cause to give; collect,,,564
ammatu,N,unit; forearm; a unit of length; elbow,,,559
lawû,V,surround; besiege; embrace; wrap (up); circle around; circle; encircle; encircling,NIGIN,,558
bētu,N,house; domain; property; estate; household; room; temple; plot of land,,,554
išātu,N,fire; inflammation; lightning,IZI,,554
maṣṣartu,N,observation; guard; watch; service; garrison,EN.NUN EN.NUN.NA EN.NUN-ME,𒂗𒉣,554
kanāšu,V,bow down; bowing down; subjecting; submit; submitting; be subjected; being submissive; make bow down,,,551
halāqu,V,be(come) lost; put an end; be(come) destroyed; destroy; destroying; escape; be destroyed; be(com)ing lost,,,549
šanîš,AV,secondly; again; repeatedly; otherwise; alternatively; similarly; and also; or else,KI.MIN MIN,𒆠𒈫,546
nīqu,N,offering; sacrifice; libation,SISKUR UDU.SISKUR,,542
epištu,N,deed; work; ritual; action; treatment; sorcery; workmanship; ritual (instruction),,,541
leqû,V,take; accept; heed; take away; accepting; taking; gain; receive,TI,𒋾,541
kišādu,N,neck; bank; side; necklace; shore; neck-stone; (neck) seal,,,540
edēšu,V,be(come) new; anew; renew; renewing; be(com)ing new; (be)come new; becoming new; be renewed,GIBIL,,539
mārtu,N,daughter; girl; (young) girl,DUMU.MUNUS DUMU.MUNUS-NI GAN.MUNUS-A.NI MUNUS.DUMU DUMU.MUNUS-A.NI,,533
issi,PRP,with,TA KI,𒋫,526
mahrû,AJ,first; opponent; front; former; older; previous; previously; earlier,,,526
naqû,V,pour (a libation); pour; sacrificing; lay out; present; shed (tears); sacrifice; pouring a libation,BAL,𒁄,525
temmēnu,N,foundation; clay foundation document?; foundation document,,,525
ezēbu,V,leave; give up; abandon; cause to abandon; forsake; desert; giving up; go over,,,524
mūšu,N,night; at night; tonight; night-time,MI,𒈪,524
rūqu,AJ,distant; profound; deep; far apart; long; unfathomable; distance,,,524
šiṭru,N,(piece of) writing; song; inscription; (meaning unknown),SAR,𒊬,524
dekû,V,raise; wake up; awaken; call up; lifting; raising; remove; stir (up),ZI,𒍣,523
balālu,V,mix; be(come) mingled; mix (up); mixing up; knead; smear; coating; mixing,HE.HE HI HI.HI,𒄭,522
adanniš,AV,very much; greatly,,,519
kakkabu,N,star; evening,MUL MUL-ME UL MUL.MUL,,519
nakāru,V,be(come) different; be(come) difficult; be(come) hostile; change; be changed; clearing; be(com)ing hostile; changing,,,519
mušarû,N,(royal) inscription,MU.SAR,𒈬𒊬,517
napharu,N,total; grand total; (the) whole; all; totality; entirety,PAP NIGIN PAP.PAP SA,𒉽,515
palāsu,V,look (at); gaze; gazing; looking (at); look at; looking at; examine; face,IGI.BAR IGI,𒅆𒁇,514
naqāru,V,demolish; be demolished; scratch; be(come) ruined; demolishing; dismantling; scratching; destroying,,,513
šīmtu,N,fate; destiny; what is fixed; will,NAM NAM.TAR NAM-ME,𒉆,510
karānu,N,vine; wine; grape,,,509
uššu,N,foundation(s); (a copper vessel); nugget; foundation; foundation trench,,,509
šakkanakku,N,(military) governor; (military) general; royal title,,,509
pīhātu,N,responsibility; province; provincial governor; sector; post; governor,NAM EN.NAM,𒉆,504
mala,PRP,as much as; as many as; any; as many; whatever; such as (something) is; such as something is,,,503
šatû,V,drink; drink repeatedly; drinking; be drunk; continally drink; knot together; weave; weaving,NAG,,503
siparru,N,bronze; shackles; fetters,UD.KA.BAR ZABAR URUDU,𒌓𒅗𒁇,502
šarāku,V,present; grant; bestow; gave; give; giving; suppurate; (meaning unknown),A.MU.RU,𒀀𒈬𒊒,493
rakāsu,V,bind; attach; cover; set out; pack up; attaching; binding; establish,,,492
harrānu,N,way; road; path; campaign; journey; tool; carpenter's tool; caravan,KASKAL KASKAL-ME KASKAL-MIN KASKAL.II KASKAL.2,𒆜,491
nagû,N,region; district,,,489
rabû,N,great one; big one; adult; big unit; chairman; fast arc; main meal; nobleman,GAL GAL-ME GU.LA LU.GAL PA.PA GAL-SAG,𒃲,488
daltu,N,door,,,486
išû,V,have; having,TUKU TUK,𒌇,484
werû,N,copper,URUDU URUDA URUDU-HI.A URUDU.HI.A,𒍏,483
imēru,N,donkey; unit; part of a boat; a unit of capacity,,,481
šaknu,AJ,placed; set; located; provided with; covered; equipped; displayed; formed,GAR GAR.RA GI,𒃻,480
erbe,NU,four,LIMMU,𒐼,477
qēmu,N,flour; powder,,,477
naṣāru,V,guard; hold; watch out; observe; be on guard; be on one's guard; guarding; protect,PAP,𒉽,476
yâti,IP,me; to me,,,476
lemuttu,N,evil; misfortune; wrongdoing; wickedness,SAG.HUL.HA.ZA HUL HUL-ME MUNUS.HUL MUNUS.HUL-MU,,475
mādu,AJ,many; numerous; much; extremely; many things; significant; very; large,HI.A,𒄭𒀀,475
mahāṣu,V,beat; continually cause to beat; fight; beating; fighting; hurt?; slaughter; stab,RA RA.RA,𒊏,474
iṣṣūru,N,bird,BALAG,𒁆,473
lemnu,AJ,bad; evil one; evil; foe; unfavourable; evil (one); malicious,HUL HUL.A HUL-ME MUNUS.HUL HUL.DIDLI,,471
qanû,N,reed; reed arrow; unit; (meaning uncertain); arrow,GI GI.DUB.BA.A GI-HI.A GI-DUB,𒄀,471
paqādu,V,entrust; consigning; appoint; be(come) careful; care for; caring for; be(come) entrusted; checking,,,470
paṭāru,V,loosen; letting go; be(come) solved; cancel; clear away; relaxing; release; remove,,,470
dabābu,V,"speak; persuade; talk; talking; speak, talk; claim; litigate; recite",,,468
mīnu,QP,what?; why?; what; whatever,,,468
malku,N,prince; king; (a netherworld deity); advice; ruler,,,467
nasāhu,V,tear out; deduct; pull out; be torn out; perform (a sheep offering); removing; (meaning unknown); clear out,ZI MA SUH,𒍣,467
šû,IP,he; it,,,467
burāšu,N,(species of) juniper; juniper,LI,𒇷,465
eleppu,N,ship; boat,,,465
damqu,N,good one; finery; beautiful one; good fortune; good thing(s),,,464
sahāru,V,go around; encircle; search around; search; seek; taking care; search for; turn,NIGIN,,464
palāhu,V,fear; adoration; fearing; revering; terrify; frightening; revere; be(come) afraid,MUD,,463
kullatu,N,clay pit; totality; all; all (of); all of,KI.GAR GUL.LA,𒆠𒃻,461
māhāzu,N,shrine; cult centre; (market) town; spring,,,461
dullu,N,trouble; work; service; task; ritual; treatment,,,458
miṣru,N,border; territory,,,457
napālu,V,dig; be demolished; demolish; digging; dig out; digging out; destroying; gouging,,,455
emēdu,V,lean on; continually join together; impose; make lean on; be(come) stationary; come together; inflict; install,,,453
nabû,V,name; agree; lament; lamenting; to name; naming; call; calling,,,453
anāhu,V,be(come) tired; be(come) depressed; be(come) dilapidated; be(com)ing depressed; getting tired; be(com)ing dejected; be(com)ing tired; to trouble,,,452
šalāmu,V,be(come) healthy; deliver soundly; go well; keep safe; keep well; be(com)ing healthy; be(com)ing well; be(come) favourable,AL.SILIM GI SILIM,𒄀,452
ṣēnu,N,flock; small cattle; evil one; evildoer; sheep (and goats); evil; sheep and goats; sheep,,,452
rabû,V,be(come) big; grow; make grow; enlarge; increase; be promoted; grow up; rear,,,451
sihirtu,N,surroundings; circumference; entirety; district; all,NIGIN,,451
simtu,N,appropriate symbol; proper sign; appropriateness; characteristic; features; rank; appropriate thing; (palace) property,ME.TE,𒈨𒋼,451
ummu,N,mother; heat; fever; summer; (part of plough); (a bird); (a reed or rush rope); (summer) heat,AMA AMA-ME AMA.A AMA-LUGAL AMA-MAN,,449
aššu,PRP,because (of); as for; because; concerning; in order that; in order to; so that,,,446
eqlu,N,field; area; terrain; the sign GANA₂; land,GI.ZU.LUM.MA,𒄀𒍪𒈝𒈠,446
pūtu,N,forehead; facade; front; person; responsibility; width; front (side) of plot of land; short side (of a field),SAG SAG.KI SAG.KI-BI,𒊕,445
wašāru,V,sink down; release; loosen; be released; ignore; leave; releasing; be(com)ing free,,,443
peṣû,AJ,white; white one,BABBAR BABBAR-ME,,440
tāmartu,N,view(ing); audience-gift; spectacle; appearance; audience; visibility; inspection; audience gift,IGI.DU IGI,𒅆𒁺,438
pašāru,V,release; be(come) satisfied; be(come) soothed; reconciliation; reveal; absolve; be(come) released; releasing,BA.AN.BU.RU,𒁀𒀭𒁍𒊒,435
ai,MOD,not,,,431
ṭūbu,N,goodness; best; happiness; luck; well being,,,431
abullu,N,(city) gate; gate; city gate; portal fissure of the liver,ABUL,,428
dāmu,N,blood; bleeding; resin; sap; red wine; cedar-resin,,,428
išdu,N,foundation; foundations; base; root; position; bottom; legs,,,426
warkû,AJ,rear; intercalary; back; secondary; later,DIRI EGIR-ME KIN.DIRI EGIR,𒂕𒈨,426
warki,PRP,behind; after; afterwards; later,EGIR,𒂕,425
uznu,N,ear; attention; wisdom; intelligence; understanding; lug-handle,PI.2,,422
nawāru,V,be(come) bright; be(come) cheerful; gladness; luminosity; shine; brighten; be(com)ing bright; brightening,ZAL,,421
inūma,SBJ,when; at that time,UD,𒌓,416
kupru,N,bitumen; pitch; tar pitch,ESIR.UD.A ESIR.UD.DU ESIR ESIR.UD.DU.A,,416
eššiš,AV,anew,GIBIL,,414
igub,AJ,inscribed sign,,,414
parakku,N,cult dais; throne; (royal) dais; sanctuary; shrine; dais,BARAG,,414
kišpu,N,sorcery; witchcraft,,,413
šūt rēši,N,attendant; eunuch,,,413
elû,AJ,tall; high; upper; exalted; landed; prefixed; upper part,AN.TA AN,𒀭𒋫,405
nabalkutu,V,cross over; climb; turn over constantly; oppose; opposing; be(come) displaced; befall; bring across,BAL,𒁄,403
kaṣāru,V,tie; gather; bind up; bind; organize; put on; make a knot; to tie,,,402
ēpišu,N,doer; builder; maker; sorceror; performer; sorcerer; one who fashions; one who performs,,,399
ištaru,N,goddess,,,398
tarāṣu,V,be(come) in order; succeed; stretch out; point at; cause to stretch out; extend; be(com)ing in order; be(come) satisfactory,,,397
šeʾû,V,seek (out); search; seek; look all over; discover; looking all over; plot; keep seeking (out),KIN.KIN,𒆥𒆥,396
ina muhhi,PRP,on; incumbent on; to; at the expense of; concerning; on account of; upon; about,,,395
makkūru,N,property; possession(s),,,395
nakāsu,V,"cut, fell; cut; cut off; cut down; cutting; sever; slaughter; slaughtering",KUD,,394
būšu,N,goods; property; objects,TUR,𒌉,393
takālu,V,trust; encourage; trust in; trusting; entrust; put one's trust in; put one’s trust in; give confidence,,,392
šunu,IP,they; those; every kind,,,392
ramānu,N,self; one's own,KUR,𒆳,390
gabbu,N,totality; all; the totality; (animal's) brain; whole; every; everything,,,388
zakāru,V,speak; mention; proclaim; say; be spoken; cause to speak; speaking; invoke,MU,𒈬,385
warhu,N,the moon; month; moon; first day of month; new moon,ITU ITI ITI-ME,,384
ūmâ,AV,today; now,,,382
dārû,AJ,lasting; forever; eternal; for ever; everlasting,,,381
rēʾû,N,shepherd; (a bird),SIPA SIPAD,,381
imittu,N,right side; right; right hand; support; shoulder; (a kind of jewelry); tenancy dues; right foot,ZAG ZAG.MU ZI ZAG.LU,𒍠,380
libittu,N,mudbrick; brickwork; block; slab,,,380
ubālu,V,bring; delivery; send; argue,,,380
hadîš,AV,happily; joyfully,,,378
petû,V,open; be opened; opening; expose; let flow; revealing; be(come) opened; open constantly,BAD,𒁁,378
šumēlu,N,the left; left hand; left side; left; left one; north; left (side),KAB,𒆏,378
nawru,AJ,bright; lustrous; shining; radiant; sharp; bright (thing); clear; lit,BU,𒁍,377
irtu,N,"(a kind of song); irtu-hymn; irtu-song; tone-scale; breast; chest; edge, frontage; breast-piece of animal's harness",GABA,𒃮,376
iṣu,N,tree; wood; wooden; stick; log,,,376
danānu,N,power; force; might; strength,,,375
narāmu,N,loved one; love; beloved (one),,,374
kasû,N,"mustard; tamarind; (a spice plant); captive; mustard?; (a plant); (designation of semiprecious stone); (spice plant, phps.) mustard",GAZI GAZI.SAR,,372
kiṣru,N,knot; cohort; contingent; concentration; lump; troop; group; rental,,,372
parzillu,N,iron; (a stone or bead); 'iron stone',AN.BAR,𒀭𒁇,371
pāṭu,N,border; edge,ZAG ZAG.ZAG ZAG-MU,𒍠,371
aššatu,N,wife,DAM DAM-BI,𒁮,369
ardu,N,slave; servant,ARAD-ME ARAD,𒀴𒈨,366
parāsu,V,cut (off); keep apart; open; stop; be cut off; decide; deciding; dividing,AL.KUD,,366
dabdû,N,defeat; bloodshed,,,365
pālihu,N,reverent one; one who fears; one who reveres,MUD,,358
wâru,V,go (up to); lead; going; accessing; command; advancing (against); appoint; approach,,,356
bêlu,V,rule (over); ruling (over),,,354
annuku,IP,I,,,352
akalu,N,bread; loaf; food; unit; (a small unit of capacity); @i{akalu},NINDA NINDA-HI.A NINDA.HI.A,,350
mannu,QP,who?; whoever; each,,,349
māmītu,N,oath; curse,SAG.BA,𒊕𒁀,349
bīnu,N,son; tamarisk; sprout,,,347
nīšu,N,lifting; raising; life; (broken) oath; (oath on the) life; oath; (oath on the life); living beings,ZI MU.SAG MU MU-DINGIR,𒍣,346
attā,IP,you,,,343
kabattu,N,liver; heart; mind; mood; innards; will; inside,DUGUD BAR.ZI,𒂂,343
kāru,N,quay; (a fish); port; custom,KAR,,343
arāku,V,be(come) long; lengthening; be(com)ing long; lengthen; be(come) protracted; being long; make long; prolong,,,339
narû,N,stele; foundation document,,,339
kalbu,N,dog; a fish,UR UR.A UR.KI UR.KU,𒌨,337
tebû,V,get up; arise; be(come) erect; rise; attack; arising; raise; raising,ZI ZI.GA,𒍣,337
ṣehru,AJ,small; short; young; junior; slight; younger; low; young boy,TUR.TUR TUR,𒌉𒌉,336
KIMIN,AV,ditto,KIMIN,,335
qaštu,N,bow; archer; bow-star,MUL.PAN,,335
šaplû,AJ,lower; suffixed; lower part,KI.TA,𒆠𒋫,335
šinnu,N,tooth; ivory; blade (of tool),,,334
ramû,V,slacken; release; throw; let loose; absolving; be(come) undone; establish; throwing,,,333
danānu,V,be(come) strong; reinforce; be(com)ing strong; strengthen; make strong; making strong; prevail; strengthening,KAL,𒆗,332
ebēru,V,cross over; cross; bring across; crossing; extend; paint (the face); painting the face; bringing across,BAL,𒁄,332
qerēbu,V,be(come) close; come near; approach; bring; be presented; bringing; present; put near,KU.NU,𒆪𒉡,332
šiddu,N,length; curtain; side; line; ribbon?; bank; district; long side,,,332
etēqu,V,go past; move along; pass; proceed; allow to pass; averting; be gone through; crossing,DIB,𒁳,329
labāru,V,be(come) old; last a long time; endure; last long; lasting long; live long; make long-lasting; reaching old age,SUMUN,,328
šanû,V,do twice; compete; report; repeat; be(come) changed; change; changing; double,MAN,,328
liwītu,N,packaging; circumference; frame; enclosure; environs; area; limits; entourage,,,325
našāqu,V,kiss; kissing; make kiss; keep kissing,,,325
ubānu,N,finger; Finger (on liver); Finger (on lung); unit; finger?; toe; (a small cucumber); finger's breadth,U SI,𒌋,325
ištēniš,AV,together; completely; equally; at the same time,UR.BI,𒌨𒁉,324
ištēn,NU,one; first; single; first one,,,323
erābu,V,enter; bring in; bringing in; come in; entrance; entry; occultation; entering,,,322
bēru,N,double hour; league; unit; mile; selected one; a unit of time,DANNA,,321
maḫru,N,front; X; before; past (time),IGI,𒅆,321
sahāpu,V,envelop; overwhelm; enveloping; overturn; overwhelming; covering; be overwhelmed; cause to overwhelm,,,321
šaṭru,AJ,written; copied,GUB AB.SAR SAR,𒀊𒊬,319
ebbu,AJ,bright; pure; clean; clear; clean (garments),DADAG,,315
raṣāpu,V,build; erect; erecting,,,315
ittu,N,sign; peculiarity; characteristic; ominous condition; portent; written proof; agreed point; part of a garment,GISKIM GISKIM.BI GISKIM-ME,,314
šarāpu,V,burn; ignite; burning,,,312
anhūtu,N,tiredness; dilapidation; dilapidated section(s),,,307
gīru,N,fire(-god); fire,,,307
minnabu,AJ,sign two times,,,307
zumru,N,body; person; interior,SU SU-MU ZU-MU,𒋢,307
ēkurru,N,temple; chapel; sanctuary,,,307
lipiu,N,(animal) fat; pith; tallow; marrow,,,306
šittu,N,sleep; excrement; remnant; rest; remainder; (a kind of meat); leftovers,,,305
ikribu,N,prayer; blessing,,,304
mâtu,V,die; kill; put someone to death; to die,GAM GAM-ME,𒃵,304
ahāzu,V,take; find; grasp; seize; cause to take; learn; learning; set fire to,,,303
artu,N,branches; foliage; leaves; branch,PA,𒉺,302
labīru,AJ,old; original (tablet); original; previous; earlier,SUMUN LIBIR.RA TIL,𒌀,302
nūnu,N,fish; the sign NUN,,,301
parṣu,N,office; ordinance; rite; ritual; divine powers; (cultic) ordinance; cultic regulation; rites,GARZA,,301
edû,V,know; be aware; make known; knowing; identify; knowledge; causing to know; making known,ZU ZU.ZU,𒍪,300
šebû,V,be(come) full; be(come) sated; satisfy; be(come) full (of); be filled; be(come) satisfied; be(com)ing full; be(coming) satisfied,,,300
ṣerru,N,snake; socket for doorpost; enmity; snake fish,,,300
mamman,XP,somebody; anyone; whoever; anybody; nobody; any; some,,,299
bāšû,AJ,existing,,,295
gušūru,N,tree-trunk; beam; log,,,295
itû,N,boundary; around; edge; border; all around; alongside; side,,,295
šeʾu,N,barley; grain; the sign ŠE,,,294
šâšu,IP,him; (to/of) him; that,,,294
igāru,N,wall; side of a boat; side of boat; (meaning uncertain),IZ.ZI,,293
sissû,N,horse,KUR KUR.RA,𒆳,293
zāninu,N,provisioner,,,293
lītu,N,cow; victory; cattle; power,,,291
uqnû,N,lapis lazuli,,,291
šasû,V,shout; raise one's voice; buzz continually; call out; cry out; read aloud; be called out; continually shout,,,291
šanû,AJ,(an)other; second; the other; alternatively; deputy; different; another; strange,,,290
kalû,V,hold (back); hang on; stop; withhold; cease; linger; detain; holding (back),GUL,𒄢,289
ṭiābu,V,be(come) good; make good; pleasing; be(come) agreeable; being agreeable; be(come) satisfied; (thing) made good; being good,,,289
labāšu,V,clothe oneself; being clad in; put on; clothe; coat; don; be clothed; clothing oneself,,,288
namāšu,V,set oneself in motion; setting oneself in motion; set (one self) in motion; set (oneself) in motion; set (o.s.) in motion; set out,,,288
šurmēnu,N,cypress,,,288
tabāku,V,pour (out); heap up; pile up; spill out; discard; pouring (out); spill; pouring out,,,286
ṣehru,N,small one; child; boy; girl; slow arc; small unit; (time of) youth; childhood,TUR TUR.RA,𒌉,286
lapāni,PRP,in front of; from before; before; by; from; on account of,,,285
kišittu,N,achievement; conquest; booty,KUR,𒆳,283
ṭehû,V,be(come) near; approach; come near; present; be(come) near to; come close; approaching; to approach,TE,𒋼,283
patānu,V,dine; dining; be(come) strong; be(com)ing strong; make strong; strengthening; become strong,,,280
riksu,N,binding; task; band; cosmic bond; knot; ritual assemblage; contract; joint,DUR,,280
maštakal,N,(an alkaline plant); (a soapwort),,,279
muḫḫu,N,skull; cranium; X; brain; head; on,UGU UGU-MU,,279
zikaru,N,male; boy; man,NITA,,279
šâlu,V,ask; ask one another; rejoice; ask oneself; interrogate; asking; ponder; question,,,279
rabiu,N,big one; magnate,GAL-SIMUG.KUG.GI,,278
nêru,V,kill; killing; striking; strike,GAZ RA,𒊏,277
agû,N,tiara; crown; wave; flood; corona; round axe; ax; corona (of planet),AGA A.GA,𒀀𒂵,275
kalāma,N,all (of it); anything; everything; any; whole; everywhere,,,275
dīnu,N,legal decision; judgment; case; lawsuit; judgement; sentence; trial; (legal) case,DI,𒁲,274
urhu,N,way; path; road; month,ITI,,273
našû,AJ,lifted; bearing; carrying; holding; carried; imbued with; imbued; lifting,,,272
kikû,N,the sign KI,,,271
kukuru,N,(an aromatic tree); (an aromatic product from the tree); (an aromatic plant),,,271
musukkannu,N,Magan-tree; Dalbergia sissoo,,,271
haṭṭu,N,stick; scepter; sceptre; staff,GIDRU PA.PA,𒉺𒉺,270
magāru,V,consent; agreement; give up; reconcile; yield; cause to agree; accept; be(com)ing favourable,,,270
waklu,N,overseer,UGULA,,269
kittu,N,steadiness; justice; righteousness; truth; loyalty; reliability; stability; true words,GI,𒄀,268
šukkallu,N,(a court official); minister; secretary; superintendent; vizier,SUKKAL,,268
bāru,N,the sign BAR,,,267
šāru,N,wind; spirit; flatulence; breath; cardinal point; unit; (meaning unknown); direction,IM,𒅎,267
ṭābtu,N,goodness; salt; good intent; favour; friend,MUN EN-MUN EN-MUN-HI.A MUN-HI.A,,267
sanāqu,V,"check; bother; control; check, approach; approach; come near; creep up on; interrogating",,,266
adû,N,(day's) work; leader; a (day's) work; (treaty-)oath; treaty,,,265
dišpu,N,honey; syrup,,,265
qamû,V,burn (up); burning (up); burning up; be burned up; cause to burn; burn,,,265
barû,V,see; look at; perform extispicy; check; observing; oversee; remain visible; collate,,,264
dārītu,N,perpetuity; eternity; everlasting,,,264
nadû,AJ,placed; laid down; twisted; abandoned; lying (down); thrown; containing; fallow,,,264
qarnu,N,horn; prow; horn-shaped drinking vessel,SI,𒋛,264
eqû,V,anoint; apply; daub; smear; paint; rub repeatedly; smearing on,MAR,𒈥,263
puluhtu,N,fear(someness); terror; fear; awesomeness; reverence,,,263
līmu,N,eponym (of year),,,262
pahāru,V,gather; assemble; assembling; gathering; to gather; collect,NIGIN,,262
ū,CNJ,or,,,262
šiknu,N,act of putting; appearance; nature; deposit; extent; form; (characteristic) nature; sediment,,,261
dagālu,V,see; await; look at; look; seeing; entrust; make subject to; make watch,,,260
eperu,N,earth; dust; dush; dirt; (loose) soil; mortar; ore,SAHAR SAHAR.HI.A SAHAR-HI.A SAHAR.BI,,260
bēl pīhāti,N,provincial governor; governor,EN.NAM,𒂗𒉆,259
napāhu,V,blow; shine; blowing; light up; light; appear; be blown upon?; continually light up,KUR,𒆳,259
abālu,V,dry (up); dry (up) constantly; dry out; drying up; bring; send,,,258
dumqu,N,"goodness; well-being; best; bounty; good (thing); welfare; goodness, good (thing); good will",,,258
eṭlu,N,young man; man; manly; manly one,KAL,𒆗,257
qiāšu,V,give; bestow; bestow on; grant; giving; to donate; present; presenting,BA,𒁀,257
suluppu,N,date; date fibre,,,257
šī,IP,she; that; this,BI,𒁉,257
mūšabu,N,dwelling; residence; seat; site,,,255
asīru,N,captive; prisoner of war,A.SI.A.RUM A.SI.RU A.SI.RU.UM A.SI.RUM,𒀀𒋛𒊒,254
udû,V,know,ZU,𒍪,253
annurig,AV,now,,,251
sāmu,AJ,"red; flushed; red, brown one; red, brown; red?",,,250
ša qāti,PRP,under the authority of,,,249
puhru,N,assembly; temple assembly; assemblage; totality; (a tool); army,UKKIN UKKIN.NA,,248
kitû,N,flax; linen; linen garment; linen cloth,GADA,,246
râmu,V,love; be loved; make love; loving; present to; endow; to love; constantly love,,,245
šaptu,N,lip; word; crest (of a wall); crest; bank; edge,,,245
ayyābu,N,enemy,,,244
ṭupšarru,N,scribe,DUB.SAR A.BA A.ZU,𒁾𒊬,244
nisiqtu,N,selection,,,243
nērebu,N,entrance; (mountain) pass; entering; pass,,,242
lišānu,N,tongue; news; blade; language; (commercial) relation; report; speech; rumour,EME EME-MU,,238
malû,AJ,full; filled; filling; covered; completed; (meaning uncertain),,,238
rīštu,N,rejoicing; celebration; joy; delight; exultation,,,238
hīpu,N,break(age); broken place; gully; break,GAZ,,237
purussû,N,decision; verdict; (legal) decision; verdict by gods,,,236
ṣulūlu,N,roof; protection; shelter; shade; crown (of a tree),,,236
dadmū,N,villages; inhabited world; settlements; dwellings,,,234
rēmu,N,womb; compassion; mercy,,,234
arku,AJ,long,,,233
kaššaptu,N,sorceress; witch,,,233
ṣubātu,N,"textile; garment; towel; bark; cloth; clothing; cortex? of palm tree; textile, garment",,,233
warādu,V,go down; come down; bring down; leave; descend; coming down; descending; send down,,,232
šuršu,N,root; foundations,,,232
lapātu,V,touch; fondle; trouble; allow to touch; anoint; smear; destroy; affect with,TAG.TAG TAG TAG-ME TAG.GA,𒋳𒋳,231
papāhu,N,cella; reception room,,,230
kayyānu,AJ,constant; constantly; regularly; steady; constantly present; normal; regular; permanent,,,229
ṣiātu,N,distant time; commentary; commentary (on words excerpted from text); (scholastic) explanation; eternal,UL UL.LA,,229
nību,N,"naming; name, number; number; numbering; small piece?; small piece; name; amount",MU,𒈬,228
šaʾālu,V,ask,,,228
niṣirtu,N,treasure; secret; fortress; hypsoma; protection; secluded place,,,227
sattukku,N,regular deliver; regular offering; regular delivery,,,227
pagru,N,body; carcass; corpse; self,ADDA,,225
nibītu,N,naming; invoked; (one) nominated by; invocation; name,,,224
retû,V,drive in; hang; insert; fix; stare; to drive in; driving in; constantly install,,,223
dannūtu,N,strength; fortress,,,222
ekēmu,V,remove; take away; taking away; removing; carry away,KAR,,222
ezzu,AJ,furious; fierce; angry; violent; raging,,,222
migru,N,consent; favorable one; favorable; contentedness; favourite; initiative,,,222
birtu,N,fort; riffraff; fortifications,,,221
gabadibbu,N,parapet,,,221
mašmaššu,N,incantation priest; exorcist,,,221
parû,N,mule,,,221
hašālu,V,crush; crushing; pounding up; be crushed; make crush,GAZ,,220
šiāmu,V,fix; decree; be decreed; be determined; determine; destine; determining; decreeing,,,220
akī,PRP,"as; like; with; as, like; in accordance with; when; that; how",,,219
kīam,AV,so; thus,,,219
mīlu,N,high water; flood; high waters; flood(ing),A.ZI.GA ILLU ILLU-ME A.KAL,𒀀𒍣𒂵,219
rīmu,N,wild bull; residence; (stone) bull,AM AM.AM,,218
tarmuš,N,lupin; lupine,,,218
mehretu,N,opposite side; equal to; front; instead of; opposite; in front of; towards,GABA.RI,𒃮𒊑,217
ṣullû,V,beseech; beseeching; constantly beseech; supplicate; pray to,,,217
biātu,V,"spend the night; stay overnight, spend the night; stay overnight; let stand overnight; spending the night",,,216
lubuštu,N,clothing; garment; covering; robe,,,216
nakkaptu,N,brow; temple,SAG.KI,𒊕𒆠,214
pīru,N,elephant,AM.SI,,214
bibbu,N,planet; (a designation of plague); (a kind of wild sheep); wild sheep; herd; livestock,UDU.IDIM,,213
lamassu,N,(female) tutelary deity; protecting goddess; good fortune; protective spirit; (a type of sphinx),KI.TI.LA,𒆠𒋾𒆷,213
šarratu,N,queen,,,213
pīlu,N,limestone,,,212
tību,N,arousal; bulge; attack; onset; rising; throbbing; aggression; rising of an object,ZI ZI.GA,𒍣,212
watāru,V,be(come) outsize; make excessive; increase; be(come) greater; do to excess; exaggerate; exceed; increasing,DIRI,,212
šina,NU,two,MIN,𒈫,211
hīṭu,N,error; penalty; sin; crime; guilty person; punishment; fault; harm,,,209
šalāšī-,AV,thrice; three time; three times,,,209
ziqqurratu,N,ziggurat; ziggurrat,,,208
dayyānu,N,judge,DI.KUD,,207
erbu,N,income; entrance; gifts; (sun)set; duty; sunset,,,207
pāhutu,N,responsibility; governor; province,NAM EN.NAM,𒉆,207
kirû,N,(fruit) plantation; garden; orchard; date-grove,,,206
lagabbu,N,the sign LAGAB; lump; the LAGAB sign,,,206
nīnû,N,(a medicinal plant); mint; Ammi?,KUR.RA,𒆳𒊏,206
sakāpu,V,push down; push away; rest; lie down to rest; lie down; overthrow; pushing down; resting,,,206
uṭṭatu,N,barley; grain; unit; seed; 1 grain (as unit of weight); edible grain; (a unit of capacity),KU.KU,𒆪𒆪,206
dīktu,N,fighting; defeat; slaughter,,,205
littūtu,N,(extreme) old age,,,205
šâtunu,IP,those,,,205
ṭīdu,N,clay; mud,IM,𒅎,205
qištu,N,forest; hair; wood,GIR.TIR,,204
lumnu,N,evil; misdeed; bad (state); evil action; evil deed,HUL,,203
naparšudu,V,flee; fleeing; escape repeatedly; escape; escaping; fall into desuetude,,,203
ušû,N,ebony; diorite; the sign EŠ,,,203
melemmu,N,fearsome radiance; aura; healthy glow,,,202
šallatiš,AV,as booty,,,202
apālu,V,pay; reply; answer; answering; satisfy; stand in for; answering one another; fulfill,,,200
birītu,N,space between; dividing baulk; middle part; fetter; alley; between,DAL.BA.AN.NA DAL.BA.NA,,200
šamû,V,hear; inform; listen to; be(come) heard; hearing; keep listening to; make known; make someone hear,,,200
šunūti,IP,them; those; these,BI,𒁉,200
karāšu,N,catastrophe; devastation; disaster; military camp; army; campaigning army; expeditionary force; military forces,,,199
rašādu,V,found; establish firmly; laying foundation; 'lay' foundation; establishing firmly; fasten securely; fastening securely; lay foundations of,,,199
ultu,PRP,from; after; since,TA,𒋫,199
appu,N,nose; top; beak; tip; crown of tree; levee; peak,,,198
inbu,N,fruit; charm; passion; pleasure; bulb; flower; sexual appeal,GURUN,𒄧,198
walādu,V,give birth; giving birth; give birth (to); create; engender; giving birth (to); produce; give birth to,,,198
patru,N,sword; knife; dagger,,,197
qarrādu,N,hero; warrior; warlike,UR.SAG,𒌨𒊕,197
qinnu,N,nest; family; clan; den; (meaning uncertain),,,197
sikkatu,N,peg; (a serious illness); yeast?; cone; plowshare,GAG,,197
šadādu,V,drag; draw; stretching; survey; endure; fetch; hang; put up with,,,197
murṣu,N,illness; illnes; grief,GIG GIG-BI,𒍼,196
uṣû,V,go out; bring out; come out; departure; hatching; bring up; bringing out; coming out,,,196
zanānu,V,rain; provide; providing; provision; raining; provisioning; to rain; make rain,SUR,𒋩,196
šapāku,V,heap up; pour on; be(come) constantly poured out; insert; be piled up; pile up; pour; pour out,DUB.DUB,𒁾𒁾,196
šuttu,N,dream,,,196
kisallu,N,court; forecourt; courtyard; fourecourt,KISAL,𒆦,195
mukinnu,N,witness; establisher; one who confirms; one who firmly establishes; one who lays out (plans),,,195
labāriš,AV,in an old way; to become old,,,194
šārtu,N,hair,SIKI,,194
ṣillu,N,shade; protection; shadow; (dark spot on eye); reflection; canopy on boat; awning; shelter,GISSU,,194
māšu,N,twin; twin-brother; twin (brother/sister); (a plant); twin brother/sister; female twins; male twins; twins,,,193
nēšu,N,lion,UR.MAH UR.A-ME UR.MAH-ME,𒌨𒈤,193
pēthallu,N,equid; cavalry; mounted soldier; riding horse,BAD-HAL,𒁁𒄬,193
ruššû,AJ,red,,,193
warû,V,lead; bring up; guide; leading; take; guiding; begin action against; bring,,,193
līpu,N,descendant,,,192
nūru,N,light; nūru-hymn; daybreak; daylight; lamp,ME,𒈨,192
tīlu,N,(ruin) mound; (a fish); mound,DUL,,192
unūtu,N,tools; equipment; utensil; furnishings; merchandise; utensils; vessels,,,192
antallû,N,eclipse,AN.MI,𒀭𒈪,191
huršānu,N,mountain(s); summit(s); mountain,,,191
tamāhu,V,grasp; attach; grab; grasping; make grasp; make someone grasp; making someone grasp,,,191
šizbu,N,milk,GA GA-BI,𒂵,191
ebūru,N,summer; harvest; seed(-corn),,,190
rīqu,N,aromatic substance; aromatic sustance,,,190
eššu,AJ,new; fresh,GIBIL,,189
gērû,N,opponent; enemy,,,189
pitqu,N,casting; mud wall; cast metal; brickwork; cast metalwork; cast; creation; refining process,,,189
sahliu,N,cress; (a cultivated plant),,,189
ṣibtu,N,interest; seizure; grasp; Increment (on liver); affliction; (a tax on cattle); processus papillaris; (meaning unknown),DAB,,189
ahāmiš,RP,one another,,,188
awīlūtu,N,humanity; mankind; human being; people; servants; person,,,188
kabāsu,V,tread; infringing (a taboo); flatten; trample; tread on; blinking?; stamping out; treading,ZUKUM,,188
māgiru,N,submissive one; agreeable one; submissive; that which is submissive; one who accepts,,,188
šaqû,AJ,high; tall; given to drink; weeping; elevated; sublime; irrigated; lofty,NIM NAG,𒉏,188
enna,AV,now,,,187
hubtu,N,robbery; (human) captives; booty; plunder; captives,KUR,𒆳,187
zaqāpu,V,fix upright; erect; plant; make (hair) stand on end; fixing upright; erecting; planting; attack,,,187
ṭabtu,N,salt,MUN,,187
gamāru,V,bring to conclusion; give in full; complete; be finished off; destroy; finish off; finishing off; assemble,,,186
kullu,V,hold; remember; contain; retain; care for; holding; maintain; suffer from,,,186
šanānu,V,equal; pretend to be equal; rival; be comparable with; be rivalled; compete with severally; rivalling; equalling,,,186
šattišamma,AV,year by year; yearly,,,186
diqāru,N,large bowl; tureen; pot; vase; cooking pot,,,185
epšu,AJ,made; do; performed; built; settled; acting; done; treated,,,185
sapānu,V,flatten; flattening; overwhelm; overwhelming; making flatten; wiping out; devastate,,,185
kullumu,V,show; showing; reveal; teaching; disclose,,,184
sūqu,N,street,SILA,,184
gišimmaru,N,date palm; the sign ŠA₆; type of tool?,,,183
nabnītu,N,creation; creatures; physique; form; shape; progeny,,,183
tamlīu,N,filling; terrace; fill; infill; inlay,,,183
ummiānu,N,craftsman; expert; master; scholar; specialist; investor,UM.ME.A,𒌝𒈨𒀀,183
adāru,V,be(come) dark; be(come) gloomy; be(come) afraid (of); be(come) eclipsed; fearing; frighten; worry continually about; be(come) afraid of,,,182
mīnu,N,number,,,181
šūši,NU,sixty,,,181
napû,V,"sieve; sifting; to sieve, sift",SIM,,180
wardūtu,N,slavery; status of slave; status as slave; servitude; sevitude; vassalage,,,180
atâ,QP,why?,,,179
atāʾišu,N,(a plant); white hellebore,KUR.KUR,𒆳𒆳,179
nâhu,V,rest; be at peace; appease; calm down; calm; calming; come to rest; (meaning unknown),,,179
ṣalmu,AJ,black; dark; turned black,RU MI,𒊒,179
naʾdu,AJ,attentive; praised,,,178
eršu,N,bed; wise one,,,177
katāmu,V,cover; obscure; closing; covering; be(come) constantly overwhelmed; overwhelm; covering tightly; close,,,177
nāṣiru,N,guard; guardian; watcher; one who guards,,,177
pašāhu,V,cool down; find peace; relieve oneself; calm down; cause to rest; causing to rest; pacify; achieve peace,SED,,177
qurādu,N,hero; warrior,UR.SAG,𒌨𒊕,177
rapāšu,V,be(come) broad; increase; spread wide; be(com)ing very wide; be(come) wide; expand; expanding; widening,DAGAL,,177
nêšu,V,live; recover,,,175
rahāṣu,V,flood; wash; trample; devastate; devastating; trampling; flooding; overwhelming,RA,𒊏,175
taskarinnu,N,box tree; boxwood; box wood; box-tree,,,175
ušburrudû,N,ritual to dispel sorcery; ritual to undo witchcraft,,,175
zunnu,N,rain,A.AN,𒀀𒀭,175
ina libbi,PRP,in; into it; with; from out of; against; among; by; for,,,173
mazzāzu,N,position; footboard; Station (on liver); socle; sockle; one who is stationed; station,KI.GUB NA-BI NA,𒈾𒁉,173
damāqu,V,be(come) good; make beautiful; prosper; be(com)ing good; improving; make acceptable; making better; be(come) propitious,,,172
rēštû,AJ,"first; prime; first-born; high-quality; first, first-class; foremost; prime quality; first quality",SAG,𒊕,172
enû,V,change; changing; retract; revoke; be(come) altered; replace; revoking; be altered,BAL,𒁄,171
muṭṭu,AJ,reduced; reduced (appetite),LAL,𒇲,171
šuburru,N,rump; anus; bottom of a field; buttocks,,,171
nakru,AJ,strange; alienated; refusing; hostile; enemy; foreign,,,170
qardu,AJ,valiant; heroic; heroic (one); valliant,,,169
tiklu,N,help,,,169
tamhāru,N,battle,,,168
zikaru,AJ,male; man,MI NITA,𒈪,168
šerʾānu,N,vein; sinew; artery; blood vessel; tendon; muscle,SA SA.HI.A IG.LU,𒊓,168
bīrtu,N,fort,,,167
maškanu,N,place of putting; location; pledge; threshing floor; fetters; settlement; place; site,,,167
haṭû,V,do wrong; neglect; commit crime; sinning; be neglectful; commit; violate; wrongdoing,,,166
mār šipri,N,messenger,,,166
nišē,N,people,UN-ME,𒌦𒈨,166
rabāku,V,boil down; decoct; stir,,,166
ayyaʾu,N,the sign A,,,165
balu,PRP,without; besides; apart from,NU,𒉡,165
mahīru,N,price; business; market; profit; trade; exchange rate; market price; rate,GANBA KI.LAM,𒆠𒇴,165
qatû,V,come to an end; complete; finish; bring to an end; cease; complete (its course); destroy; ending,TIL AL.TI AL.TIL,𒌀,165
rēṣūtu,N,help; assistance,,,165
šeriktu,N,present; dowry,,,165
akītu,N,(a cultic festival); (a festival temple); festival house,,,163
labānu,V,spread; stroke; stroking; spreading; reinforcing; spreading out (mud to make) mudbricks; spreading out (mud to make bricks); have bricks made,,,163
gammalu,N,camel,,,162
hidiātu,N,joy,,,161
mīšaru,N,justice; righteousness,,,161
annaku,N,tin; 'tin stone'; lead,AN.NA,𒀭𒈾,160
awû,V,speak; reflect; talk about; talk; ponder; speaking; think about; swear,,,160
līmu,NU,thousand; thousand times,,,160
ramāku,V,bathe; bathe in; steep; bathing; bathe constantly; wash oneself; wash; bathe oneself,,,160
supû,N,prayer; supplication; (meaning uncertain),,,160
uttû,N,the sign UD,,,160
šēru,N,morning; dawn; song; šēru-string; in the morning; morning star; (a musical interval); morning (meal),KIN.NIM A.KU.ZE.EN.GA,𒆥𒉏,160
habātu,V,wander; rob; plunder; robbing; wandering; plundering; clear away; decay,,,159
herû,V,dig; excavate; digging; make dig,,,159
uzuzzu,V,stand; station; be(come) present; setting up,,,159
eššūtu,N,newness,,,158
rittu,N,hand; branch; claw; installment; palm; wrist; handle; part of a plow,,,158
ṣippatu,N,fruit orchard; (a kind of reed); (pine-)cone; metal or alloy; (a stone); (a vegetable); fish-bone,,,158
ṣīt šamši,N,sunrise; east,,,158
birīt,PRP,between; within,,,157
lalû,N,plenty; (sexual) charms; attraction; desire; pleasure; pleasures; delight; the sign LA,LA,𒆷,157
rēʾûtu,N,shepherdship; group of shepherds,,,157
šigaru,N,wooden clamp; doorbolt; clamp; door lock; (wooden) clamp; (neck-)stock,SI.GAR,𒋛𒃻,157
bēl āli,N,city ruler; city lord,,,156
DÙ.DÙ.BI,N,ritual (instructions),,,156
kīniš,AV,reliably; righteously; genuinely; truly,,,156
patāqu,V,drink; shape; cause to mold; cast; create; mould; form; forming,,,156
zaʾānu,V,be adorned; adorn; be(come) adorned; decorating; adorning; spattering; cover; decorate,,,156
šalmu,AJ,intact; well; complete; favourable; healthy; prosperous; whole; true,SILIM SILIM.MA DI,𒁲,155
ašarēdu,N,first and foremost one; pre-eminent one; leader; official,SAG.KAL SAG,𒊕𒆗,154
kitru,N,help; ally; auxiliaries; auxiliary force; reinforcements; aid; (meaning uncertain),,,154
lâšu,V,knead; kneading; lick?; licking?,,,154
memmēni,XP,somebody; any; anybody; anything; some; something,,,154
mālaku,N,walk; procession?; route; river-bed; way; course; march,,,154
mūdû,N,knower; acquaintance; initiate; one who is familiar; expert; wise one; knowing; known,,,154
zikurudû,N,cutting of life; (type of evil spell); 'cutting-of-the-throat' magic,,,154
ḫimētu,N,butter; ghee,,,154
batāqu,V,cut off; cut; cutting off; split open; tear off; blocking; divide; be cut off,,,153
mala,REL,as much as; whatever; as many as; everything; everything that,,,153
nuhšu,N,abundance,,,153
tabālu,V,take away; carry away; disappear; carry off; taking away; cause to take away,,,153
tanittu,N,(hymn of) praise; praise,,,153
elēnu,AV,"above; above, over; upwards; beyond; in addition to; concerning; over; upstream of",AN.TA,𒀭𒋫,152
hūdu,N,happiness; joy,,,152
naṭālu,V,look; face; looking; see; be(come) visible; seeing; watch; (be able to) see,IGI,𒅆,152
têrtu,N,instruction; message; assignment; directive; liver; office; omen; extispicy,KIN,𒆥,152
û,N,grain; the sign U₂; nourishment; the sign U,,,152
šūquru,AJ,very valuable; very dear; precious; holding in high esteem,,,152
rību,N,earthquake; trembling; setting; disappearance; sunset; west; vessel; (a vessel),,,151
tarbaṣu,N,"animal stall; halo; (an ominous feature of the liver); lunar halo; cattle pen; pen (for cattle, rarely for sheep and goats, horses); courtyard; enclosure",,,151
annu,N,(word of) consent; promise; approval; (a word of) consent; yes,,,150
askuppu,N,(threshold) slab; threshold; (a threshold) slab,I.DIB,𒄿𒁳,150
eliš,AV,above; pertaining to the source language; aloud; higher value; upwards,AN.TA,𒀭𒋫,150
martu,N,gall bladder; gall; bile; envy,,,150
tupšikku,N,brick-carrying frame; earth-carrying basket; work basket; hod (for carrying bricks); corvée labour; corvée work; corvée,,,150
tû,N,incantation(-formula); incantation-(formula); spell,,,150
būlu,N,animals; cattle; livestock; wild animals,,,149
eṭemmu,N,ghost,GIDIM GIDIM.MA,𒄇,149
tamšīlu,N,image; likeness; equivalent; (a bird); replica,,,149
zaqāru,V,project; build high; building high; protrude constantly; projecting; build (very) high; build very high; building,,,149
dannatu,N,fortress; difficulty; distress; hard place; strong one; building plot; fortified (place); cold weather,MUNUS.KALA.GA,,148
adû,AV,now,,,147
ammar,REL,as much as; as long as; as many as; than; whatever; everything,DUMU,,147
hengallu,N,plenty; yield; prosperity,,,147
marû,AJ,fattened; Sumerian verbal tense; imperfective,,,147
milku,N,advice; counsel; wisdom; intelligence; decision; plan; resolution; sense,GALGA,,147
warqu,AJ,yellow-green; pale; yellow; pale or discolored skin; yellow one; green; greenery; greens,,,147
hašû,N,lung(s); thyme?; thyme,MUR MUR.RA HAR.HAR,,146
laššu,V,(there) is not,,,146
mūtu,N,death,,,146
sapāhu,V,"scatter; be scattered; scatter, disperse; scattering; squander; squandering; dispersal; disperse",BIR AL.BIR,,146
tabrītu,N,appearance; (astonished) gaze; (nocturnal) vision; admiration; vision,,,146
uṣurtu,N,drawing; Design (on liver); design; plan; (cruciform halo); (lunar halo); line drawing; ground-plan,,,146
ana maḫar,PRP,before,,,145
dabābu,N,talk; speech; report; wording,,,145
mētequ,N,route; passage; course,,,145
rabîš,AV,greatly; magnificently; solemnly,,,145
birmu,N,multicoloured cloth; multicoloured trim,,,144
erû,N,eagle; grindstone; millstone; copper; 'copper stone'; lion; molar; bronze,URUDU KINKIN URUDU-ME,,144
kūru,N,(a medicinal plant); depression; torpor; numbness; (part of a reed); log; kiln; the sign KUR,,,144
paššuru,N,table; offering table; dining tray,,,144
rigmu,N,voice; cry; sound; call; clamour; clamor; noise; wailing,,,144
tarṣu,N,extent; time; before; at the time of; opposite; reign; towards,,,144
warkatu,N,rear; background (facts); assistant; estate; rear side; end; the sign EGIR; backside,A.GA EGIR EGIR-BI,𒀀𒂵,144
šangûtu,N,priesthood; priestly duties; priestly office,,,144
šarāhu,V,take pride in something; take pride in; indulge; make oneself splendid; make splendid; taking pride in; being glorified; constantly be proud,,,144
šēdu,N,protective deity; (a demon); protective spirit; luck,,,144
būru,N,"(a type of song); būru-hymn; (bull) calf; cistern; source; cistern, well, pool; foal; well",AMAR,𒀫,143
dibbī,N,words; matters; (legal) case,,,143
niphu,N,(the act of) lighting; lights; rising; ambiguous omen; anger; blazing up; last visibility; sunrise,IZI.GAR KUR,𒆳,143
pašāṭu,V,erase; erasing; efface; obliterate,,,143
šapliš,AV,below; pertaining to the target language; downwards; lower value; downward(s),KI.TA,𒆠𒋫,143
ūmišam,AV,daily,,,143
kaššāpu,N,sorceror; sorcerer; warlock,,,142
maṣû,V,correspond; be(come) able; be(come) suitable; make attain; match; be(com)ing available; strive; corresponding,,,142
mār šarri,N,crown prince,DUMU-LUGAL DUMU-MAN,,142
rāʾimu,N,one who loves,,,142
wašbu,AJ,inhabited; sitting; resident; dwelling; living; seated; present,,,142
arnu,N,guilt; fault; sin; punishment; transgression,NAM.TAG.GA.BI NAM.TAG.GA,𒉆𒋳𒂵𒁉,141
kasû,V,bind; bind constantly; be bound; be(come) bound; binding; paralyse constantly,,,141
mesû,V,wash; purify; washing; wash oneself; purifying; wipe away,LUH,𒈛,141
šamāmū,N,heavens; sky,MU,𒈬,141
ašnugallu,N,alabaster; ašnugallu-snake,,,140
balṭūtu,N,state of being alive,,,140
kapādu,V,plan; plot; planning; to plan; make plan; persuade,,,140
nēmequ,N,wisdom; wise,,,140
aššu,SBJ,because; if; because of; for the sake of; as in; concerning; because (of); as soon as,MU,𒈬,139
gunû,AJ,sign with added strokes,,,139
magru,AJ,willing; favorable; friendly; agreeable; favourable; favoured; agreed,,,139
perʾu,N,bud; descendant(s); shoot; leaf; offspring,NUNUZ,𒉭,139
ṣīru,N,exalted one; (carpenter's tool); (a carpenter's tool); (meaning unknown); envoy; emissary,MAH,𒈤,139
gimillu,N,requital; reward; favour; favor; avange; friendly deed; compassion,,,138
ina pān,PRP,before; in front of; in the presence of; at the disposal of; in charge of; in the service of; on; to,,,138
karšu,N,stomach; heart; mind; interior,,,138
wapû,V,be(come) visible; be made manifest; cause to appear; appearing; make glorious; proclaim; reveal; showing,,,138
šâtu,IP,that; him; that same,,,138
mahru,AJ,that can be faced; encountering; equal; received; receiving; (s.th.) that can be faced; that which can be opposed; (something) that can be faced,,,137
tawwertu,N,(a type of) meadow; meadow; (a type of meadow); (a type of agricultural land); (a tiype of agricultural land); surrounding territory,,,137
imbû,N,fibre; fibre (of the date palm); fiber,KA KA.A.AB.BA,𒅗,136
issēn,NU,one; the first one,,,136
kāšidu,N,reacher; conqueror; who acheives something; who reaches,,,136
nagbu,N,underground water; source; entirety; whole; (the) whole; spring,IDIM,𒅂,136
warkītu,N,posterity; descendant(s); future; remainder,EGIR,𒂕,136
kunukku,N,seal; sealed tablet; vertebra; seal impression; (sealed) document,,,135
liptu,N,undertaking; affliction; mole (on skin); (sense of) touch; attack; offering; attack (of illness); creation,TAG,𒋳,135
raksu,AJ,bound; assigned; tied; girt; wearing; joined; tight; well equipped,,,135
watmanu,N,cella; inner room,,,135
ēm,PRP,wherever; at each; whatever; whenever,,,135
šahû,N,pig; sow; (a fish),,,135
ašarēdu,AJ,first and foremost; foremost; leader,SAG.KAL SAG,𒊕𒆗,134
nignakku,N,censer; fumigation vessel,,,134
ridûtu,N,inheritance; procession; appropriation; domain; succession; successor,,,134
tayyartu,N,return; mercy,,,134
ṣarpu,N,silver,KUG.UD,,134
elītu,N,that which is above; upper world; (a high tree?); upper part; insincerity; pestle; zenith; deception,AN.PA AN.TA,𒀭𒉺,133
misarru,N,belt; shield; (metal) band,,,133
nikiltu,N,skill; artful thing; artful design; cleverness; cunning; intrigue,,,133
rasābu,V,smite; beat down; smiting,,,133
timmu,N,post; mast; pole; column; stake,,,133
šakin māti,N,provincial governor; governor,GAR.KUR,𒃻𒆳,133
dumû,N,the sign TUR,,,132
tidūku,N,combat; battle; warrior,GAZ-MU,,132
urnû,N,mint?; mint,,,132
ṭupšarrūtu,N,"scribal art, scholarship; scribal art; status or employment of scribe; scribal learning; scribal lore; position of a scribe",NAM.DUB.SAR,𒉆𒁾𒊬,132
abūbu,N,flood; deluge monster; flood monster; deluge,,,131
billatu,N,mixture; (a dry substance used in the preparation of beer); beer of second quality; admixture; alloy; second quality beer; (dry substance used in the preparation of beer); mixed dry ingredients for beer,DIDA,,131
bēt,SBJ,where; when; what,,,131
izbu,N,misbirth; anomaly; malformed birth,,,131
išaru,AJ,straight; favourable; in order; just; normal; correct; prosperous; righteous,,,131
piqittu,N,provisioning; allocation; check; inspection; post; provisions; responsibility; appointee,,,131
ṣabītu,N,gazelle; a fish,,,131
apsû,N,(cosmic) underground water; (a water tank in temple),ABZU AB.ZU ZU.AB,𒀊𒍪,130
bašālu,V,be(come) cooked; burn (to ashes); cook; be(com)ing cooked; be cooked; cast; melting; have something cooked,,,130
isinnu,N,festival; celebration,EZEN,𒂡,130
KIMIN,J,(ditto),KIMIN,,130
sippu,N,(door-)jamb; door jamb; door frame; door post; (edge of Palace Gate on liver); (door)-jamb; door(-jamb); buttress,,,130
dalālu,V,praise; sing; be(come) small; oppressing; praising; singing praise,,,129
ina maḫar,PRP,before; in the presence of,,,129
šahāṭu,V,jump (on); leap; twinkle; jump; attacking; jumping; pulsate; rise,,,129
dāgilu,N,one who sees; one who obeys; one who looks,,,128
kibrītu,N,sulphur,,,128
muddišu,N,restorer,,,128
qalû,V,roast; roasting; burn; be(come) burned; burning; kindle,,,128
biblu,N,the (action of) bringing; gift; bringing; (marriage) gift; high water; influx; (action of) bringing; desire,,,126
nuk,PRP,saying,,,126
ṣabtu,AJ,captured; made up; said; maintaining; seized; affected; containing; held captive,DAB,,126
appāru,N,reed-bed; marsh; reed,AMBAR,,125
mašû,V,forget; forget constantly; allow to forget; cause to forget; forgetting; be forgotten,,,125
ruʾtu,N,spittle; sap; saliva,,,125
šarūru,N,brilliance; gleaming; ray; tendril; rays; radiance,,,125
balṭu,AJ,living; life; safe and sound; alive; living person; healthy; magnetic; fresh,TI TI.LA,𒋾,124
muk,PRP,saying,,,124
tallaktu,N,walkway; path; (way of) life; access way; passage; procedure; processional walk; way,,,124
abutu,N,word; matter; order; saying,,,123
bâʾu,V,go along; pass over; pass; walk across; walk along; run through; cause to flow over; going along,AL.DIB AN.DIB AN.DIB.BA DIB.BA NA.AN.DIB.BA,𒀠𒁳,123
gabû,N,alum,,,123
issurri,AV,perhaps,,,123
alālu,V,sing a joyful song; celebrate; hang up; hanging up; hang; harness; be(come) fixed at; rejoice triumphantly,,,122
hurru,N,hole; ravine; cave; mine,HABRUD,,122
kibsu,N,track; (a garment); course of life; route; sequence; imprint; rite; (meaning and reading uncertain),ZUKUM,,122
mītu,AJ,dead; dead person; corpse; dead woman; dead man; dead one,ADDA,,122
šurbû,AJ,very great; very great one; raised; formidable; supreme; grand; very large,,,122
šutlumu,V,grant; granting; grant generously; bestow,,,122
hasāsu,V,be(come) conscious; remembering; think; (be)come conscious; conceive; remind; understanding; be(com)ing conscious,,,121
kannu,N,band; loincloth; menstrual cloth; (vessel-)stand; jar; (a large vessel); bucket; equipment of oil presser,,,121
namhartu,N,receipt(s),,,121
salīmu,N,peace; favour; peaceful messages; reconciliation; divine pardon; peaceful message,SILIM SILIM.MA SILIM.ME,,121
šuqultu,N,weight,KI.LAL,𒆠𒇲,121
amtu,N,maid; female slave; female servant,MUNUS.SAG SAG,𒊕,120
dimtu,N,tear; tower; watch-tower,,,120
eṣemtu,N,bone; (a linear measure),,,120
ina muḫḫi,PRP,on; into; on top (of something); over; to; upon,,,120
ištānu,N,North; north wind; north,IM.2 SI,𒋛,120
mehru,N,copy; equal; match; refrain; resound; equal rank; counterpart; response,GABA.RI,𒃮𒊑,120
mundahṣu,N,fighting one; fighter; fighting; fighting man,,,120
rakābu,V,ride; copulating; lie; mount; nock; copulation; have mount; mounting sexually,,,120
sikillu,N,(a plant); (a semiprecious stone); the sign EL,SIKIL,,120
kašpu,AJ,bewitched,,,119
annanna,DP,so-and-so; such-and-such; NN,NENNI,,118
apkallu,N,wise man; sage; expert,ABGAL NUN.ME,𒉣𒈨,118
ereb šamši,N,west; sunset,,,118
igû,N,eye; reciprocal; the sign IGI; prince,IGI,𒅆,118
KA.INIM.MA,N,wording of (label),KA.INIM.MA,,118
karāru,V,(meaning unknown); put (down); putting down; discard; pile up; piling up; erect; throw down,,,118
matīma,AV,ever; whenever; always; at any time,,,118
nakliš,AV,artistically; skilfully,,,118
sebîšu,AV,seven times,,,118
ša-rēši,N,eunuch,GAL-SAG,𒃲𒊕,118
šâti,IP,(of) him; that; him,,,118
šūtu,IP,he; him; it,,,118
ekdu,AJ,wild; fierce,,,117
qīpu,N,believable one; trustworthy one; representative; (royal) delegate; entrusted,,,117
zīmu,N,face; features; appearance; countenance,,,117
karpatu,N,pot; (clay) pot; barrel,DUG,𒂁,116
sūnu,N,"loin; lap; (a cloth trimming); (a cloth); (a cloth trimming or sim.); (a cloth trimming or similar); cloth trimming; loin, lap",,,116
šandabakku,N,chief accountant; calculation table(t); (governor of Nippur); governor of Nippur,BISAG.DUB.BA,,116
šaplu,N,underside; under; lower one; inferior person; below; beneath; bottom; lower field,KI.TA,𒆠𒋫,116
būrtu,N,cistern; well; hole; pit,,,115
erīšu,N,scent; fragrance,,,115
esēru,V,enclose; blocking; confine; enclosing; holding back; dam up; shut onself in; shut in,,,115
ewû,V,become; make into; make s.o. like; becoming; making someone/something like; making something into; make become,,,115
ginû,N,child; regular contribution (to temple); regular contribution; regular offering,GI.NA,𒄀𒈾,115
kuʾa,N,the sign HA,,,115
pisannu,N,the sign GA₂; box; water tank; gutter,,,115
tamû,V,swear; conjure; adjure; swearing; make swear; take an oath,,,115
ullû,DP,that; distant time; distant (in time); distant; those; distant past,,,115
ahītu,N,side; aside; outskirts; misfortune; surroundings; outside; other,,,114
hiāṭu,V,supervise; overwhelm; check; examine; survey; seek out; checking; weighing (out),,,114
isqu,N,share; lot; prebend; carved image,,,114
petû,AJ,open; mated; in motion; wise; open-minded,BAD,𒁁,114
rukūbu,N,vehicle; boat; barge; mount; riding,,,114
ēm,XP,wherever; whatever; each; whenever; when,,,114
ṣurru,N,interior; heart; obsidian; obsidian-blade; flint; mind,,,114
ṣāltu,N,combat; quarrel; fight; legal battle; strife; lawsuit,,,114
bārtu,N,rebellion; revolt,HI.GAR,𒄭𒃻,113
gapšu,AJ,arisen; proud; particularly swollen; swollen; numerous (of troops); numerous; huge,,,113
mādiš,AV,greatly; very; very much,,,113
nesû,V,be(come) distant; abandon; withdraw; drive away; eradicate; leave; remove; removing,BAD,𒁁,113
šangû,N,priest; temple manager,SANGA,,113
ṣimittu,N,binding; yoke; (yoke-)team; (an architectural feature),,,113
aladlammû,N,human-headed bull-colossus,,,112
erēšu,V,request; requesting; crave; wish; sow; cultivating; wishing for; sowing,KAM,,112
kanšu,AJ,submissive; bowed down; bowed,,,112
lēʾu,N,writing board; board; powerful one; (writing-)board; sheet of metal; plate,ZU,𒍪,112
manāma,XP,somebody; nobody; anybody; who(so)ever,,,112
murru,N,myrrh; bitterness; (a fish),SES SES-ME,,112
nāgiru,N,(town) crier; herald,NIMGIR,,112
zību,N,black cumin; vulture; (a blister)?; oozing; jackal; (a blister); stone; food offering,,,112
šāt,DET,of; who(m); that,,,112
bārû,N,diviner; one who scrutinises; one who inspects,,,111
dūgu,N,the sign HI; the sign DUG,,,111
hirītu,N,ditch; canal,,,111
iškūru,N,wax,,,111
kalītu,N,kidney; testicle,BIR,,111
kimtu,N,family,IM.RI.A,𒅎𒊑𒀀,111
šerru,N,(young) child; baby; child,GENNA TUR,𒌉,111
kabtu,N,important one; dignitary; heavy one; nobleman; important person,IDIM,𒅂,110
līšu,N,dough,,,110
naparkû,AJ,ceasing; leaving; cessation,,,110
rēhtu,N,remainder; slag; left-overs; leftovers; rest,,,110
zāʾeru,N,hostile; hostile one; enemy,,,110
abāku,V,lead away; overturn; overturning; leading away; deliver; directing away; lead in; push away,,,109
alaktu,N,way; behaviour; course; course (of life); journey; caravan; flow,,,109
anīnu,IP,we,,,109
atta,IP,you,,,109
šaqû,N,high one; sublime one; (a spade); exalted one,,,109
etāqu,V,proceed; bring over; crossing; ignore continually; pass; perform; get moved by; let go by,,,108
eṭēru,V,take away; releasing; pay; paying; save; saving; spare; taking away,KAR SUR,𒋩,108
lamādu,V,learn; knowledge; be comprehended; be learned; be understood; inform; knowing (sexually); learning,GI,𒄀,108
ṣābitu,N,holding; one who intercedes; recipient; occupier; magnetic-one; one who holds; one who takes; gazelle,DAB.BA DAB,,108
karmu,N,heap; ruin mound; granary,,,107
rupšu,N,width; breadth,DAGAL,,107
šīpātu,N,wool; cotton,SIKI,,107
ṣarāhu,V,heat up; become angry; flare; light up; lighting up; wail; wailing; cry out,,,107
arki,PRP,after; afterwards; behind; thereafter,EGIR EGIR.BI,𒂕,106
himētu,N,butter; ghee,,,106
illatu,N,band; team; (army) unit; family; pack; group; clan; group (of soldiers),ILLAT,,106
imḫur-līm,N,(a medicinal plant); 'faces a thousand'-plant; 'heals-a-thousand'-plant,,,106
mušteʾʾû,N,one who keeps searching; repeatedly searching; assiduous one; repeatedly searching one,,,106
pēmtu,N,charcoal; ash,NE,𒉈,106
qarnānû,AJ,horned,NAGA.SI SI,𒉀𒋛,106
tukullu,N,the sign KU,,,106
zû,N,excrement; date-palm fibre; waste product,,,106
abāru,N,(the metal) lead; lead; (a kind of clamp); physical strength; strength,,,105
ana muḫḫi,PRP,to; over it; over; upon,,,105
kigallu,N,socle; underworld; netherworld; pedestal,KI.GAL,𒆠𒃲,105
nekelmû,V,frown at; frowning at; glare at; glare; frown at repeatedly; frowning; regard malevolently,,,105
nāšû,N,bearer; lifter; arsenal?; bearing; one who lifts,,,105
sīhu,N,wormwood; rebellion; wormwood?; revolt,,,105
tenēštu,N,people; humankind; mankind,,,105
šalmiš,AV,"safely, in good condition; well; safely; well/in safety; in safety",,,105
šinīšu,AV,twice; in two; of two kinds,,,105
šumēla,AV,on the left; leftwards,,,105
aṣû,V,go out; rising; bring out; emersion; take out; come out; going out; emerge,,,104
bakû,V,weep; weeping; be(come) eclipsed; wail repeatedly; making weep; make weep; protest,,,104
gullubu,V,shave; shear; shaving; shearing; consecrate,,,104
kadrû,N,present; bribe,,,104
mukillu,N,holder; keeper; restrainer; one who holds; grip,SAG.HUL.HA.ZA MU,𒈬,104
namurratu,N,awe-inspiring radiance; awe-inspiringly radiance,,,104
waqru,AJ,rare; precious; valuable,,,104
ahātu,N,sister,NIN,,103
aktam,N,(a medicinal plant),,,103
ana libbi,PRP,into; into it; over it; over; within,,,103
miqittu,N,(down)fall; carcass (of a cow); epidemic; stroke; dead (animal); deaths of livestock; collapse; dead animal,RI.RI.GA,𒊑𒊑𒂵,103
rābiṣu,N,lurker; (a demon); bailiff; invigilator; 'lurker' demon; (an official); baliff; protective spirit,UDUG,𒌜,103
tibûtu,N,rise; levy; attack; sexual arousal; swarm; swarming,,,103
šitkunu,AJ,situated; established; firmly fixed; supplied with; worthy of,,,103
ṣētu,N,bright light; daylight; light; fever; heat; sunstroke?; kind of worm; open air,UD.DA,𒌓𒁕,103
akṣu,AJ,brazen; dangerous,,,102
gabarû,N,copy; opponent; duplicate; equivalent; rival,GABA.RI,𒃮𒊑,102
halāpu,V,slip into; creep; slipping into; being clad in; clothe someone with; creep into repeatedly; overlay,,,102
leʾû,V,be(come) able; being able; be(com)ing able; be(com)ing more powerful than; be(coming) able; be able; be(come) competent; deem,ZU,𒍪,102
nabāṭu,V,be(come) bright; shining; be(com)ing bright; come alight; making shine; (repeatedly) coming alight; be(coming) bright; shining brightly,RI SU,𒊑,102
zâzu,V,divide; distribute; dividing; share; sharing,,,102
agâ,DP,this; here,,,101
birku,N,knee; genitals; euphemistic designation for genitals; lap,,,101
idû,V,know; recognize,,,101
iltu,N,goddess; chaff,DINGIR,,101
kalmatu,N,insect(s); louse; vermin; insect,UH,,101
mayyālu,N,bed; resting place; grave,,,101
nindanu,N,unit; rod; (a unit of measure); (cultic) prescription,NINDA,,101
qarābu,V,approach; arrive; bring; be(come) close; bringing; present; produce,,,101
ušābu,V,sit (down); enthrone; enthronement; install; settle; stay; seat,,,101
šâtina,IP,those,,,101
kūnu,N,firmness,,,100
ḫašālu,V,crush,GAZ AL.GAZ,,100
hiṣbu,N,chip(pings); luxuriance; (abundant) yield; abundance; chip(ping)s; plenty; yield,,,99
kutallu,N,rear; back; behind,,,99
mehû,N,storm; storm wind,,,99
salāmu,V,be(come) at peace; be(come) reconciled; reconcile; reconciling; soothe; be(come) at peace (with someone); reconciliation; restitution,SILIM SILIM-ME,,99
terṣu,N,stretching out; presentation of offering; pointing; in the time of; protégé; (meaning uncertain),,,99
tinūru,N,oven; furnace,NINDU,,99
ūru,N,(nakedness i.e.) pudenda; vulva; roof; limb; pudenda; nakedness,,,99
ašāgu,N,(a spiny plant); camelthorn; (a common spiny plant),,,98
hišihtu,N,requirement; desire; useful object,,,98
kappu,N,wing; hand; (small) bowl; arrow flight; bowl; feather; list; shore,PA,𒉺,98
karru,N,knob; (a mourning garment); peak; pommel; throne,,,98
MIN,J,(ditto); ditto,MIN,𒈫,98
qatāru,V,smoke; fumigate; smoking; be(come) gloomy,SAR,𒊬,98
rubātu,N,princess; lady; queen,,,98
ṣerretu,N,nose-rope; concubine; mane; halo; strap; lead rope; rope handle; mane?,,,98
emqu,AJ,wise; clever; skilled,,,97
huršāniš,AV,like a mountain,,,97
labīru,N,original; old one,LIBIR.RA-BI LIBIR.RA.BI.GIM,,97
lemnu,N,bad one; evil one; foe; evil doer; evil,HUL HUL.ME,,97
maršītu,N,property; livestock,,,97
sāmtu,N,redness; carnelian; dawn,,,97
tarbītu,N,enlargement; brought up; nurturing; majesty; upbringing; child rearing; (person) brought up; product of,,,97
šipirtu,N,message; letter; order,,,97
dinānu,N,substitution; substitute; attention; as substitute,,,96
erēru,V,be(come) parched?; parch; be(come) parched; be(com)ing parched?,,,96
igisû,N,contribution; gift,,,96
lawû,AJ,surrounded; encircled; surrounding; besieged,NIGIN,,96
lānu,N,form; body; stature; appearance; height; hight; figure,ALAN,𒀩,96
pāqidu,N,carer,,,96
tanattu,N,praise,,,96
tuqumtu,N,battle,,,96
zahalû,N,silver alloy?; silver alloy,,,96
šumma,CNJ,if,BE,,96
baluhhu,N,(an aromatic plant),,,95
diānu,V,judge; judging; administering justice; give judgement; pass judgement,,,95
kamāsu,V,gather in; pack; kneel; pack something into; bowing; have kneel down; kneel down; gather,,,95
mīnû,QP,what?; how?; why?; which,EN,𒂗,95
tibnu,N,straw; (a tax),IN.NU,𒅔𒉡,95
upšaššû,N,(magical) procedure(s); machinations,,,95
ziqpu,N,shoot; culminating star; culmination; sapling; blade; pole; culmination (of star),,,95
šalhû,N,(a wooden grille); large-meshed net; (large-meshed net); (a large-meshed net); outer wall,,,95
annāka,AV,here,,,94
apsasû,N,(an exotic bovid); figurine of an exotic bovid; an exotic bovid; sphinx,,,94
banû,AJ,good; beautiful; created; built; good (thing),,,94
baṭlu,AJ,ceased; disused; cessation,,,94
dannu,N,strong one; full-grown one; powerful man; (large) vat; heavy standard,KALA,,94
gitmālu,AJ,perfect; perfect one; equal; perfect(?),,,94
hašāhu,V,need; desire; needing; want,,,94
maʾdu,AJ,many; much; complicated; enough; many men,,,94
nindabû,N,(food) offering; bread offering,NIDBA,,94
šadânu,N,haematite,,,94
baʾūlātu,N,people; subjects,,,93
bubūtu,N,hunger; famine; scarcity; sustenance; axle; chariot beam; starvation,,,93
gešpû,N,the sign U,,,93
kapāru,V,wipe (clean); (wipe) clean; wipe clean constantly; peel; clear away; performance; rub; wipe clean,U.ME.TE.GUR.GUR,𒌋𒈨𒋼𒄥𒄥,93
kummu,N,cella; shrine; innermost room,,,93
lulû,N,slag; antimony; slag?; antimony?; plenty; splendour?; splendour,,,93
mušallimu,N,one that delivers safely; safeguarder of health; one who delivers safely; one who makes restitution; that delivers safely; one who carries something out in full; that makes good,,,93
palgu,N,ditch; canal,PAB.E,,93
ušmannu,N,(military) camp; camp,,,93
ša-qurbūti,N,close follower; (royal) confidant,,,93
ḫašû,N,lung(s); thyme?; (a medicinal plant),MUR,,93
ṭeḫû,V,be(come) near to; approach; bring; present,TE,𒋼,93
asu,N,bear; myrtle; bear figurine,AZ,,92
ayyumma,XP,any; anyone; whoever; someone,,,92
bâru,V,catch; appear; be(come) firm; catching; revolt; hunting; affirming; be firm,,,92
hīlu,N,exudation; resin,ILLU,,92
kiṣṣu,N,shrine; (designating of holy city),,,92
magal,AV,very (much); greatly; so much; very,,,92
miqtu,N,fall; collapse; fallen piece; illness; falling sickness; epilepsy,,,92
rammû,V,slacken; (meaning uncertain); leave; release; abandon; be(come) loose; drop; forsake,,,92
talīmu,N,favourite brother; (close or beloved) brother,TAM.MA,,92
unqu,N,ring; seal; sealed royal order; royal stamp seal; signet ring,,,92
hātu,N,terror; panic,,,91
kidinnūtu,N,exempt status; privileged status; protection,,,91
lubāru,N,garment; cloth; piece of cloth; clothing; rag,,,91
madādu,V,measure; block up; measure (out); measuring; make clear,,,91
namrīru,N,awe-inspiring radiance; splendour,,,91
watû,V,find; finding; meeting (one another); choose; meet; select,,,91
šību,N,old one; witness; elder; old (person); old person(age); old man; old,,,91
allu,N,hoe; the sign AL,,,90
arāru,V,be(come) convulsed; curse; causing fear; tremble; flicker; cursing; be(com)ing convulsed constantly; frighten,,,90
binûtu,N,creation; appearance; form; product; nature,,,90
egertu,N,inscribed tablet; clay tablet; letter; document,,,90
māhiru,N,opponent; equal; recipient; stockade,GABA.RI,𒃮𒊑,90
mānu,N,counting,,,90
pašru,AJ,released; solved; undone?; loosened; dehusked; apportioned; appeased; separated,,,90
šagāmu,V,roar; buzz; shouting; roaring; make roar,,,90
ṣupru,N,nail; claw; hoof; (finger/toe) nail; (finger/toe-)nail; foot of furniture; tip; fingernail,UMBIN,𒌢,90
ebertu,N,bank; other side; opposite bank,BAL.RI,𒁄𒊑,89
inu,SBJ,when,,,89
niksu,N,cutting (off); breach; cut; slaughter,,,89
temēru,V,cover (in earth); bury; burying,,,89
urû,N,team; team (of equids); stable; stall; (a bowl); aromatics; cut branch; palm frond,,,89
wālidu,N,one who begets,,,89
zarʾu,N,seed(s); agricultural land,NUMUN-LUGAL NUMUN,,89
zuqiqīpu,N,scorpion; figurine; scorpion fish,,,89
ṭuhdu,N,plenty; abundance; wealth,,,89
ebēbu,V,be(come) bright; be(come) clean; be(come) clear; cleanse oneself; purify; purifying; be(come) pure; be(com)ing purified,DADAG,,88
iškāru,N,work assignment; section; series; text series; quota,,,88
pirištu,N,secret; secret plot; secret place; specialized knowledge,AD.HAL,𒀜𒄬,88
rusû,N,dissolution?; sorcery,,,88
uhūlu,N,potash; (an akali-rich plant); (an alkali-rich plant); soda ash,NAGA NAGA.SI,𒉀,88
šadālu,V,be(come) wide; increase; be(com)ing wide; be increased; constantly increase; increasing; enlarge,,,88
šērtu,N,morning; morning hours; guilt; crime; punishment; fault,,,88
ṣehēru,V,be(come) small; be(come) smaller; reduce; youth; deplete; diminish; reducing; shrink,TUR,𒌉,88
gugallu,N,irrigation controller; canal inspector; big ox,,,87
harābu,V,be(come) deserted; devastate; destruction,,,87
nābalu,N,dry land,PA.RI.IM,𒉺𒊑𒅎,87
tillu,N,appendage; attachments; (a garment); (military) equipment; trappings,,,87
tēltu,N,saying; syllabic value,KA.KA.SI.GA KA.AK.SI.IK KA.AK.SI.IK.KA KA.AK.SI.KA KA.KA.SIG.GA KA.SI.GA,𒅗𒅗𒋛𒂵,87
zabālu,V,carry; linger; be carried; deliver; lingering; linger (on); carrying; bearing,,,87
zamāru,V,sing; praise; sing (of); be sung (of); singing (of); singing; sing about; song,,,87
šapālu,V,be(come) low; bringing low; dig deep; lower; stay low; be(come) deep; being deep; digging deep,,,87
elkulla,N,(a medicinal plant or plants); (a medicinal plant),,,86
hepû,V,break; shatter; break open; breaking; destroy; scatter; breaking up; destroying,DAR GAZ,𒁯,86
ibilu,N,camel,,,86
imāru,N,donkey; unit; a unit of area; a unit of capacity,,,86
lēʾû,AJ,powerful; able one; competent; able; able (one),,,86
qīštu,N,gift; offering,,,86
tākultu,N,meal; (cultic) meal; allocation,,,86
šūtu,N,south; south wind,IM.1,,86
ṣarāpu,V,be(come) loud; yell; burn; cause a burning pain; burn (up); give burning pain; burning; dye red,,,86
aggiš,AV,furiously,,,85
arû,V,be(come) pregnant; conceive; vomit; vomiting; keep vomiting; retch; be(com)ing pregnant; cut off,,,85
baltu,N,(a spiny plant); thorn; thornbush,,,85
naprušu,V,fly; fly about; flying; flee; make fly,,,85
pāna,AV,formerly; previously; in front,,,85
ruḫû,N,sorcery; magic,,,85
saggu,N,the sign SAG,,,85
sarāqu,V,strew; sprinkle; be strewn; scatter; pouring,DUB,𒁾,85
waldu,AJ,born,,,85
šuklulu,AJ,complete; perfect; ungelded; completed; uncastrated; ungelded bull,,,85
šūšu,N,liquorice; licorice,,,85
erbû,N,locust,,,84
gamru,AJ,complete; full; total; controlled; finished; final; completely devoted,AL.TIL TIL,𒀠𒌀,84
pādû,AJ,forgiving; sparing; merciful,,,84
rēmēnû,AJ,merciful,,,84
urru,N,daytime; dawn; day,,,84
ēru,N,(a tree); (a type of wood),,,84
šâṭu,V,pull; despise; despising; ignore; pulling; neglect,,,84
ṣumbu,N,wheel; waggon; wagon,,,84
apu,N,reed-bed; canebrake; (a leather object)?; reeds,,,83
hīrtu,N,(equal ranking) wife,MUNUS.NITA.DAM,,83
kurummutu,N,ration; barley (ration); food offering,PAD-HI.A,𒉻𒄭𒀀,83
kūdanu,N,mule; coldness,,,83
māliku,N,adviser; counsellor; one who decides,,,83
pišru,N,release; interpretation,,,83
sadāru,V,place in order; arrange in row; arrange something properly; do regularly; doing regularly; set up in a row; placing in order; (do something) regularly,,,83
sekēru,V,heat; shut off; dam up; block up; block; shutting off; blocking; fire (bricks),,,83
warkānu,AV,later,EGIR,𒂕,83
šadlu,AJ,broad; extensive,,,83
ṣimdu,N,binding; (yoke-)team; bandage; team (of draft animals); 3 seah vessel; 3 sūtu (vessel); 3 seahs; three seah vessel,,,83
amurru,N,Amurru; west wind; west; the West,IM.4 MAR IM.MAR.TU,𒈥,82
deššu,N,the sign AŠ₂; the sign DIŠ,,,82
hadû,V,be(come) joyful; be(come) happy; make happy; make rejoice; rejoice; be(com)ing joyful; be joyful; being joyful,,,82
pānātu,N,front; in front of; front part; in presence; prior time; before; vanguard; at the disposal of,,,82
rabiu,AJ,big; eldest; great; large; old,GAL,𒃲,82
ṣâdu,V,prowl; spin continually; make twitch; roam about; make dizzy; twist; melt down; melting down,,,82
amēlu,N,man; each; anyone; woman; everybody; person; someone,NA,𒈾,81
itqu,N,"fleece; (woollen) tuft; lump; clump; (woollen) flock, tuft",,,81
kūm,PRP,instead of; lest,GIM,,81
nuḫurtu,N,(a variety of asafoetida),NU.LUH.HA,𒉡𒈛𒄩,81
palhu,AJ,fearful; frightened; fearsome; reverent,,,81
qablû,AJ,central; middle; infixed,DUR,,81
tašrihtu,N,glorification; boastfulness; splendour,,,81
ugāru,N,(communally controlled) meadow; field; (communually controlled) meadow; grassland; plain; (community controlled) meadow,,,81
yâšim,IP,"to me; for me; to, for me",,,81
šalamtu,N,corpse,,,81
šēlebu,N,fox; a fish,,,81
šīmu,N,purchase (price); price; commercial goods,,,81
ṭābātu,N,vinegar,,,81
eṣēru,V,draw; drawing; design; mark; plan; (meaning unknown); shape,,,80
harāṣu,V,break off; clear up; breaking off; defining; incising; glow yellow; excavate; reduce,,,80
mātitān,N,all countries; in all lands,,,80
mūṣû,N,exit; going out; direction; escape route; opening; outflow; outlet,,,80
naglabu,N,razor; (part of moon); shoulder-blade; shoulder; hip; shoulder blade,,,80
qâpu,V,fall down; buckle; falling down; collapsing; (en)trust; believe; trust,,,80
rēṣu,N,helper,,,80
wasāmu,V,be(come) fitting; be(com)ing fitting; adorn; fitting; make fitting,,,80
šamaššammū,N,sesame; sesame-tree; sesame oil,,,80
šimtu,N,mark; sign; fate; paint; glue; ownership mark; branding iron,,,80
ahrītu,N,later time; posterity; future; past,,,79
imhur-līm,N,(a medicinal plant),,,79
kanšu,N,submissive one; bowed one; one who is bowed down,,,79
kudurru,N,boundary; eldest son; boundary stone; carrying frame; (earth-carrying) labour (obligation); carrying basket,,,79
maštaku,N,chamber; room; tent(?),,,79
qadūtu,N,silt; dregs,,,79
wardatu,N,girl; maiden; young woman,KI.SIKIL GI KIS.KI.LI.KI KIS.KI.LI.LI,𒄀,79
šipku,N,(a type of leather); heaping up; casting; (a term for cereals); base; dune; pile; casting (of metal),,,79
šībūtu,N,old age; status of elder; testimony,,,79
abšānu,N,yoke,,,78
adānu,N,fixed date; appointed time; cycle (astro.); deadline,,,78
amatu,N,word; matter; order,,,78
aslu,N,unit; ram; (a special cubit measure),,,78
ballukku,N,(a tree); ballukku-plant; (an aromatic substance); (an aromatic plant or tree); (an aromatic plant),MUG,𒈮,78
iltēn,NU,one,,,78
immu,N,"heat (of day); daytime; the sign IM; heat (of day), daytime",,,78
imḫur-ešrā,N,(a climbing plant); 'heals-twenty'-plant; a climbing plant; 'faces twenty'-plant,,,78
labtu,N,(oven-)parched grain; roasted barley; oven (for roasting grain); roasted grain,,,78
nikkassu,N,account; calculation; account(s); asset(s); property; possession(s),,,78
reʾû,V,pasture; direct cattle; shepherd; constantly pasturing; pasturing; constantly shepherd; graze; onstantly shepherd,,,78
rēštu,N,beginning; peak; top; (meaning unknown); first fruits; first rank; first-fruits,,,78
tallu,N,(a container); beam; carrying pole; meridian?; the sign RI; vessel for oil; dividing line; feature in entrails,,,78
tukkannu,N,(leather) bag; chamber,,,78
yānu,V,(there) is not; otherwise,,,78
zakû,V,be(come) clear; cleanse; cleansing; exempt; be(come) clean; be(com)ing free; be(com)ing clear; be(com)ing dehusked,,,78
ammutu,N,unit; a unit of length; unit of length,,,77
balṭu,N,living one; healthy person; survivor,TI TI.LA,𒋾,77
hūlu,N,way; campaign; road; caravan; (meaning uncertain),KASKAL KASKAL.2 KASKAL-LUGAL,𒆜,77
imnu,N,"right (side); right hand; right (side, hand); right one",ZAG,𒍠,77
kamsu,AJ,squatting; kneeling; staying; seated; sitting,,,77
kimahhu,N,grave; tomb,KI.MAH,𒆠𒈤,77
kippatu,N,circle; circumference; hoop; perimeter; ring,,,77
naparkû,V,cease; be(come) inactive; ceasing; stop working; leave; put to an end,,,77
saḫāru,V,go around; avert; cause to seek out; cause to turn on; dispel; return; seek out; turn back and forth,,,77
sūtu,N,unit; (a capacity measure); (a container); seah; a unit of capacity,,,77
šūturu,AJ,very great; superior; surpassing; supreme,,,77
baṭālu,V,cease; ceasing; fail; discontinue; fall into disuse; interrupt; stop; interruption,,,76
biri-,PRP,among; between,,,76
būnu,N,goodness; appearance; beauty; features; good looks; face; outward appearance; nicely,,,76
hamṭu,AJ,quick; quickly cooked; Sumerian verbal tense; perfective,,,76
hasīsu,N,ear; wisdom; mindful,,,76
minītu,N,measure; dimension; calculation; length; limbs; count; proportion; accounting,,,76
parāru,V,be(come) dissolved; scatter; be(come) confused; be(come) powerless; disperse; dispersing; rove; scattering,,,76
pītu,N,opening; harp; doorway; break,BAD,𒁁,76
umāmu,N,animal; beasts; beasts of the wild,,,76
uppu,N,tube; orifice; handle; (a type of) drum; drum; (type of) drum; the sign UB; socket,MUD,,76
zāwiānu,N,enemy,,,76
zūtu,N,sweat,IR,𒅕,76
šakāku,V,harrow; string; thread (on string); threading on a string; stringing beads,,,76
šuplu,N,depth; minimum latitude; low level; melancholy,SIG,𒋝,76
šākinu,N,one who places; provider; imposer; that places; one who performs,GAR,𒃻,76
abbūtu,N,fatherhood; cause; status of father; patronage; intercession,,,75
arhiš,AV,quickly,,,75
baʾlu,AJ,major; bright; exceptionally large; large; exceptionally bright,,,75
buqlu,N,malt,,,75
bāštu,N,dignity; (a stone); vigour; pride; protective force; (source of) pride; genitalia,,,75
errû,N,colocynth?; colocynth,,,75
gašru,AJ,very strong; mighty; strong; powerful; strong (one),,,75
išaru,N,penis; potent one; straight one; straight; normal; righteous one,,,75
marṣu,N,sick one; invalid; patient; illness; grievous thing; sick person; sick; difficult,GIG TU.RA,𒍼,75
munakkiru,N,one who changes; one who alters something; one who removes someone,,,75
nadru,AJ,wild; particularly wild; aggressive; wild one; raging,,,75
nurmû,N,pomegranate; pomegranate tree,,,75
paqdu,AJ,entrusted; appointed; assigned,,,75
qatû,AJ,ended; completed; complete; finished; completely devoted,AL.TIL AL.TIL.LA,𒀠𒌀,75
rakbû,N,messenger; mounted messenger,,,75
sāsu,N,moth; (a stone),UR.ME,𒌨𒈨,75
tibku,N,course of bricks; outpouring; rapids; torrent,,,75
warkû,N,rear part; rear one; successor; back; future one; rear gaurd; rear guard; rear,EGIR,𒂕,75
šiltāhu,N,arrow,,,75
dilû,N,the sign AŠ,,,74
enšu,N,weak one; dilapidated section(s),SIG,𒋝,74
gaqqu,N,the sign KAK,,,74
halṣu,AJ,combed; filtered,,,74
kallātu,N,daughter-in-law; bride,,,74
kurru,N,(a measure of dry capacity); unit; a unit of weight; tanning fluid; (a measurement of dry capacity); (measure of dry capacity); a unit of capacity,GUR,𒄥,74
sebe,NU,seven,IMIN,𒅓,74
takaltu,N,bag; container; equipment?; stomach; trust,,,74
ša ēkalli,N,queen,MUNUS.KUR,,74
šadâniš,AV,like a mountain,,,74
šamru,AJ,furious; wild; fury,,,74
šebēru,V,break; breaking; smash; be broken; break up,,,74
šukuttu,N,adornment; adornement; jewellery; decoration,,,74
šāninu,N,rival,,,74
agubbû,N,holy water vessel,,,73
antalû,N,eclipse,AN.MI,𒀭𒈪,73
buʾʾû,V,look for; seek; looking for; check,,,73
diʾu,N,(a disease of the head); headache; (deity's) throne-platform; cult sockle; (a disease affecting the head); disease affecting the head; throne-platform,,,73
dunnu,N,power; solid ground; fortified house; (a type of bed),KALAG.GA,,73
gipšu,N,uprising; thickening; welling up; massed body of troops; mass; massed body,,,73
habālu,V,do wrong; oppress; be(come) treated unjustly; doing wrong; wrongdoing; be(come) in debt; owe; oppression,,,73
kuzbu,N,attractiveness; (sex) appeal; luxuriance; sexual allure; sex-appeal,HI.LI,𒄭𒇷,73
KÌD.KÌD.BI,N,ritual (instructions),,,73
lasāmu,V,run; running; speed; set out to run; serve; rush,,,73
matāhu,V,lift; pick up; take care of; be(come) advanced; put on; rise,,,73
mušaklilu,N,completer,,,73
nakāpu,V,push; strike down; butt each other; pierce; stub; continually push; deflowering; goring,,,73
nikiptu,N,"euphorbia?; spurge; (aromatic, gum-yielding plant); Euphorbia?",,,73
nisqu,N,"choice, selection; choice; high level; choice one; high quality; best quality",NI.IS.QU,,73
qannu,N,fringe; border; together with; near; outside; environs; (meaning uncertain); among,,,73
rebītu,N,square; genitals; street; abdomen; city square; quarter; district,SILA.DAGAL.LA SILA.DAGAL,,73
sekretu,N,enclosed (woman),MUNUS,,73
tappû,N,companion; mate; associate; partner,,,73
ēnu,N,eye; eye-stone; spring,IGI.2 IGI.2-ME,,73
šî,IP,she; it,,,73
dāt,PRP,behind; after,,,72
etellu,N,lord; pre-eminent one; preeminent one,,,72
ištēniš,AJ,together,UR.BI,𒌨𒁉,72
kiššūtu,N,authority; take-over; exercise of power; totality; supremacy; dominance,,,72
kīsu,N,binding; constriction; bonds; money-bag; purse; (a kind of reed); bag,GI.ZI,𒄀𒍣,72
mēsallu,AJ,(designation of salt); Emesal dialect,EME.SAL EME.SAL.LA,,72
nishu,N,extraction; excerpt; celestial distance; local tariff; orbital velocity; extract(ion); (choice) cut of meat; section of a tablet series,ZI,𒍣,72
nišī,N,people,UN-ME,𒌦𒈨,72
pappardaliu,N,agate?; agate; (a whitish semiprecious stone),BABBAR.DIL,,72
sāpinu,N,one that flattens; flattener,,,72
teslītu,N,appeal; prayer; petition; request; supplication,A.RA.ZU.BI,𒀀𒊏𒍪𒁉,72
ulla,AV,at some time; distant time; earliest times,,,72
šadāhu,V,walk; drift back and forth; go back and forth; proceeding; walking; walk forward; go in procession; make go in procession,,,72
šaniu,NU,second; deputy; following,,,72
šibbu,N,(a fierce mythical snake); belt; (meaning uncertain); (a fierce mythological snake),,,72
šinni pīri,N,ivory,,,72
ammiu,DP,that; them; that (one),,,71
birti,PRP,between,,,71
bīru,N,divination; bull calf; extispicy,HAL,𒄬,71
ebertān,AV,on the opposite bank,,,71
elēlu,V,be(come) pure; purify; be purified; purify oneself; purifying; be(com)ing purified; cleanse oneself,,,71
gurušu,N,the sign KAL,,,71
hamāṭu,V,hasten; burn (up); roasting; burning; burning (up); burn up; be brought early; bringing (offering) in good time,,,71
ihzu,N,learning; mount,,,71
inūšu,AV,at that time; then,,,71
kašāru,V,restore; be(come) satisfactory; accomplish; restoring; succeed,,,71
kupsu,N,husks; sesame pomace,,,71
markasu,N,bond; rope; cable of a boat,,,71
marru,N,shovel; spade; bitter one; the sign MAR,,,71
nammaštû,N,moving things; animals; moving thing,A.ZA.LU.LU,𒀀𒍝𒇻𒇻,71
naptanu,N,meal(-time); banquet,KIN.SIG,𒆥𒋝,71
qardu,N,hero; valiant one,,,71
zubbu,N,fly; figurine,NIM,𒉏,71
šanû,N,(an)other one; second one; stranger; deputy,,,71
ahû,AJ,outside; non-canonical; foreign; outside one; miscellaneous; strange; unknown; outside(r),BAR BAR.RA,𒁇,70
ašlu,N,rope; rush; unit; measuring line; survey team,,,70
ašû,N,(a disease of the head); living creatures,,,70
kūṣu,N,coldness; winter; cold; ague; chill,EN.TE.NA SED,𒂗𒋼𒈾,70
rīqu,AJ,empty; moonless; grammatical term; free; idle (man),SUD,𒋤,70
unnīnu,N,supplication; prayer,,,70
urudû,N,the sign URUDA; copper,,,70
attunu,IP,you; you (pl.),,,69
bahūlātu,N,men,,,69
dalīlu,N,(a type of frog)?; praise; glory,,,69
enēšu,V,be(come) weak; weaken; dilapidating; be(com)ing weak; weakening,SIG,𒋝,69
epinnu,N,(seed) plough; plow; (a constellation); plough; (astronomical handbook),APIN,𒀳,69
erru,N,"intestines; intestine(s); bowel(s); ring; headband; peg?; ring, washer for peg",,,69
idimmu,N,the sign IDIM,,,69
kaqquru,N,ground; area; earth; region; soil; terrain,KI KI.TIM,𒆠,69
mumtalku,N,counsellor; deliberate; deliberate one; circumspect one,,,69
napāšu,V,breathe; be(com)ing abundant; expand; being wide; breathing; letting breathe freely; making wide; relax,,,69
nâlu,V,lie down; lay down; pickle; sleep; lay out; lay someone down; spread out; keep lying down,,,69
šâmu,V,buy; buying; purchasing,,,69
ṣalālu,V,lie (down); sleep; fall asleep; sleeping; put to sleep; lying (asleep); lying down; lying (down),,,69
abūbāniš,AV,like a flood,,,68
ay,MOD,not,NU,𒉡,68
duāku,V,kill; killing,,,68
lētu,N,cheek; side; jamb,TE,𒋼,68
mērehtu,N,aggressiveness; insolence,,,68
nahallu,N,stream; gorge; wadi,,,68
qurdu,N,warriorhood; heroic song; heroic act; heroism,,,68
wadû,V,know; distinguish; make known; recognize; recognizing; reveal; appoint; identify,,,68
bēru,AJ,distant; high; selected; thin (of hair); choice,,,67
dāriš,AV,for ever; forever; permanently,,,67
gimirtu,N,totality,,,67
itpēšu,AJ,expert; competent,,,67
mišihtu,N,measurement; distance; dimension,,,67
naʾādu,V,be(come) attentive; be(come) worried; pay attention; (be)come attentive; watch carefully; be(com)ing attentive; be attentive; be constantly worried,,,67
ulâ,AV,or; otherwise; alternatively,,,67
šaplānu,AV,underneath; below; under; deep down,KI.TA,𒆠𒋫,67
šikittu,N,form; structure; creation; layout; construction,,,67
abarakkūtu,N,function of stewardess,,,66
ayyalu,N,stag; deer; ally; help; aid,,,66
ittû,N,seed-funnel; seeder; bitumen,ESIR,,66
nupšutu,N,throat; life; person,ZI ZI-ME,𒍣,66
pulhu,N,terror,,,66
suādu,N,sedge(-tubers); (an aromatic plant); sedge(-tubers)?; aromatic plant,MAN.DU IM.DI,𒅎𒁲,66
tangussu,N,(a cooking vessal); (a cooking vessel),,,66
uḫūlu,N,potash; alkali; salt-plant,NAGA NAGA.SI,𒉀,66
argamannu,N,purple; purple wool,,,65
elēṣu,V,swell; rejoice; be made joyful; making rejoice; rejoicing; cause to rejoice; make joyful; making joyful,,,65
ikkibu,N,taboo; anathema; sacred thing; privilege,,,65
kurummatu,N,food allocation; food ration; ration; offering; food offering; provisions,PAD-HI.A,𒉻𒄭𒀀,65
kurunnu,N,(a kind of beer); beer,KURUN.NA KURUN.NAM,,65
maruṣtu,N,evil; hardship; distress; malaise; trouble,,,65
mihiṣtu,N,strike; (cuneiform) sign; blow; line; (cuneiform) wedge; cuneiform sign; wound,GU.SUM GU.SUM.GU.SUM,𒄖𒋧,65
mutnennû,N,who prays much; one who prays much; pious one,,,65
muštēširu,N,one who puts in order; one who gives good guidance; one who keeps in order; one who sets straight,,,65
pašqu,AJ,narrow; difficult,,,65
qabaltu,N,middle; city centre,,,65
qarāru,V,writhe; roll; flow; quiver; shimmer; grovelling; making roll?; rolling,GUR.GUR,𒄥𒄥,65
tikpu,N,spot; dot; layer; brick course,,,65
utūnu,N,kiln,UDUN,,65
ēdu,AJ,single; (a medicinal plant); free-standing; alone; only; sole,DILI,,65
šiāru,N,morning; tomorrow,,,65
šār,NU,"3600; eon; for all time; three thousand, six hundred; 3,600",,,65
ṭabāhu,V,slaughter; cause to slaughter; (meaning unknown); slaughtering,,,65
azallû,N,(a medicinal plant),,,64
barû,AJ,seen; checked; collated,IGI.TAB IGI,𒅆𒋰,64
hiṭītu,N,shortfall; crime; deficiency; mistake; sin,,,64
ipšu,N,deed; speech; sortilege; act; ritual; working; (building) works; construction,,,64
kamāru,N,hunting trap; (a fish); defeat,,,64
kanaktu,N,(an incense-bearing tree); incense-tree; incense; aromatic resin; (incense-bearing tree),,,64
kirbānu,N,lump (of earth); (a disease); camomile; clod; lump,LAG,,64
kitnušu,AJ,submissive,,,64
madbaru,N,steppe; desert,,,64
marratu,N,bitter thing; (a bird); sea; the sea,,,64
mušhuššu,N,serpent dragon; serpent-dragon,,,64
mūṣu,N,(a stone); exudation; discharge,,,64
nâdu,V,praise; be praised; praise profusely; praising; repeatedly praise; singing praises antiphonally,,,64
puhādu,N,lamb; (a fish); (male) lamb,,,64
tarāku,V,beat; beating; be(com)ing dark; wield; switch a whip; have someone wield (a tool); throb,,,64
zibbatu,N,tail; tail end; rearguard,KUN,𒆲,64
šunû,N,(a tree); chaste tree,,,64
ṣamādu,V,tie up; bandage; harness; hitch up; yoke; tying up; yoking; cause to bind up,,,64
ṭerû,V,penetrate; rub into; squeeze; press out (liquid); beat; hit,SUR,𒋩,64
ṭurru,N,binding; knot; rope; rectum; cord; (an architectural feature); string,DUR,,64
ṭātu,N,bribe; gift; bribe?,,,64
aptu,N,window; window-opening,,,63
arhu,N,cow; month; half-brick,ITI ITI-ME,,63
ellu,N,sesame oil; pure one,,,63
emqu,N,wise one,,,63
imna,AV,on the right,ZAG,𒍠,63
isqūqu,N,(a coarse flour); (a coarse flour or groats),,,63
kīdānu,AV,outside,,,63
kūdunu,N,mule,,,63
paglu,AJ,powerful; massive,,,63
palhiš,AV,fearfully; reverently,,,63
rabāṣu,V,sit; make lie in wait; lie down; settle; lurking; sitting; lying; make lie down,,,63
sulummû,N,peace-making; peace (treaty),,,63
surrātu,N,lies,,,63
šamāhu,V,grow; make blossom; make flourish; growing; making flourish; grow magnificent; flourish,,,63
šibirru,N,shepherd's staff; sceptre; the sign BURU₁₄; staff,,,63
ṣabāru,V,bend; twinkle; hiss; prattle; twitter; twittering; twist; (meaning unknown),ZI.ZI,𒍣𒍣,63
arbaʾu,NU,four,,,62
arratu,N,curse,,,62
bašû,AJ,existing,,,62
gallābu,N,barber,,,62
issēniš,AV,together; also; at the same time,,,62
nammušu,V,set (o.s.) in motion; set out; make set out; setting out,,,62
nigûtu,N,joyful song; pleasant tune; singing; joyful music; musical celebration; merrymaking,,,62
nukurtu,N,enmity; hostility; emnity; hostile; enemy country,GU.DI.BIR KI.BAL,𒆠𒁄,62
pillû,N,mandragora; (a medicinal plant); mandragora?; (a plant),NAM.TAR,𒉆𒋻,62
qabû,AJ,said; made; recommended; spoken,E,𒂊,62
suppû,V,pray; praying; beseech,,,62
wēdu,N,single one; lone star; asafoetida,,,62
yâši,IP,to me,,,62
šaqālu,V,weigh; be paid; have the same longitude; pay; weighing; suspending,,,62
šūkulu,AJ,fed; given to eat,,,62
ana muhhi,PRP,in addition to; alongside; at; concerning; over; to,,,61
bašāmu,V,"create, form; to be created; create; establish; form; creating; allocate; be created",,,61
enenna,AV,now,,,61
gulgullu,N,skull; skull(-shaped vessel),,,61
hamšu,AJ,fifth; snapped off; snapped-off; deformed,,,61
issu,N,woman; wife,,,61
kamû,V,bind; be bound; conquer; binding; capture; gather,,,61
munnabtu,N,runaway; fugitive,,,61
muātu,V,die; death; make kill,,,61
mê,N,water; wooden water ornament,,,61
naklu,AJ,skilful; be(come) planned; elaborate; clever,,,61
nasāku,V,throw (down); prostrate; cast (away); discard; throwing down; clearing; throwing (down); abandon,,,61
parsu,AJ,cut off; definite; separated; blocked; decided; divided; private; resolute,,,61
sunqu,N,famine; distress,,,61
tenû,AJ,slanted sign,,,61
wēdu,AJ,single; sole one; sole; (a medicinal plant); alone; solitary; only,DILI,,61
ṭūru,N,opopanax; opopanax?; (a medicinal plant); (medicinal plant perhaps) opopanax,HAB,,61
agāgu,V,be(come) furious; be(com)ing furious; to be(come) furious; getting angry,,,60
ekletu,N,darkness,,,60
giqû,N,the sign GI,,,60
hepû,AJ,broken; halved; destroyed; ruined,,,60
imbaru,N,fog; fine drizzle; mist,IM.DUGUD,𒅎𒂂,60
kilallān,IP,both,,,60
kunāšu,N,emmer,IMGAGA,,60
malāku,V,discuss; confer; consult; advise; give advice; taking counsel; advising; discussing,,,60
maṭû,AJ,small; decreasing; decreased; insufficient; lacking; subtracted; deteriorating; less,LAL,𒇲,60
muštarhu,N,presumptuous one; noble one,,,60
nahāsu,V,(re)cede; move lower; retrograde; be turned back; retching?; sob; to sob; retreat,GUR,𒄥,60
parāku,V,lie across; block; lying accross; put cross-wise; blocking; place athwart; be blocked; cause difficulties,GIB,,60
qiāpu,V,(en)trust; trust; entrusting; trusting; appoint; believe; believing; confide,TAM.TAM.MA,,60
sikkūru,N,bar; bolt; gag?; lock,SAG.KUL,𒊕𒆰,60
sittūtu,N,those remaining,,,60
udīni,AV,up till now; yet,,,60
ummi šarri,N,queen mother,AMA-LUGAL AMA-MAN,,60
ēribu,N,enterer; (palace-)enterer; entering; (in)coming,,,60
šukênu,V,prostrate oneself; prostrating oneself; prostrate onself; prostrate; prostrating,KI.ZA.ZA,𒆠𒍝𒍝,60
šūmū,N,garlic; garlic bulb,SUM,𒋧,60
ṣēlu,N,rib; side; wing (of a house); ribcage,TI,𒋾,60
arītu,N,"pregnant one; pregnant woman; shield; (a knife, dagger); shield bearer; pregnant (woman); shield-bearer",,,59
erēbu,N,"raven; rook; crow; crow fish; crow, raven",,,59
guṭṭu,N,the sign GUD,,,59
karû,N,(a wooden stand or platform); grain-heap; grain-store; grain heap; hold on boat; heap,,,59
kurkanû,N,(a medicinal plant),,,59
nabāsu,N,red wool; red(-dyed) wool,,,59
nubattu,N,evening (rest); eve of a festival; evening meal; overnight stay; vigil; evening; vigil ceremonies; night,,,59
nādinu,N,giver; seller,,,59
sarru,N,false one; criminal; liar; grain heap; stack; thief,ZAR-ME,,59
sissiktu,N,hem; garment-fringe,,,59
teknû,N,loving care; care; comfort; praise,,,59
uggatu,N,rage; fury; anger,,,59
ullânu,AV,there and then; other than; from the start; immediately; there; before; without; suddenly,,,59
urādu,V,go down; bring down; come down; bringing down; going down,,,59
wālittu,N,one who gives birth; mother,,,59
šalšu,NU,third; one-third; the day after tomorrow,,,59
šillatu,N,booty; impudence; iniquity; blasphemy,,,59
šiāti,IP,her; that; this same,BI,𒁉,59
ṣarpu,AJ,burnt; reddened; fired bowl; fired; refined silver; baked; dyed,,,59
ṭawû,V,spin; plait; spinning,NU.NU,𒉡𒉡,59
ṭēhu,N,immediate vicinity; side-wall? of ship; proximity; in the vicinity,SUHUR,𒋦,59
atwû,N,speech; word,,,58
daprānu,N,juniper; (a tree-like variety of) juniper,,,58
ilku,N,(state) service; state service,,,58
karû,V,be(come) short; diminish; be(come) constantly short; constantly become diminished; shorten; shortage,,,58
kiškattû,N,(industrial) kiln; forge; craftsman,,,58
KUR₂,N,KUR₂,,,58
mulmullu,N,arrow,,,58
riāšu,V,rejoice; rejoicing,,,58
šahātu,V,"be(come) afraid; fear; wash; washing down; wash (off); wash oneself down; wash (off, away); washing off",,,58
šalāš,NU,three,,,58
šanû,NU,second; next; deputy; secondly; deputy (governor),,,58
šulû,N,street,,,58
šuātunu,IP,those,,,58
ūsu,N,straight path; goose; usage; duck; goose-head; good practice,,,58
ḫīlu,N,exudation; resin,ILLU,,58
ṣalāʾu,V,throw (down); cast off; cause to lay down; lay down,,,58
ṣipru,N,point; trim; pointed ornament; (a metal ornament); crest,,,58
anūtu,N,position of Anu; divinity; position of An; highest rank; tools; utensil,,,57
egerrû,N,utterance; ominous utterance; reputation; slander,INIM.GAR INIM.GAR-MU INIM.GAR.RA,,57
karṣu,N,slander,EME.SIG,,57
kaṣû,AJ,cold; cool,SED EN.TE.NA,𒂗𒋼𒈾,57
kaṣāṣu,V,grind; grind one's teeth; cut off; grinding; cause a gnawing pain; cutting down; chew; chewing,,,57
kettu,N,truth; truly; true,,,57
kunnu,AJ,fixed; firm; established; correct; installed; firmly established; settled; doing permanently,GI.NA,𒄀𒈾,57
kusāpu,N,crumb; bread,NINDA-ME NINDA-HI.A NINDA,,57
kuštāru,N,tent,,,57
litbušu,AJ,clothed; clothing; decorated,,,57
mišlu,NU,half; middle,BA.AN BAR,𒁀𒀭,57
namaddu,N,measuring vessel; measurement; darling,,,57
nārtu,N,ditch; canal; river; female musician; female singer,,,57
palkû,AJ,wide; broad,,,57
paṭīru,N,portable altar; offering table; (a table),,,57
turminabandû,N,(a type of mottled stone); breccia; (a dark stone) breccia; (a breccia or marble),,,57
zaqru,AJ,high; tall,,,57
abiktu,N,defeat,,,56
aragubbû,N,the sign DU,,,56
asû,N,physician; (a wooden part of the loom); decorative strap on a door; warp beam,A.ZU,𒀀𒍪,56
būšānu,N,"bad smell; (a disease of the mouth, nose and skin); (a plant); (a medicinal plant); disease; (a disease)",BI.LU,𒁉𒇻,56
edû,N,flood; wave,,,56
ezēzu,V,be(come) angry; rage; be(com)ing angry; raging; being angry,,,56
gaṣṣu,N,gypsum,IM.BABBAR,,56
geštarû,N,the sign PA,,,56
kiššu,N,(meaning unknown); (reed-)bundle,,,56
mašrû,N,riches; wealth; prosperity,,,56
mimmû,XP,all; all that; whatever,,,56
mithāriš,AV,in the same manner; simultaneously; altogether,,,56
mušītu,N,night(-time); night; night-time; at night,,,56
namburbû,N,apotropaic ritual,,,56
râbu,V,quake; tremble; making quake; shake; quaking; replace; requite; make shake,SU,𒋢,56
tīru,N,(a courtier); courtier; (a covering); overlay,TIRUM,,56
īku,N,dyke; plot,E,𒂊,56
šakirû,N,henbane?,,,56
šunullu,AJ,buried; laid out,,,56
šurīnu,N,(divine) emblem; (a phenomenon of the eclipsed moon),,,56
šāqû,N,steward; cup-bearer; giver to drink; (a piece of brewer's equipment); cupbearer; (a drinking utensil?); butler,BI.LUL,𒁉𒈜,56
ūmussu,AV,daily,,,56
ahrâtaš,AV,for ever after,,,55
būṣu,N,hyaena; rock partridge; hyena; (a type of glass); fine linen; byssus,,,55
gamālu,V,do a favour; save; spare; doing a favour; saving; rescue; doing a favor; sparing,,,55
gattu,N,form; physique,,,55
harû,N,(a large container); (an offering ceremony); palm shoot; (a sanctuary); vat,,,55
haṣbu,N,pottery; (small pot); shell; potsherd; terracotta; pettery; (formed) clay,,,55
lišān-kalbi,N,hound's-tongue; dog's tongue,,,55
mūdû,AJ,knowing; expert; wise; one who knows,,,55
nišītu,N,lifting; chosen one,,,55
pagû,N,ape; monkey,UGU.DUL.BI,,55
pelû,N,egg,NUNUZ,𒉭,55
qilûtu,N,burning; burnt material; firewood,,,55
raggu,N,villain; wicked one; wicked person,,,55
rubûtu,N,rulership,,,55
tiālu,N,white cedar; (a tree); (a tree and its wood),,,55
zīqīqu,N,wind; breath; (ghostly) gust; ghost; phantom,,,55
ēpištu,N,sorceress; work team; she who acts (of goddess),,,55
šahītu,N,sow,,,55
šipṭu,N,judgement; threat; responsibility; strict order; verdict; judgment; thread; punishment,GIL,,55
šâšunu,IP,(to/of) them; them; to them; to those,,,55
šūpû,AJ,made apparent; resplendent; made resplendent; splendid,,,55
ṭābiš,AV,well; graciously,,,55
ahāʾiš,AV,each other; one another,,,54
anzû,N,lion-headed eagle,,,54
būdu,N,shoulder; (an implement); (a festival)?,,,54
dandannu,N,all-powerful one,KALA.GA,,54
hittu,N,"(utterance, phps.) riddle; lintel",,,54
karašu,N,leek,,,54
maṭû,V,be(come) little; be(com)ing little; reduce; decrease; diminish; subtract; suffer reduction; weaken,,,54
minûtu,N,count(ing); count; incantation; number; recitation; calculated time; contingent,,,54
muterru,N,(re)turner; (a bolt); (wooden part of a fowler's net); glass rake,,,54
mutu,N,husband,DAM DAM-BI DAM.NITA,𒁮,54
mušimmu,N,one who decrees; one who determines,,,54
napultu,N,throat; life; person,ZI,𒍣,54
nēmedu,N,"that on which one leans; (back)rest; base; base, socle for cultic symbol; (back)rest of furniture; support; chair with back; socle",,,54
tahtû,N,defeat,,,54
zaqātu,V,sting; cause a stinging pain to; stinging,,,54
āšipu,N,exorcist; sorcerer,,,54
šapal,N,underside; under,KI.TA,𒆠𒋫,54
šawiru,N,ring; bracelet,HAR,,54
ṣāriru,N,flashing red; (a gold alloy),,,54
bulṭu,N,life; cure; prescription; treatment; health; remedy,,,53
bunnannû,N,physiognomy; (facial) features; (pleasant) features; image,,,53
burrumu,AJ,multicolored; shining; multicoloured; multicoloured one,,,53
burūmû,N,heaven,,,53
ellāmu-,PRP,before,,,53
eššu,N,new one; the sign AB; shrine,,,53
hassu,AJ,clever; remembering; understanding; wise; conceived; mindful; remembered; circumspect,,,53
hazannu,N,mayor; (an alliaceous vegetable),,,53
idi,PRP,next to,DA,𒁕,53
mersu,N,(a cake); sweet cake; (a cake) ingredients; (a confection),,,53
mušaknišu,N,one who makes someone bow down; one who make someone bow down; one who makes someone submit,,,53
mâdu,V,be(come) many; be(com)ing numerous; be(come) numerous; being many; be plentiful; make numerous; making numerous,,,53
mērênu,N,"nakedness; in naked, wasted state",,,53
tartānu,N,deputy; second in command; (a high military official),,,53
tašlīšu,N,third man on chariot; third man (of a chariot crew),,,53
uzzu,N,anger; wrath; rage,,,53
waṣābu,V,add; adding; increase,,,53
ziqnu,N,beard,,,53
šalṭiš,AV,imperiously; triumphantly,,,53
ardadillu,N,(a plant); plant,,,52
attī,IP,you; you (f.),,,52
epuštu,N,ritual (instructions); ritual; deed,,,52
imtu,N,poison; (poisonous) spittle; venom,,,52
kurû,AJ,short,LAGAB,𒆸,52
littu,N,cow; stool; descendant; old age,,,52
marāru,V,be(come) bitter; being bitter; be(com)ing bitter; make prevail; study,,,52
nesû,AJ,far; distant,,,52
nēpešu,N,activity; ritual; procedure; tool; (method of) construction; (siege) machine; construction,,,52
sû,N,the sign SI; (a hard stone); (a kind of reed mat),,,52
takiltu,N,(a precious blue-purple wool); purple (wool); blue-purple wool,,,52
wuʾʾurtu,N,commission; command,,,52
zamāru,N,song; hymn; praise,,,52
zīru,N,hate; hate-magic,HUL.GIG HUL.GIG.GA HUL.KI.IK,,52
šassūru,N,womb; (an insect); insect,,,52
abukkatu,N,(a kind of rush?); (a plant); sap of a.; (a kind of rush),LI.DUR LI.TAR,𒇷𒋻,51
adāru,N,(a tree); poplar; poplar? tree,,,51
ahāmiš,AV,one another; each other; together,,,51
akanna,AV,here; hither; now; there; where,,,51
appatu,N,tip; bridle; rein,,,51
ašūhu,N,pine-tree,,,51
ginâ,AV,constantly; regularly; always; as usual,,,51
ikku,N,temper; mood,,,51
kanāku,V,seal; sealing,,,51
lābu,N,lion,,,51
malmališ,AV,correspondingly; as one; in equal amounts; in equal quantity; equally,,,51
murappišu,N,one who expands; one who makes wide,,,51
nakkamtu,N,treasure; storehouse; treasury; reserve,NA.KAM.TUM,,51
nasāqu,V,choose; choosing,,,51
rēštû,NU,first; first-born; first-class; foremost; prime quality; prime,SAG,𒊕,51
sangû,N,(a metal object); sangû; priest,,,51
unīqu,N,female kid,,,51
watru,AJ,huge; additional; excess; extra; intercalary; larger; outstanding; surpassing,DIRI DIRI.GA,,51
zittu,N,share; portion,HA.LA,𒄩𒆷,51
šagāšu,V,kill; killing; murder; extinguish; slaughter; be(come) annihilated; be(come) massacred,,,51
šuāšim,IP,to him; that; for him; him; it; of that,,,51
šêtu,V,be remaining; leave (to stand); be(come) remaining; escape; leave; be/leave remaining; being remaining; be negligent,,,51
ṭarādu,V,name; be called; send off; dispel; drive away; driving out; be(come) driven away; dispatch,SAR,𒊬,51
agammu,N,marsh(es),,,50
ahulap,J,(it is) enough!; mercy!; (an exclamation used to express or to seek compassion),,,50
aklu,N,overseer; bread; food,NINDA-HI.A NINDA.HI.A NINDA,,50
akê,QP,how?; how!; how; so,,,50
ašāru,V,muster; instruct; sink down; be(come) brought out; release; mustering; organize; review,,,50
berqu,N,lightning (flash); lightning; figurine,,,50
bēl dabābi,N,adversary; enemy; male adversary,,,50
erpetu,N,cloud,DUNGU DUNGU-ME IM.DIRI,,50
esēpu,V,gather together; collect up; skim off; collecting; gathering together; collect,,,50
eṣemṣēru,N,backbone; back; spine; keel of boat,,,50
karāṣu,V,break off; breaking off; slander; breaking up,,,50
katmu,AJ,covered; closed; hidden; concealed,,,50
marṣiš,AV,bitterly; laboriously,,,50
mašqītu,N,watering place; (medicinal) potion; drink,,,50
nuhatimmu,N,cook,MUHALDIM,,50
pāšu,N,axe; hatchet,,,50
taku,N,the sign TAK₄,,,50
tittu,N,fig (tree); fig; fig tree,,,50
warka,AV,afterwards; at the rear; backwards,EGIR,𒂕,50
ādiru,N,one who is full of awe; full of awe; full of fear,,,50
šallu,AJ,plundered; captive,,,50
šalû,V,submerge; plunge; fling; spray; flinging; submerging; cast away; throw,,,50
šapû,V,wrap up; be(come) dense; be(come) repeatedly dense; continually be(come) loud; be(come) silent; silence; fasten; be(com)ing dense,GAG.GAG,,50
šikinnu,N,(a net); (container for oils etc.); (a container for oils etc.); flask; (container for oils); (meaning uncertain),,,50
šisītu,N,cry; call; clamour; joint; proclamation,,,50
šubû,N,(a semiprecious stone),,,50
ṣaddu,N,(wooden) signal; sign; portent,,,50
bibbulu,N,day of moon's disappearance; (day of the) New Moon; flood; day of the disappearance of the moon; (day of the) new moon,,,49
daddû,N,the sign DA,,,49
erēpu,V,cloud over; grow dark; be(come) constantly gloomy; clouding over; growing dark; darkening,,,49
hibiltu,N,wrongdoing; damage(s); damaged parts; debt; damage,,,49
inanna,AV,now,,,49
kamūnu,N,(a fungus); cumin; fungus; 'grain',UZU.DIR,,49
kinūnu,N,brazier; oven,GUNNI KI.NE,𒆠𒉈,49
mūšaru,N,"garden(-plot); unit; (flower, vegetable) bed; garden; surface measure; garden plot; (surface measure); garden-(plot)",SAR,𒊬,49
nablu,N,flash of fire; flame; (a vessel?),,,49
nahīru,N,nostril; spout,,,49
nissatu,N,wailing; misery,ZARAH SAG.PA.LAGAB,𒊕𒉺𒆸,49
nâšu,V,rock; be(come) loose; pulse; quake; shake; rocking; shaking; quaking,,,49
nīš libbi,N,desire; potency,,,49
salāhu,V,sprinkle; sprinkling; lustrate; sprinkle (with); sprinkling (with),SUD,𒋤,49
summatu,N,(female) dove; a fish; dove,,,49
tarṣu,AJ,"stretched out; extended; pointed; spread; correct, proper; straight; appropriate; correct",,,49
urmahhu,N,lion colossus; lion,UR.MAH,𒌨𒈤,49
uršānu,N,warrior; heroic; hero; wild dove; champion,DI.KUD,,49
šugidimmakku,N,hand of the ghost (an illness); 'hand-of-a-ghost',,,49
šāpiru,N,giver of instructions; administrator; governor; boss; ruler; commander; leader,UGULA,,49
ṣillû,N,thorn; spike; pin; needle,,,49
ṣubbû,V,observe (from a distance); gaze; carry out according to plan; observing; perfect; observing from a distance; observe; be recognizable,,,49
ṣumlalû,N,(a spice plant),GAM.MA,𒃵𒈠,49
adru,AJ,afraid; dark; eclipsed; gloomy; scared,,,48
gallû,N,(a demon),,,48
gašru,N,strong one; very strong one,,,48
ikkāru,N,farmer,,,48
inūmīšu,AV,in those days; then,,,48
itqūru,N,spoon; (an ointment); blade; shallow bowl; pan of a balance,,,48
kattillu,N,(a predatory animal),,,48
kidinnu,N,protection; watch,BAR UBARA,𒁇,48
kilallān,AJ,both,,,48
kisimmu,N,sour milk; sour milk?; the sign KISIM₅,GA.HAB,,48
maqittu,N,dilapidation,,,48
mašdahu,N,procession (street); processional road; measure,,,48
mugirru,N,chariot,,,48
nakādu,V,beat; be worried; thrive; be(come) frightened; have palpitations; having palpitations; being anxious; being frightened,,,48
nannāru,N,light of the sky; moon,,,48
nanû,N,the sign NA,,,48
nukuššû,N,(a door fitting),,,48
nēr,NU,600; all,,,48
pišannu,N,box; gutter; basket; door socket; chest,PISAN,,48
qatnu,AJ,thin; narrow; part of body; thin one; junior,SIG,𒋝,48
sellu,N,basket; (a kind of arrow); archivolt,,,48
sukkallu,N,the sign LUH; (a court official); vizier,SUKKAL,,48
ušumgallu,N,great dragon; lion-dragon,,,48
waqû,V,wait (for); attend; waiting; wait; being attentive; respect; wait for; attend to,,,48
watartu,N,excess; grammatical term; a kind of wheel; (a kind of waggon wheel); (a kind of wagon wheel); grammatical feature; addition,DIRI.GA DIRI,,48
šahtu,AJ,revere; reverent,,,48
šemû,AJ,heard; hearing; obedient; propitious; informed,,,48
ṣibûtu,N,wish; desire; what is needed; plan; construction; interest; objective,,,48
bābilu,N,one who carries,,,47
ettūtu,N,spider,,,47
gizillû,N,torch,,,47
kammantu,N,(an edible plant),,,47
kaqdâ,AV,constantly,,,47
mahṣu,AJ,beaten; smashed; woven; struck; clashed; stabbed; broken; cut,,,47
marqītu,N,refuge,,,47
marāqu,V,rub; clear of claims; wipe out; rub something; crushing; rub s.th.; rubbing s.th.; grind,,,47
mehṣu,N,blow; (type of engraved gem?); attack (of demon); type of engraved gem?; wound; (woven) textile; bite; raid,,,47
mušarbû,N,one who makes surpassing,,,47
mītu,N,dead man; dead; dying man; dead person,,,47
nakālu,V,be(come) skilful; making skilfully; make skilfully; devise,,,47
namrāṣu,N,hardship; difficulty,,,47
nizmatu,N,desire,,,47
pišertu,N,release; phlegm?; dispelling ritual; loosening; (an agricultural activity); disposal,,,47
puzru,N,concealment; refuge; shelter; hidden place,,,47
qan-šalāli,N,(a type of reed),,,47
rašbu,AJ,terrifying; terifying; awe-inspiring,,,47
ruʾtītu,N,sulphur,,,47
sīrāšû,N,brewer,LUNGA,,47
tubqu,N,corner; the (four) quarters; (outer) corner,,,47
udû,N,tools; container; equipment; the sign LU,,,47
urruhiš,AV,very quickly; very soon; speedily,,,47
warhišamma,AV,monthly,,,47
wāšipu,N,exorcist; sorcerer; exoricst; incantation priest,KA.PIRIG,𒅗𒊊,47
ziāqu,V,blow; waft; blow in; blowing,,,47
šikkû,N,mongoose,,,47
šurruhu,AJ,very proud; splendid,,,47
šīnātu,N,urine,,,47
ṣarāru,V,flash; ooze; flare up; drip; dripping; flashing,SUR,𒋩,47
ṭebû,V,sink; continually submerge; sinking; stick; sinking repeatedly; submerging; submerge,,,47
erištu,N,demand; desire; (a plant?); Request (on liver); request; designation of certain plants,,,46
ernittu,N,triumph; victory; desire,,,46
gagû,N,the sign GA; cloister,,,46
habābu,V,murmur; twitter; make low; caressing; hiss; murmuring; make gurgle; make noise,,,46
itûtu,N,selection,,,46
kamāru,V,pile; sum; be heaped up; accumulate; heap up; piling up; piling; pile up,,,46
kāṣiru,N,tailor; 'knotter'; man who binds; knotter; (a kind of mongoose); (a type of craftsman); who arranges,,,46
kītu,N,the sign KID; (a reed mat); (meaning uncertain),,,46
lammu,N,(a tree); almond tree; the sign LAM,,,46
lilissu,N,kettledrum,,,46
mindēma,AV,perhaps,,,46
mušennû,N,the sign HU,,,46
māšartu,N,inspection; review,,,46
nuhurtu,N,(a variety of asafoetida),NU.LUH.HA,𒉡𒈛𒄩,46
puqqu,V,pay attention to; be(come) anxious; paying attention to; heed; be anxious; look forward to; crave for; attention,,,46
rimku,N,bath; wash water; bathing procedure; washing ceremony,,,46
rēqu,AJ,far; distant; empty; free; unemployed; empty-handed person,,,46
sapāru,N,(deity's) net; net,,,46
tahluptu,N,covering; armor; cloak,,,46
tālittu,N,offspring of animals; offspring; birth,,,46
tānēhu,N,moaning; lament; distress; wailing,NIR,,46
ulṣu,N,pleasure; rejoicing,,,46
waqāru,V,be(come) rare; be(come) scarce; cherish; gain value; be(com)ing rare; esteem; value; be(come) precious,,,46
zakû,AJ,pure; clean; free; exempt; cleaned (barley); clear (thing),,,46
šētu,N,(hunting) net; net,,,46
ūʾa,J,woe!,,,46
arāhu,V,hasten; hastening; speed up; send speedily,,,45
atû,N,gatekeeper; (a kind of dark wool); (Sutian word for throwing stick),,,45
aḫu,N,brother; arm; side,,,45
babālu,V,carry; be carried; carrying off; carrying; bringing,,,45
bašmu,AJ,created; extant; depicted,,,45
bukru,N,son; first-born,,,45
dāru,N,era; eternity; everlasting duration; perpetuity,,,45
gišhurru,N,plan; design,,,45
gumāhu,N,prize bull,,,45
ibru,N,friend,,,45
ilittu,N,birth; offspring; native,,,45
illātu,N,saliva; spittle,,,45
imitta,AV,on the right; rightwards,ZAG,𒍠,45
kallumu,V,show,,,45
kispu,N,funerary offering,,,45
liqtu,N,gathered material; (a quality of gold); gleanings; selection; (desig. of quality of gold); excerpt,,,45
līliātu,N,evening,KIN.SIG,𒆥𒋝,45
līṭu,N,hostage; sketch; plan,,,45
muṭibbu,N,one who makes pleasing; one who overthrows?; one who pleases; one who makes good; who pleases,,,45
narbû,N,greatness; great achievement; great deeds,,,45
padānu,N,way; Path (on liver); (a part of the liver); path; road,,,45
paršīgu,N,headdress; paršīgu-cover; turban; headband,,,45
patû,V,open; discharge; keep away; make discharge; dismiss; opening,BAD,𒁁,45
paṭru,AJ,released; loose; fissured; open; be(come) dispelled; untied; eased,DUH,𒂃,45
rāṭu,N,water-channel; water channel; drain; pipe; water pipe; channel,,,45
rēdû,N,soldier; drover; accompanying (ox)?; administrator; follower; guide,,,45
taklu,AJ,reliable; trusting; trusted; relying on,,,45
terhatu,N,bride payment; bridewealth; dowry,,,45
tulû,N,breast; a bowl; (a kind of bowl),UBUR,,45
tīyatu,N,(a medicinal plant); medicinal plant; umbel?; (an herb and shrub),,,45
upīšū,N,(magical) procedures; sorcerous devices,,,45
zagmukku,N,New Year (festival),ZAG.MUK,,45
ākilu,N,eater; a type of performer; that eats; one who eats; one who enjoys,,,45
šapiltu,N,lower (part); assistant; anvil-stone; inner (part); remainder; lower part,,,45
šumuttu,N,beetroot; beetroot?; (a red vegetable),SUMUN.DAR,,45
šūrubtu,N,bringing in; supply; delivery,MU.DU,𒈬𒁺,45
asakku,N,(a demon or illness); (a wind); (an evil demon); taboo; (disease caused by the asakku demon),AZAG,,44
ayyaru,N,flower; rosette; (meaning unknown); young man,,,44
bēl awāti,N,male litigant,,,44
ešmarû,N,(a silver alloy),GU.AN.NA,𒄖𒀭𒈾,44
gašīšu,N,stake,,,44
gerû,V,be(come) hostile to; attack; oppose; be(com)ing hostile to; be(come) hostile; argue; claim; start a lawsuit,GA.BA.AL,𒂵𒁀𒀠,44
igirû,N,heron,,,44
kubšu,N,headcloth; crest; top; turban; headdress; cap; headgear; hat,U.SAG,𒌋𒊕,44
kāgu,N,the sign KA,,,44
lulu,N,the sign LU₂,,,44
mati,QP,when?,,,44
mešrêtu,N,limbs,,,44
mithurtu,N,convergence; opposition; joining of waters; harmony,ME.A,𒈨𒀀,44
mušamqitu,N,one who brings to fall; one who cuts down; one who overthrows,,,44
nulliātu,N,maliciousness; foolishness,,,44
nāmurtu,N,audience gift; present,,,44
pašālu,V,crawl; crawling repeatedly; constantly crawl,,,44
perku,N,transversal; (a part of a gate); region; throughout; transverse line; frontier of urban district; line; crime,,,44
qadu,PRP,together with; up to,,,44
qerītu,N,banquet,,,44
rūqu,N,distance; far apart one; distant one; faraway place,,,44
suppīnu,N,(a builder's tool),,,44
supālu,N,(a) juniper; a kind of juniper; (a juniper); juniper; type of plant,,,44
ulāpu,N,rag,,,44
wēdiššī-,AV,alone; he/you (etc.) alone,,,44
šabāsu,V,be(come) angry; be(com)ing angry,,,44
šeleppû,N,turtle; (a kind of snake); figurine,,,44
šitūltu,N,discussion; consultation,,,44
šuridu,N,the sign TAG,,,44
šēnu,N,sandal(s); sandal; shoe; (a wooden part of a waggon); (a wooden object); (a fish); (a type of fish),,,44
ṣūmu,N,thirst,,,44
apāru,V,cover the head; putting headgear on the head of; be crowned; put (a crown) on the head of someone,,,43
asurrû,N,lower course; footing; lower course (of a wall),A.SUR,𒀀𒋩,43
atānu,N,she-ass; donkey mare; jenny; mare,,,43
aššum,PRP,because (of); because; because of,,,43
barbaru,N,wolf,UR.BAR.RA,𒌨𒁇𒊏,43
entu,N,high priestess,NIN.DINGIR.RA,,43
gamlu,N,bent stick; throwing-stick; curved staff; bent stick (as projectile); designation of a canal with a bend; (meaning uncertain),ZUBI,,43
gīšu,N,the sign GIŠ,,,43
hulālu,N,(a valuable stone); chalcedony?; banded agate,,,43
išpartu,N,female weaver,,,43
kapru,N,village,,,43
KUR,N,(after sunrise),KUR,𒆳,43
kuānu,V,be(come) permanent; decree; be(come) tried; be(come) firm; confirm; establish; secure; set up,,,43
madāktu,N,(military) camp; military camp,,,43
mēlû,N,height; high place; step; (stone) step; ladder,SUKUD,,43
narāmtu,N,loved one; beloved (woman),,,43
našpartu,N,message; mission,,,43
nindû,N,the sign GAR,,,43
nudunnû,N,marriage gift; present; dowry,,,43
nutillû,AJ,unfinished sign; not completed,,,43
nērārūtu,N,aid,,,43
pilšu,N,breach; Perforation (on liver); hole; opening; perforation,,,43
qutru,N,(a plant); (a medicinal plant); smoke,,,43
turtānu,N,second in command; commander-in-chief,,,43
udru,N,Bactrian camel,,,43
warqu,N,yellow-green one; greenery; yellow; greens; yellow one; yellow thing; vegetable,,,43
zabbilu,N,bearer; (used to) bearing,,,43
zaqtu,AJ,pointed; barbed,,,43
āhizu,N,one who takes; one who learns; informed person,,,43
šû,N,(a stone); sheep; the sign ŠU; the sign EŠ₂,,,43
šūluku,AJ,brought to readiness; appropriate; caused to go; became something; befitting,,,43
ṣummirātu,N,desires; wishes; aims; wish,,,43
abarakku,N,steward,AGRIG,,42
akkullu,N,hatchet; pick(axe),,,42
ašqulālu,N,(a marine plant); whirlwind; (a weapon); a plant,,,42
banû,N,good one; something good,,,42
biṣṣūru,N,female genitals,,,42
dalāpu,V,stir up; be sleepless; stirring up; constantly harass; harass; occupy oneself with; stay awake; provide,,,42
daqqu,N,minute one; the sign DAG,,,42
edēlu,V,shut; locking; shutting; be(come) locked; bolting; lock,,,42
hušahhu,N,need; famine; shortage,,,42
kašāṭu,V,cut off; cut down,,,42
kaṣû,V,be(come) cold; cool down; be(com)ing cold; continually become cold; cool,SED,,42
mahrû,N,earlier one; first one; (a type of spade); former one,,,42
maḫāru,V,face; receive; accept; acceptance; appeal to; befall; collect; have someone receive,,,42
muštaʾʾûtu,N,leisure,,,42
namṣāru,N,sword,,,42
peṣû,N,white one,,,42
pulukku,N,needle; axis; boundary; stake; boundary marker; sharp rock,BULUG,𒁑,42
pāniu,AJ,previous; first; vanguard; former (one); former; previous people,,,42
rappu,N,hoop; clamp; (neck) stock; pole?,,,42
santakku,N,"triangle; wedge; cuneiform wedge; triangle, wedge; one",,,42
saḫlû,N,(a cultivated plant); cress,,,42
suālu,N,cough; phlegm,,,42
sīsû,N,horse,,,42
zaʾnu,AJ,adorned,,,42
ēdiš,AV,alone,,,42
šabrû,N,(a temple official); interpreter of dreams; administrator; a temple official,,,42
šalummatu,N,radiance,SU.LIM,,42
šatammu,N,administrator; chief temple administrator,,,42
šašmu,N,(single) combat,,,42
šimmatu,N,paralysis,,,42
šūt,PRP,because of; concerning,,,42
ṣahtu,AJ,pressed; desired; desirous,SUR SUR.RA,𒋩,42
atappu,N,ditch; (small) canal; headstall,,,41
dāʾišu,N,thresher; crusher,,,41
ezziš,AV,furiously,,,41
galātu,V,tremble; frighten; trembling; be(come) constantly frightened; be(come) frightened; continually trembling; frightening; constantly make tremble,MUD,,41
guhlu,N,kohl; antimony paste; antimony,,,41
imbuʾ tâmti,N,(a mineral); algae,KA.A.AB.BA,𒅗𒀀𒀊𒁀,41
išqillatu,N,(a type of) shell; pebble; (a type of shell),,,41
kadabbedû,N,oral paralysis; (a ritual); aphasia; 'seizing-of-the-mouth' magic,KA.DAB.DA.KAM KA.DIB.BI.DA,𒅗𒁳𒁉𒁕,41
kanû,V,care (for); be treated with honor; honor; treat kindly; do honour to; honour; praising; caring for,,,41
kirimmu,N,(crook of) arm,,,41
kukkallu,N,fat-tailed sheep,,,41
lemēnu,V,be(come) bad; make unfavorable; do evil; trouble; make bad; treat badly; be(come) miserable; misfortune,,,41
maʾdû,N,(large quantity); (large) quantity; abundance,,,41
muššuru,V,sink down; abandon; forsake; leave; release; let go; spare,,,41
māmū,N,water,,,41
mētu,AJ,dead; dead person,,,41
nashu,AJ,torn out; subtracted; excerpted; uprooted; torn,SUH ZI,𒍣,41
nawû,N,pasturage; steppe; deserted land; flocks,A.RI.A,𒀀𒊑𒀀,41
pelludû,N,cult(ic rites); ritual,PA.AN,𒉺𒀭,41
pitnu,N,box; string of a musical instrument; string (of a musical instrument); cloud formation; string; chest,,,41
pūru,N,(a shallow bowl or platter); (stone) bowl; (stone) base; lot; parcel,BUR,𒁓,41
qallu,AJ,light; little; boy; slave; small,,,41
qarānu,V,stack up; storing up; stacking up,,,41
ramunu,N,self,,,41
simānu,N,(right) occasion; appropriate time; ripeness; ripening period; time; season,,,41
uhūlu qarnānû,N,glasswort,NAGA.SI,𒉀𒋛,41
utullu,N,herdman; herdsman; chief herdsman; herds administrator,UTUL,,41
zenû,AJ,angry,DIB.BA,𒁳𒁀,41
šamāṭu,V,tear away; rubbing away; tearing away; erode,,,41
šaniu,AJ,(an)other; other one,,,41
šina,IP,they (f.); they; these; those,,,41
šiāṭu,V,be(come) neglectful; despise; neglect,,,41
šīhu,AJ,grown (tall); immense; (grown) tall,,,41
ṣarbatu,N,poplar; poplar (wood),,,41
ayāši,IP,to me; me,,,40
ašābu,V,sit (down); seat; stay; make someone sit; place; settle; enthrone; settling,,,40
binītu,N,creation; limbs; fish roe; appearance; structure,,,40
dīšu,N,(spring) growth; grass,,,40
ebbūbu,N,flute,,,40
eblu,N,rope; cord,,,40
elpetu,N,alfalfa grass,,,40
eṭûtu,N,darkness,,,40
huššû,AJ,red,,,40
išippu,N,(a purification priest); purification priest,,,40
kabāru,V,be(come) thick; being thick; make thick; rear up; stir up; thicken,,,40
kitturru,N,"toad; figurine of a toad; toad, frog; (a kind of chair or stool); (part of a throne or stool)",,,40
kāsu,N,cup,,,40
marāṣu,V,be(come) ill; be(come) troubled; cause trouble; make ill; be(com)ing ill; hurt; cause to suffer; displease,GIG,𒍼,40
mašālu,V,equal; be equalled; equal someone; be(com)ing halved; be(come) halved; draw level; replicate; equaling,,,40
maṣṣaru,N,guard; guardian,EN.NU,𒂗𒉡,40
mêšu,V,disregard; forgive; disregarding; neglect,,,40
mūrnisqu,N,select young animal; war horse,,,40
nappillu,N,caterpillar,,,40
natbāku,N,"pouring; layer, course of bricks; allocation; (mountain) gully; grain store",,,40
nittahu,N,the sign UŠ,,,40
nādu,N,(water-)skin; waterskin,,,40
nāmaru,N,mirror; (a garment); watch-tower; tower,,,40
pilku,N,demarcated zone; limit; sector; boundary; work assignment building walls; work assignment,,,40
qerbetu,N,environs (of a settlement); meadowland; environs; meadow,,,40
qerû,V,call; invite; inviting,,,40
rašubbatu,N,terrifying appearance; awesomeness,,,40
tillatu,N,help; reinforcements; vine; bundle; reinforcement; support; auxiliaries,ILLAT,,40
zinnātu,N,support; provisioning,,,40
šalāpu,V,pull out; draw; rescuing; snatch; pulling out; wipe,,,40
šibburratu,N,"rue (Ruta); (a medicinal plant); (a plant, perhaps) rue",,,40
šibirtu,N,lump; block; piece,LAGAB,𒆸,40
šukurru,N,lance; spear,,,40
šurrû,N,start,,,40
šêlu,V,sharpen; sharpening,,,40
šīpu,N,(a yellow paste); orpiment; yellow paste; (a part of the roof),,,40
ūṣu,N,arrow(head); arrowhead; arrow,,,40
ṣītān,AV,at sunrise; in the east,,,40
andullu,N,shelter; canopy; protection,,,39
ašar,SBJ,where; wherever,KI,𒆠,39
ašāšu,V,be(come) distressed; be(come) increasingly depressed; be(come) increasingly upset; be(com)ing distressed; grieving; be(coming) distressed; be(come) worried; be(coming) worried,,,39
bitrû,V,be continuous; stay permanently; be(come) continuous; persevere; persevering; endure,,,39
bārûtu,N,"work of the diviner; lore of the diviner; work, lore of the diviner; extispicy",NAM.AZU,,39
danniš,AV,very; very much; violently; greatly; strongly,KALA,,39
emmu,AJ,hot; feverish,,,39
hamṭiš,AV,quickly,,,39
hullu,N,neck; ring on a door; neck ring; collar; neck-ring,,,39
igigallu,N,wisdom; wise man; wise one,,,39
kalakku,N,(a kind of box); chariot box; excavation; trench; (a kind of wall plaster); (a kind of wall-plaster); kelek; cellar,,,39
kayamānu,AJ,permanent; constantly,,,39
kulbābu,N,ant,,,39
kâšim,IP,to you; for you; you,,,39
laptu,AJ,touched; unfavourable; affected; struck; affected (by disease); damaged,TAG,𒋳,39
līʾu,N,bull; lion figurine,,,39
merdītu,N,(a cultic ceremony); (a restraining device); (an additional offering or libation); (a cultic ceremony or procession); cultic ceremony,,,39
miṭirtu,N,watercourse; canal; water-course; irrigated land,,,39
nagaru,N,the sign NAGAR,,,39
namriš,AV,splendidly; brightly,,,39
pendû,N,(mark on skin); (a red? speckled stone); (a mottled type of limestone); red? speckled stone; red mole; (a red mole); (a semiprecious reddish stone),,,39
pilaqqu,N,spindle; belemnite(?); spindle (symbol),,,39
qebēru,V,bury; burying,,,39
rīmtu,N,wild cow,,,39
salātu,V,split; slit; slitting; splitting; slice through,DAR,𒁯,39
tahūmu,N,border; boundary stone; territory; boundary,,,39
taqānu,V,be(come) secure; adorn; be(come) placid; put in order; recognize; reorganize; reorganizing; keep in order,,,39
uhhuzu,AJ,plated with; overlaid; overlaid with; married,,,39
urigallu,N,standard; hut with standard; bundle; (divine) standard; statue; reed hut,,,39
šapṣu,AJ,recalcitrant; fierce; recalcitant; difficult (of mountain),,,39
šīlān,AV,at sunset; in the sunset; in the west,,,39
alallu,N,(a stone); drain; brown banded agate; (a kind of limestone),,,38
dalhu,AJ,troubled; disturbed; disturbing; obscure; confused,,,38
dâlu,V,move; roam around; move about; roaming around; run round; moving; to roam around; wander around,,,38
ellilūtu,N,power of Ellil; divine supremacy; power of Enlil,,,38
gišallu,N,boat-pole; rudder,,,38
išpatu,N,quiver,,,38
kabru,AJ,thick; large; fat,,,38
kurussu,N,strap,,,38
la-pān,PRP,in front of; because of; from; before; towards; under,,,38
masennu,N,(an administrator); treasurer,IGI.DUB,𒅆𒁾,38
muttaprišu,AJ,winged; one that is winged; flying,,,38
mūtānu,N,epidemic; plague; pestilence,,,38
natāku,V,drip; dripping; trickle; (let) drip; drip away; moisten continually; trickling repeatedly; to make drip,BI.IZ,,38
nītu,N,encirclement; siege; besiege,,,38
purīdu,N,leg; unit; bird,PAP.HAL PAB.HAL,𒉽𒄬,38
pārisu,N,one who decides; one who divides,,,38
qarrādūtu,N,heroism,,,38
qâlu,V,pay attention; be silent; listen; be(come) silent; attend; being silent; paying attention; heed,,,38
rādu,N,rainstorm; downpour; cloudburst,,,38
sāhiru,N,turning; (lower element of a door pivot); convoluted; second pass of the harrow; (a shoe strap); one who sorrounds; searcher; surrounding,,,38
tuāru,V,turn; return; send back,,,38
US₂,AJ,lesser quality,,,38
šamāmiš,AV,to heaven,,,38
šuluhhu,N,purification rite,,,38
šupêlu,V,exchange; be overturned; overturn; exchanging; change; overturning; turn over,,,38
ṣallamtu,N,black thing; black barley; (a bush); (a night bird); basalt,,,38
ṭahādu,V,flourish; supply copiously; making rich in; thrive; make abundant; provide lavishly; providing lavishly,,,38
alû,N,(a kind of drum); (an evil demon); pipe; wind-pipe,,,37
azmarû,N,lance; spear; lancer,,,37
batqu,AJ,cut (off); deficit; replacement; repair work; repaired; damage; damaged; repairs,,,37
bāṣu,N,sand,,,37
damiqtu,N,good; good fortune; goodness; kindness; prosperity,,,37
dikuggallu,N,chief justice,DI.KUD.GAL DI.KUD.GAL.LA,,37
ebāru,V,cross over; bring across,,,37
egû,V,be(come) lazy; disregard; be(come) negligent; be(com)ing lazy; be(coming) negligent; be negligent; being negligent; neglect,,,37
ibbû,N,day of wrath; loss; nineteenth day of the month,,,37
ikkaru,N,farmer,,,37
issu libbi,PRP,from; from out of; from there,,,37
katāru,V,get (as) help; band together; getting (as) help; to get (as) help; wait,,,37
kidudû,N,rites; rituals,,,37
liʾbu,N,(a disease); (a serious disease with associated fever); serious disease,DIH,,37
makūtu,N,staff; figurine; pole,,,37
mazzaztu,N,position; excrement; turn of office,,,37
mušēribu,N,one who introduces; one who brings in; who brings in,,,37
mūnu,N,larva; the sign MUN,,,37
nadnu,AJ,given; gift; sold,SUM SUM.NA SUM.MU,𒋧,37
napāṣu,V,push away; crush; (meaning unknown); smashing; continually beating each other?; pushing away; beating each other?; snapping repeatedly,,,37
nasīku,N,that was cast down; faraway lands; sheikh; tribal leader,,,37
nēmelu,N,profit; prosperity; result,,,37
pahāru,N,potter,,,37
piqannu,N,"droppings (of sheep, gazelle); droppings",A.GAR.GAR,𒀀𒃻𒃻,37
pīhatu,N,responsibility; governor; province,EN.NAM,𒂗𒉆,37
quʾʾû,V,await; wait for,,,37
tēbû,AJ,arising; aroused; ready (for battle); arising one; pulsating; raised; set in motion; insurgent,,,37
tūʾamu,N,twin; twin-brother; double door; twin one,,,37
ulû,N,best oil; best (oil); the best oil/butter; finest oil,,,37
zamar,AV,quickly; now,,,37
zenû,V,be(come) angry; make angry; make odious to; be(com)ing angry; causing to be angry; be angry; exasperation,,,37
šarhu,AJ,proud; splendid,,,37
šibṭu,N,blow; gale; plague,,,37
šināti,IP,them; those,,,37
ṣibittu,N,seizure; captivity; correct behavior; prison,,,37
ṭūdu,N,way; path,,,37
aburru,N,water-meadow; pasture; backyard,,,36
akāšu,V,walk; come; go; speed; repulse; drive away; expel; expelling,,,36
amīlānu,N,(a medicinal plant); (a medical plant),,,36
barāqu,V,lighten; flash; make lightning strike; be struck by lightning; causing lightning to strike; flash repeatedly; strike something with lightning,,,36
bašlu,AJ,cooked; boiling; ripe; refined,,,36
durgu,N,innermost part; (royal) origin,,,36
enu,N,lord; high priestess; (a priest); high priest(ess); high priest,EN.NA,𒂗𒈾,36
girû,N,(1/24 shekel); the sign GIR₂; the sign GIR₃; (meaning unknown),GI,𒄀,36
gitmālu,N,perfect one; perfection,,,36
hakāmu,V,understand; be understood; be(come) cleared up; be(come) recognized; explain; instruct; specify; understanding,,,36
hanābu,V,sprout; bloom; blossom; thrive; flourish; continually flourishing; sprouting; thriving,,,36
kakkû,N,lentil?; lentil,,,36
kussiu,N,chair; throne,GU.ZA,𒄖𒍝,36
kīnu,N,permanent one; faithful one; honest one; reliable one; true one; truth; reliable person,,,36
mahhû,N,ecstatic,,,36
muṭahhidu,N,one who enriches; one who brings abundance; one who provides lavishly,,,36
mūraku,N,length,,,36
nannābu,N,offspring,,,36
nidûtu,N,abandonment; waste land; uncultivated state,,,36
nēberu,N,crossing; ferry(boat); (planet Jupiter); ferryboat; ferry; ford; crossing point,,,36
nīdu,N,l(a)ying; descending; l(a)ying (down); cloud bank; cumulus cloud; laying down; (cumulus) cloud(?),,,36
parsiktu,N,"bushel measure; (a part of a barge); (a measure of capacity, mostly used for grain)",PI,𒉿,36
paspasu,N,duck,,,36
putuqqu,AJ,constantly attentive,,,36
pāširu,N,dissolver; (a pool); releaser; retail merchant; epithet of water; meaning uncertain (said of water),,,36
rihûtu,N,progeny; semen; spawn; sperm; (meaning unknown),A.RI.A,𒀀𒊑𒀀,36
rēhu,AJ,remaining; rest,,,36
supūru,N,sheepfold; flock; outer lunar halo,,,36
sīḫu,N,wormwood (Artemisia)?; (an aromatic plant and its resin),,,36
tabku,AJ,poured out; flaccid; limp; stored; spilled,,,36
tamkāru,N,"merchant; merchant, businessman; moneylender",DAM.GAR,𒁮𒃻,36
tašīmtu,N,discernment; sagacity; practical intelligence; wisdom,,,36
tiqnu,N,proper equipment; ornament made of stones; ornament; embellishment,,,36
UŠ,N,unit; the sign UŠ,,,36
wussû,V,identify; (re)locate; identifying; recognize,,,36
yašibu,N,battering-ram,,,36
zalāqu,N,(a shiny stone); (a light-coloured stone),,,36
zūku,N,infantry; professional troops,,,36
šahālu,V,"sieve; filter; sifting; to sieve, filter; sieving",,,36
šaniānu,AV,secondly; for the second time; second time; another time,,,36
šurrû,V,begin; start; beginning; kindling; inaugurate; fast,,,36
abru,N,pile of brushwood; (a kind of priest); wing; strong one; humanity,IZI.HA.MUN,,35
alkakātu,N,ways of life; actions,,,35
ammiu,DET,that,,,35
ana mīni,QP,why?,,,35
anantu,N,battle,,,35
anzahhu,N,(a kind of glass),AN.ZAH,,35
arammu,N,causeway; ramp,,,35
ašlāku,N,fuller; washerman,,,35
butuqtu,N,breach; cutting; (water from) breach,,,35
buṭnu,N,terebinth,,,35
GAN.U₅,N,(a medicinal plant),,,35
harāpu,V,be(come) early; be(com)ing early; be early; (do something) early; earliness,,,35
hāwiru,N,husband; beloved; consort,,,35
i,MOD,may; let us; let's,,,35
ina šiāri,AV,tomorrow,,,35
itūlu,V,lie down; sleep; lying down; make lie down,,,35
izû,N,the sign NE,,,35
kikkirânu,N,pine or juniper seeds; (an aromatic plant),,,35
kilīlu,N,wreath; head ornament; owl?; (a kind of rush); battlement; mural crown; parapet,GILIM,,35
kimṣu,N,shin; lower leg; calf; knee; support; (lower) leg,,,35
kisû,N,footing; plinth; area around base of building,,,35
lulīmu,N,red deer; stag,,,35
lāma,PRP,before; before (in time),,,35
maltaktu,N,test; official measure; sand-clock; tested measure,,,35
malāhu,N,sailor; god,,,35
mašqû,N,watering place; sprinkling vessel; watering can; drinking place,,,35
mumaʾʾeru,N,commander; leader,,,35
mungu,N,"cramp; stiffness; (a disease involving) cramp, stiffness",,,35
nanzāzu,N,one that stands (in attendance); position (of honour); attendant; that stands (in attendance); poition; prominent position,GUB.GUB,,35
narāṭu,V,sway; causing to shake; shake; tremble; swaying; perturb,,,35
nebrītu,N,hunger(-ration); famine; hunger,,,35
neqelpû,V,float; floating; drift; losing balance?; sail; sailing; sail downstream,DIRI,,35
nābû,N,one who names; one who calls by name; one who decrees,,,35
nēbehu,N,band; belt; girdle; frieze,,,35
nēbertu,N,crossing(-place); crossing; opposite bank,,,35
pattu,N,canal; border (district),,,35
qinnatu,N,buttocks; anus; ass,GU.DU,𒄖𒁺,35
rabbû,AJ,very big; very great; senior; large,,,35
rebû,AJ,fourth,,,35
rîtu,N,pasture,,,35
saskû,N,(a fine flour); fine flour,,,35
sehpu,N,covering; extent; bast,,,35
semeru,N,ring; bracelet,,,35
tarānu,N,roof; protection,,,35
timāli,AV,yesterday,,,35
tēdištu,N,renewal; renovation,,,35
tēnû,N,substitute; change (of clothing); replacement; spare,,,35
zikrūtu,N,manliness,,,35
āširu,N,inspector,,,35
šuršudu,AJ,firmly founded,,,35
šāʾilu,N,dream interpreter; seer; asker; praying mantis,ENSI,,35
ṭênu,V,grind; grinding; grind into flour; pulverize,,,35
akû,N,weak one; crippled one; mooring pole?; cripple,,,34
arrabu,N,dormouse?; (a type of mouse); dormouse,,,34
eššēšu,N,(a feast day),,,34
hibištu,N,crushed pieces (of aromatic wood),,,34
illūru,N,(a flower); illūru-flower; flower; poppy,,,34
išariš,AV,correctly; normally; satisfactorily,,,34
karmiš,AV,into a ruin,,,34
kibtu,N,wheat,GIG GIG.BA,𒍼,34
kisal,N,(a weight),KISAL,𒆦,34
kisurrû,N,border; territory; boundary; ground plan,,,34
kuzippu,N,cloak; garment,,,34
kuzāzu,N,wood-wasp; (a goat),,,34
laqû,V,take; purchase; receive,,,34
lēʾû,N,powerful one; competent one,,,34
maḫāṣu,V,beat; cause a stabbing pain; stir; hit; strike,,,34
mimmû,N,all; all that; anything; whatever; possessions,,,34
muqtablu,N,fighter,,,34
muttabbilu,N,servant; organizer; one who maintains,,,34
muštālu,N,considering one; who considers; one who considers,,,34
muʾuddû,N,(large) quantity,,,34
nalbanu,N,brick mould; frame?,,,34
nâqu,V,to cry (out); cry (out); wailing; crying out; run; running; go,,,34
nēhtu,N,calm; peace,NE.HA,𒉈𒄩,34
parīsu,N,rudder; boat-pole,,,34
pērtu,N,hair (of head); hair,,,34
rab ša-rēši,N,chief eunuch,GAL-SAG,𒃲𒊕,34
rimītu,N,residence,,,34
rēš libbi,N,epigastrium,,,34
sidru,N,row; line of battle,,,34
tilpānu,N,bow,,,34
titūru,N,bridge; causeway; aqueduct,,,34
tēmīqu,N,(deep) prayer; well-conceived presentation of a case; prayer,,,34
zakûtu,N,cleansing; exemption,,,34
zāninūtu,N,rôle of provisioner; role of provisioner; rôle of provisoner,,,34
zītum,N,the sign ZI,,,34
šabāšu,V,gather; gathering; collect; get together,,,34
šadânu ṣābitu,N,magnetite,,,34
šalputtu,N,ruination; destruction,,,34
šaqummatu,N,(deathly) hush,,,34
šarku,N,pus,LUGUD,,34
šutukku,N,reed-hut; reed hut,,,34
šuʾillakku,N,(prayer of) raised hands; (prayer) of raised hands; hand-lifting prayer,,,34
ūmiš,AV,like a storm; like day(light),,,34
ḫurāṣu,N,gold; 'gold stone',,,34
ashar,N,(a kind of stone),,,33
asqubbītu,N,hump,,,33
ašamšūtu,N,dust storm,DALHAMUN DAL.HA.MUN,,33
ašbu,AJ,inhabited; sitting; residing; staying; settled,,,33
ašgigû,N,"arsenic; (a mineral); (mineral, phps.) arsenic; turquoise; (a mineral, perhaps arsenic)",,,33
barāmu,V,seal (up); be(come) variegated; be(com)ing multicoloured; be(com)ing variegated; be(come) multicoloured; colouring; seal; sealing,,,33
battu,N,side; region around; region; (meaning uncertain),,,33
bašmu,N,(mythical) poisonous snake; (mythical poisonous) snake; horned viper,,,33
baṭṭu,N,the sign BAD,,,33
bītānu,N,in the house; interior,,,33
dešû,V,sprout; supply copiously; prosper; letting flourish; sprouting; provide copiously; providing copiously; provide copiously with,,,33
elēnû,AJ,upper,AN.TA,𒀭𒋫,33
elēpu,V,sprout; be(com)ing entangled; making grow; sprouting; (cause to) interlock; increase; mingle,,,33
enzu,N,goat; she-goat,,,33
esēqu,V,incise; assigning; carving; incising; carve,,,33
halqu,AJ,lost; disappearing; missing; fugitive; disappeared; runaway,,,33
hurbāšu,N,frost; chill fear; shivering; terror,SED,,33
iṭṭû,N,bitumen,ESIR ESIR.HI.A,,33
kallāpu,N,(a foot-soldier); outrider,,,33
karru,AJ,put down; piled up; laid,,,33
lahmu,N,hairy; (mythical being); hairy one; (a mythical being); a mythical being,,,33
makāru,V,irrigate; irrigating; let (water) irrigate (the fields); provide irrigation; water,,,33
mutnennû,AJ,pious,,,33
muṣaʾʾirānu,N,frog; figurine of a frog,BIL.ZA.ZA,,33
nagiu,N,region,,,33
napšaštu,N,(bowl for) ointment(s); ointment(s); ointment; salve,,,33
naquttu,N,critical situation; (state of) distress; fear,,,33
našpaku,N,storage vessel; granary; storeroom; cargo boat,,,33
parāʾu,V,cut off; slit; cut through; sprout,,,33
qūlu,N,silence; speechless; dumbness,,,33
rāʾyu,N,shepherd,SIPA,,33
serdu,N,olive tree; olive(s); olive,,,33
sullû,V,appeal; implore; pray; praying; appeal to; appealing to; appealing,,,33
sābû,N,brewer; innkeeper,,,33
takkussu,N,reed-stem; tube,,,33
tizqāru,AJ,exalted; exalter; supreme,,,33
tullal,N,'you purify' (a soap plant),,,33
upnu,N,(cupped) hand; hallow of the hand; fist,,,33
ērib bīti,N,temple-enterer; one privileged to enter the temple; temple enterer,,,33
šitmuru,AJ,very wild; vigorous; praised,,,33
ṣīhtu,N,laughter; delight; delights; flirtations; impishness; laugh; love-making; lovemaking,,,33
adappu,N,horizontal crossbeam,,,32
anzillu,N,taboo; abomination,,,32
bikītu,N,weeping; mourning,KA.MU,𒅗𒈬,32
bukānu,N,(wooden) pestle; (a medicinal plant); (a wooden) pestle; (insect),,,32
bēt ili,N,temple,,,32
dalāhu,V,disturb; be disturbed; be(come) confused; trouble; disturbing; stir up; stirring up; disturbance,,,32
harammāma,AV,later; thereafter,,,32
hatû,V,strike down; striking down; load ship?; loading ship?; (meaning unclear); (meaning unknown),,,32
kāribu,N,one who blesses; (a priest),SUB,,32
laptu,N,turnip; roasted barley,,,32
laqātu,V,gather up; gather together repeatedly; pick up; gathering together hastily; gathering up; take away by force,,,32
lummu,N,a small drinking-vessel; (a small drinking vessel); (a small drinking-vessel); (meaning unknown); the sign LUM,,,32
magarru,N,wheel; waggon; chariot,UMBIN,𒌢,32
minamma,QP,why?,,,32
munawwiru,N,brightening (person); one who illuminates; brightening one; brightening; one who brightens,,,32
muʾerru,N,leader (of an assembly); official; commander; (official); leader,GAL.UKKIN.NA,,32
mēlulu,V,play; dance; shine; playing,,,32
mītūtu,N,(state of) death; death,,,32
nagāšu,V,go to(wards); going towards; roam; wandering; wander about,,,32
nālu,N,roe deer; roe deer?,,,32
pitti,AV,just as; according to; accordingly,,,32
pētû,N,opener; door-opener; porter; thresher; one who opens; the one who opens,,,32
ramku,N,(bathed one); a priest; (a priest); bathed one; (a cultic functionary),,,32
rēmēnû,N,merciful one,,,32
siāqu,V,be(come) narrow; reduce,,,32
sīku,AJ,pounded; powder,KU KU.KU,𒆪,32
tēliltu,N,purification; (ritual) cleansing,,,32
ummânu,N,expert; investor; craftsman; scholar; master craftsman; master,,,32
urbatu,N,(a kind of worm); rush,,,32
usukku,N,temple; upper cheek; side,,,32
utukku,N,(an evil demon),UDUG,𒌜,32
wuššuru,AJ,released; hanging down; left free; exempted; relesed; exempt; abandoned; freed,,,32
yānibu,N,(a stone),,,32
šalšu,AJ,third; one-third,,,32
šamāmu,V,injure; be(come) numb; cause pain; paralyse; cause (someone) pain,,,32
šamāru,V,gloat; praise; gloat?; rage; be(come) agitated; praising; constantly praise; putting (horses) to gallop,,,32
šaplu,AJ,low; low(er); lowly person,SIG,𒋝,32
šīti,IP,she; it,,,32
ṣamāru,V,wish; striving; wish (for); strive (for); strive for; striving for persistently; striving (for),,,32
ṭikmēnu,N,ashes,,,32
ahāru,V,be behind; delay; hold back; be(come) behind; holding back; being late; delaying; hold itself back,,,31
amru,AJ,seen; visible; experienced; seemly; agreeable; chosen; devoted,,,31
asaʾītu,N,tower; pyramid; tower(?),,,31
bartenû,N,the sign ŠU₂,,,31
kabātu,V,be(come) heavy; honor; be(com)ing important; aggravate; be(com)ing heavy; be(come) aggravating; be(come) important; extinguish,DUGUD,𒂂,31
kalgukku,N,(a red mineral paste),IM.KAL.GUG IM.KAL.LA.GUG,,31
kawû,AJ,outer; environs; open country,BAR.RA,𒁇𒊏,31
kaṣru,AJ,firmly joined; tied; knotted; bound; secured,,,31
kiškanû,N,(a tree),,,31
mušabriqu,N,one who strikes,,,31
mušēlû,N,that raises; twisting lever; 'that raises'; (a doorkeeper); one that raises; winnower; (agricultural) implement; necromancer,,,31
nasqu,AJ,chosen; precious; choice; selected,,,31
qiššû,N,cucumber,,,31
qēpu,N,representative; (royal) delegate,,,31
raʾābu,V,shake; be(come) furious; tremble constantly; tremble; being angry; trembling; rage,,,31
sadru,AJ,in order; ordered in sections; placed in order; continual; orderly; regular; regularly happening; doing regularly,,,31
sahālu,V,prick; pierce; pricking; piercing,,,31
uhummiš,AV,like a cliff,,,31
ušummu,N,dormouse; (a rodent),,,31
zâbu,V,dissolve; melt; dissolving,,,31
šapṣu,N,recalcitrant one; tough one; strong one,,,31
šaḫātu,V,wash (off); be(come) washed off; rinse oneself off; smear,,,31
šeššu,AJ,sixth; one-sixth,,,31
šubarrû,N,(tax) exemption; freedom,,,31
šāgišu,N,murderer; one who slaughters; who slaughters,,,31
šēzuzu,AJ,very fierce,,,31
abartu,N,opposite shore; opposite bank,,,30
adnātu,N,world; people,,,30
ahennâ,AV,each by it; separately; each by itself; each by it/himself,,,30
anāqāte,N,she-camels,,,30
arāmu,V,cover; covering; place (tablet) in a (clay) envelope,,,30
bitrû,AJ,enormous; prime quality,,,30
bušṭītu,N,woodworm?; woodworm,,,30
dayālu,N,scout,,,30
daʾmu,AJ,dark,MUD,,30
dipāru,N,torch,,,30
dušû,N,quartz; steatite; dyed leather; untanned leather?; rafts of (inflated) skins; untanned leather; coloured leather,,,30
dābibu,N,(legal) advocate; interlocutor; slanderer; speaker; (legal) advocate?; one who speaks,,,30
dēnu,N,legal decision; case; claim; (legal) case; lawsuit; trial,,,30
egû,N,antimony (paste); the sign E; eye make-up; kohl; negligent one,,,30
ešītu,N,confusion; blurriness; (political) disorder,,,30
eṣēlu,V,paralyse; be(come) sluggish; cramp; be(come) more and more immobilized; become paralysed; immobilize; palayse; being permanently paralyzed?,,,30
garru,N,round one; the sign GAR₃; (a box),,,30
gullultu,N,sin,,,30
harīṣu,N,(city) ditch; moat,,,30
hiāšu,V,hurry; hasten; hurrying,,,30
ikkillu,N,lamentation; clamour; cry; clamor; wail,,,30
kaqqudu,N,head; beginning; (family) head; capital; tip; principal,SAG.DU,𒊕𒁺,30
kurkû,N,goose,KUR.GI,𒆳𒄀,30
kīdu,N,outside; countryside,,,30
kīlu,N,enclosure; captivity; confinement; finale of song; prison,,,30
maqtu,AJ,fallen; collapsed; diminished; drooping; deserter,,,30
matqu,AJ,sweet,,,30
middatu,N,measure; count(ing); dimension,,,30
mumtalku,AJ,deliberate; circumspect,,,30
mēsallu,N,(desig. of salt); (designation of salt); (a type of salt),,,30
mīru,N,breeding bull; (part of the intestines); part of the intestines; fattening (process); sacrificial bull,,,30
mūlû,N,height; hill; ascent; high ground; hieght; climb,,,30
nabû,AJ,called; name; summoned; named,,,30
napāḫu,V,blow; be(come) bloated continually; rise; rising,,,30
naṣmattu,N,bandage; poultice,,,30
padû,V,spare; set free; sparing; to spare; ransoming,,,30
pašīšu,N,anointed one; (a priest); 'anointed' (a priest),,,30
paʾāṣu,V,break up; crush; breaking up; be repeatedly crushed; crushing; steal; steal?; remove,,,30
qītu,N,end,TIL,𒌀,30
ragāmu,V,shout; call out; claiming; raise a claim; raise claim; shouting; call (out); prophesy,,,30
saphu,AJ,scattered,BIR-ME,,30
sugullu,N,herd; cattle,,,30
tankāru,N,merchant,,,30
tašīltu,N,(ceremony of) celebration; delight; joy; festiveness; festivity,,,30
uskāru,N,crescent (moon); crescent,,,30
utnēnu,V,pray; praying,,,30
watmu,N,hatchling; human offspring,AMAR,𒀫,30
wašru,N,submissive one; humble one,,,30
wāṣû,AJ,going out; coming out; the one going out; protruding; appearing; having an exit; wayward; tall,,,30
šalšāya,N,third brother,,,30
šâbu,V,tremble; make tremble; trembling; quiver,,,30
ṣallu,AJ,sleeping; lying (down); lying; asleep,,,30
ṣāṣiru,N,cricket,,,30
ahû,N,outsider; stranger; outside(r) one; strange one; outside(r),,,29
belû,V,be(come) extinguished; extinguish; expire; be(com)ing extinguished; destroying; extinguishing; come to an end; exterminate,,,29
ela,PRP,apart from; without; in absence of,,,29
gisallû,N,eaves; (part of roof),GI.SAL.LA,𒄀𒊩𒆷,29
habbātu,N,plunderer; bandit; designation of planet Mars; robber,,,29
hilāni,N,portico(ed building),,,29
ikû,N,field; (a measure of area); a measure of area; (a linear measure); (meaning uncertain),IKU,,29
ina dāt,PRP,behind; afterwards; back; after,,,29
iṣṣūr hurri,N,rock-partridge; rock-partridge?,,,29
kamûtu,N,bondage; in bondage,,,29
kāšu,N,the sign BI; the sign KAŠ₄,,,29
kēnu,AJ,permanent; reliable; firm; honest; loyal; righteous; truthful one; true,GIN,,29
mašāʾu,V,take away by force; plunder; take by force; rob; be robbed; pillage; robbing; loot,,,29
mekkû,N,(a reed sieve); stick; (reed sieve); drumstick; (type of tool); goad stick; stick (for a hoop),,,29
mithartu,N,square; (side of a) square; totality; mankind,IB.SA UR.A,𒅁𒊓,29
mīrānu,N,young dog; cub; puppy,,,29
naharmuṭu,V,dissolve; dissolving,,,29
nahlaptu,N,garment; cloak; facing; wrap; coat,,,29
nawirtu,N,brightness; light,,,29
nazāru,V,curse; cursing; revile; make hateful; insult,,,29
nukaribbu,N,gardener,,,29
nushu,N,container,,,29
parû,V,vomit; cause to vomit; vomit repeatedly; vomiting; speak basely; speaking basely; speak insultingly to,,,29
pasqu,N,coping (of a wall),,,29
pitqudu,AJ,prudent; circumspect; trustworthy,,,29
pizallurtu,N,gecko; (a plant),,,29
pūhu,N,exchange; substitute; counterpart; loan; changed,,,29
qabru,N,grave,,,29
qaqqariš,AV,(down) to the ground; to ground level,,,29
qarītu,N,grain-store; (a fish); banquet; feast,,,29
qurqurru,N,metal-worker; coppersmith; (an insect),,,29
rehû,V,pour out; pour; have sexual intercourse with; afflict; flow over; inseminating; pour over; having sexual intercourse with,,,29
rihṣu,N,devastation; destruction; flood(ing); flood,,,29
rēdûtu,N,succession; military service; status or service of a rēdû soldier; (a condition of dependence or membership in a retinue); leadership; appropriation,,,29
sekret ēkalli,N,palace woman,,,29
sinuntu,N,swallow; designation of a constellation; a fish,SIM,,29
sāniqu,N,controller,,,29
sīru,N,(wall-)plaster; awning; the sign BU; (reed-)shelter; reed shelter,,,29
umṣatu,N,mole (on skin); (a tough grass); mole; bumps,SAMAG,,29
zāratu,N,tent; (feature of a wall),,,29
šallaru,N,wall plaster; (a type of groats),,,29
šiāhu,V,grow (tall); grow (long); grow; spring up; growing (tall); (meaning unknown); seriousness?,,,29
šiṭirtu,N,writing,,,29
šālilu,N,plunderer,NAM.NE.RA,𒉆𒉈𒊏,29
šūši,N,sixty,,,29
ṣuhhuru,AJ,laughable; (meaning uncertain); very small,,,29
aburriš,AV,in a green pasture,,,28
amūtu,N,liver; omen,,,28
andurāru,N,freedom; exemption; debt-remission,,,28
attū-,IP,belonging to,,,28
ašnan,N,grain,,,28
basi,AV,soon; so that; accordingly; because,,,28
burû,N,(reed) mat; (a garden plant),,,28
buʾāru,N,happiness; good fortune,,,28
dubbu,N,the sign DUB,,,28
duppuru,V,move away; move on; be moved away; remove; withdraw; moving away,,,28
hašhūru,N,apple (tree); apple; (a fruit tree); (a fruit); 'apple' bush,,,28
hilēpu,N,willow,,,28
hubullu,N,debt; interest-bearing loan,,,28
humṣīru,N,mouse; (large) mouse,,,28
imrû,N,fodder; family,,,28
kabābu,N,shield,,,28
kamkadu,N,(a plant),,,28
kasāpu,V,make funerary offering; break (into bits); breaking (into bits); make a funerary offering; make funerary offerings; cut,,,28
kašūšu,N,(divine weapon); catastrophe; (a divine weapon); designation of catastrophe,,,28
kirimahhu,N,park,,,28
kulūlu,N,crown; cornice,,,28
kâti,IP,you,,,28
lallartu,N,female mourner; designation of bird; insect,,,28
laplaptu,N,thirst; thirst (?); thirst?; parching thirst,,,28
masāku,V,be(come) bad; considering as bad; (meaning uncertain); make something bad,,,28
mašādu,V,beat; erase; combing; rubbing; thumping; beating; be stricken,,,28
mugallitu,N,troublemaker; intimidator,,,28
munarriṭu,N,one who makes tremble; one who makes something tremble; the one who makes something tremble,,,28
muškēnu,N,dependant; commoner; poor man; dependant of the palace; dependant (of the palace); pauper,,,28
muššāru,N,serpentine; (a stone with red and white stripes) banded agate; (a semiprecious stone),,,28
mākālu,N,meal; food,,,28
nalbašu,N,cloak; fleece,,,28
naphu,AJ,blown on; blazing; risen; kindled; lit up; bright; swollen; shining,,,28
nimru,N,leopard; panther,PIRIG.TUR,𒊊𒌉,28
pašallu,N,(an alloy of gold),,,28
pašāqu,V,be(come) narrow; suffer; be repeatedly constricted; difficulty; make difficult; suffer difficulties; suffering difficulties; undergo continuous anguish,,,28
persu,N,division; section; sector of an orchard; section of text; sector of orchard,,,28
puggulu,AJ,very strong; strong,,,28
pānītu,N,past; earlier time; previously; earlier (time),,,28
pēmu,N,(upper) thigh,,,28
qurbu,AJ,near; available; involved; impending; relevant; implicated,,,28
rupuštu,N,phlegm; spittle; phleghm; scum,SI,𒋛,28
titû,N,the sign TI,,,28
uplu,N,head-louse,,,28
wašṭu,N,obdurate one; stiff one,,,28
šaddīnu,N,(a tunic); satin,,,28
šamallû,N,"purse-bearer; scribal apprentice; (scribal) apprentice; (scribal, priestly) apprentice; merchant's assistant; apprentice",,,28
šaplītu,N,lower part; lower; below; lower world; netherworld,,,28
šaqîš,AV,high up; loudly; on high,,,28
šibšutu,N,(length of) wood; door-beam; vault; doorpost(?); architrave,,,28
šitluṭu,AJ,triumphant,,,28
šitqu,N,split,,,28
ūlū,CNJ,or,,,28
ṣiṣṣu,N,(wooden bar)?; (a wooden bar)?; (a wooden bar); (wooden bar?) for neck and hand fetters; (a wooden bar?),,,28
ṣulmu,N,blackness; black spot; black wood,,,28
ṭūb libbi,N,mental well-being; contentment; mental health,,,28
anna,J,yes; indeed; certainly,,,27
apru,AJ,with head covered; crowned; wearing; covering; covered (with),,,27
argabu,N,(a bird); bat?; bat,,,27
azupīru,N,saffron; (a medicinal plant),HAR.SAG,,27
aškāpu,N,leatherworker; tanner,,,27
bāmtu,N,ribcage; chest; half,,,27
bēl narkabti,N,charioteer,,,27
duššû,AJ,abundant,,,27
emēqu,V,be wise; pray devoutly; be(come) wise; pray fervently; praying devoutly; praying; to pray devoutly; care for,,,27
ereqqu,N,cart; wagon,,,27
ešer,NU,ten,,,27
ešqu,AJ,solid; massive,,,27
gillatu,N,sin; error,,,27
giškanakku,N,(part of doorframe),,,27
gišparru,N,trap,,,27
hadû,AJ,joyful; happy; rejoicing; delighted,,,27
kalbatu,N,female dog; bitch; (a strap on a plow); strap on a plow,,,27
kallu,N,(kind of) bowl,,,27
kamîš,AV,in a bound state,,,27
kasāru,V,block; lay across; pave; paving; cut off,,,27
kašdu,AJ,achieved; reaching; successful; fulfilled; reached; found; obtained; arrived,,,27
kisittu,N,branches; descendant; tree trunk; ancestry,,,27
kissutu,N,fodder,,,27
kâṣu,V,skin; skinning; flaying; flay,,,27
lahru,N,sheep; ewe; flocks,,,27
laʾû,V,be able; deem; be(come) able,,,27
LA₂,N,(increasing latitude); (negative latitude),,,27
lišdu,N,cream; butter,,,27
lurmu,N,ostrich,,,27
lūman,MOD,were it not for; if only,,,27
lūtu,N,debility; decay; disease,,,27
mahrû,AV,previously,,,27
mamlu,N,impetuous one; impetuous one?,,,27
masabbu,N,(a basket); basket,MA.SAB,,27
mašû,AJ,forgotten,,,27
mašāhu,V,flash; measure; measuring; flashing,,,27
muštahṭu,N,escapee; survivor,,,27
muṣlālu,N,siesta(-time); at midday; midday; siesta; afternoon,,,27
nabalkattu,N,crossing; uprising; fallow part of orchard?; insurgence; insurrection; ladder; rebellion,BAL,𒁄,27
nawû,V,turn into desert; become a ruin; lay waste,,,27
parriṣu,N,criminal,,,27
qabsu,N,middle; in the middle of,,,27
rêqu,V,be distant; go far away; take away; be(come) distant; go away; remove; step back; be(coming) distant,,,27
serrēmu,N,onager,EDIN,𒂔,27
tabû,V,arise; raise; make leave; raising; erect; get up; set off; stand up,,,27
tešmû,N,attention; listening to prayers; obedience; compliance (with a god's or ruler's will); concord; listening,,,27
urinnu,N,standard; (a fish); eagle,,,27
urīṣu,N,male goat,,,27
usandû,N,bird-catcher,,,27
ušparu,N,(ruler's staff); (a ruler's staff); staff,,,27
wašru,AJ,submissive; relaxed; humble,,,27
zermandu,N,small animals; vermin,,,27
zārû,N,scattering; begetter; winnower; begettor; progenitor,,,27
ālik mahri,N,leader; advance guard,,,27
šigūšu,N,(a type of barley); (a kind of apple tree)?,,,27
šitqulu,AJ,in conjunction; in balance; balanced,,,27
šulmānu,N,greeting-gift; affluence; bribe; gift; present,,,27
šummannu,N,"halter; halter, tether; (part of a water-hoisting device); tether",,,27
šūbultu,N,consignment; present; gift; product,,,27
ḫalṣu,AJ,combed; filtered,,,27
adagurru,N,(a vessel for libations); libation vessel,,,26
agālu,N,donkey,,,26
ahurrû,N,junior; catamite; younger child; social inferior,,,26
akanni,AV,now; here,,,26
arqu,AJ,yellow; green; fresh; pale; vegetables,,,26
arqūtu,N,greenness; freshness,,,26
arsuppu,N,"carp; (a cereal, perhaps) einkorn; a cereal; einkorn; (a cereal); (a kind of apple tree)?",,,26
arādu,V,go down; bring down; come down; put down,,,26
arāšu,V,sow; cultivate; sowing,,,26
asliš,AV,like sheep,,,26
atbāru,N,basalt,,,26
atūdu,N,wild sheep; ram,,,26
aštapīru,N,slave; slaves; domestic staff,,,26
Babili,SN,Babylon,,,26
baqāmu,V,pluck; be plucked out; tear out; plucking; be plucked; tear,,,26
baʾʾû,V,look for; seek,,,26
bišimtu,N,formation; produce; shape,,,26
bussurtu,N,message; good news; news,,,26
bīšu,AJ,"bad; malodorous; malodorous one; bad, malodorous; evil thing; evil",,,26
duššupu,AJ,sweetened; very sweet,,,26
ebbu,N,bright one; pure one,,,26
epqu,N,leprosy,,,26
etelliš,AV,as a lord; lordly,,,26
galû,V,be(come) deported; send into exile; be deported; take/send into exile; smuggle; deport,,,26
gikkigu,N,the sign MI,,,26
hūr,AV,ever (after); further(more),,,26
issu muhhi,PRP,concerning; from there; from,,,26
ištiššu,AV,once; firstly; at once,,,26
kipdu,N,plan; plan(s); plot; scheme(s),,,26
kiriu,N,garden,,,26
kuppu,N,cistern; water-hole; water-source,,,26
kupû,N,reed thicket; snow,,,26
kutpû,N,black frit; (a black primitive glass),,,26
kīru,N,oven,,,26
lubūšu,N,garment; outfit; clothing allowance,,,26
lēqû,N,one who takes,,,26
malû,N,"abundance; fullness; full one; matted, dirty (body) hair; matted; dirty (body) hair; matted hair; matted (body) hair",,,26
marʾutu,N,daughter,,,26
mesû,AJ,washed; purified; refined; pure,,,26
min,N,the sign U.U; ditto,MIN,𒈫,26
mišittu,N,(medical) stroke,,,26
muribbu,N,one who makes shake; one who makes tremble,,,26
nagāru,N,joiner; carpenter,NAGAR,𒉄,26
nammušīšu,N,mobile one; dead one; death,,,26
niplu,N,shoot,,,26
nēmettu,N,levy; support; staff; couch,,,26
nīnu,IP,we,,,26
paramāhu,N,high throne-dais,,,26
parūtu,N,(a kind of alabaster); vomit; (a kind of) quiver; (a kind of quiver); a leather container; (a type of alabaster),,,26
pasāsu,V,erase; be(come) annulled; cancel; cancelling; be(come) blotted out; be erased; erasing; break,,,26
pehû,V,close up; be blocked; closing up; blocking; caulking; block; block off; make look stupid,,,26
pirṣātu,N,lies,,,26
qanānu,V,nest; nesting; make a nest,,,26
ramû,AJ,thrown; cast over someone; endowed with; taken up residence; slack; loosened; endowed; occupied,,,26
riābu,V,replace; replacing; compensate,,,26
sumkīnu,N,rot; splinter; copper decay; rotten wood,,,26
sunnu,N,the sign SUM,,,26
tappûtu,N,companionship; assistance; common cause,,,26
tarlugallu,N,hen; rooster; (a hen); (rooster)?,,,26
tizqāru,N,exalted one; supreme one,,,26
tīku,N,(rain)drop; dripping; shower,BI.IZ,,26
urṣu,N,mortar (for spices); dog of the earth?,UR.KI,𒌨𒆠,26
usātu,N,help,,,26
šabāṭu,V,beat; sweep; sweep away; striking,SAR,𒊬,26
šišītu,N,skin; film; membrane; (a plant),,,26
šupšuqu,AJ,very laborious; difficult,,,26
šēmû,N,hearer; one who obeys; one who hears; one who listens,,,26
ḫuluppaqqu,N,(a vessel); crucible,,,26
ṣurārû,N,lizard; lizards,EME.DIR,,26
Addaru,MN,1; Adar,DIRI,,25
ammar,PRP,as much as,A,𒀀,25
aru,N,branch; twig; frond,PA,𒉺,25
ayyartu,N,white coral?; (a shell); white coral,,,25
baʾʾītu,N,thing sought; desired object,,,25
daqāqu,V,be(come) minute; crush; crush minutely,,,25
dādu,N,darling; attractiveness; desire; favors; lovemaking; lust; passion; sexual attractiveness,,,25
egalturrû,N,little palace,,,25
emādu,V,lean on; impose; lay; imposition; put on,,,25
enšu,AJ,weak; weak (person),,,25
ermu,N,cover(ing),,,25
giskimmu,N,sign; omen,,,25
halṣu,N,fortress,,,25
hanṭiš,AV,quickly,,,25
harru,N,(designation of kind of lyre); water channel; canal,,,25
haṭāṭu,V,dig out; dredging; excavate,,,25
igulû,N,fine ointment,,,25
ishu,N,arm; fin; stringer; allocation,,,25
išbabtu,N,(a grass or weed),,,25
kanānu,V,roll up; coiling; curl up; contract (itself); twist; contract; curling up; rolling up,,,25
kisirtu,N,wall facing,,,25
kišubbû,N,waste field; waste ground,,,25
kupad,N,(designation of salt),,,25
kâru,V,be(come) dazed; rub; rub repeatedly; be(com)ing dazed,,,25
lapānu,V,be(come) poor,,,25
mammāna,XP,who(so)ever,,,25
muddulu,N,salted? (meat),,,25
mukabbisu,N,one who treads down,,,25
muttarrû,N,guide; leader,DU.DU,𒁺𒁺,25
muttatu,N,half,,,25
mēsu,N,(a type of tree),MES,𒈩,25
nêšakku,N,(a priest); (a dignitary),,,25
papallu,N,shoot; young shoot,,,25
parāṣu,V,carry out ritual; perform; breach; breaching; lying; break an oath; be transgressed; lie,,,25
pasillu,N,(a kind of sheep); (a breed of sheep),,,25
pirittu,N,terror; anxiety,,,25
rīdu,N,persecution; driving; drover; common sense; proper behavior,,,25
salhu,AJ,sprinkled; irrigated; infected,,,25
salātu,N,family; clan; client,,,25
simmiltu,N,stair; stair(case),,,25
tamlītu,N,filling; decoration; full payment; mounting; mountings,,,25
tebû,AJ,arisen; pulsing; rising; attacking; ready; upstart,ZI-ME,𒍣𒈨,25
turāhu,N,wild goat; ibex,,,25
tûltu,N,worm,,,25
tārītu,N,nurse; stripping; date palm offshoot,UM.ME.DA,𒌝𒈨𒁕,25
urbu,N,(a work gang); auxiliary force; (a work gang?),,,25
urpatu,N,cloud,DUNGU,,25
wuṣṣû,V,spread out; spreading out; caulking; present (something as a dedicatory offering),,,25
zaqīpu,N,stake; (palm) shoot,,,25
zêru,V,dislike; scorn; hate; hating; be(come) detestable,,,25
šagapūru,N,mighty one; might one,,,25
šeššu,NU,sixth; one-sixth; six,,,25
šitimmu,N,the sign DIM₂; the sign ŠID,,,25
šitnunu,AJ,combative; raised up to,,,25
šumû,N,roast meat; handle (of tool),,,25
šurru,V,bend down; lean forward; bow down; hover over; lean; bend over; bow o.s. down; bending forward,,,25
šuršummu,N,sediment; dregs,,,25
šūtuqu,AJ,surpassing; passed on; made pass by,,,25
ḫašḫūru,N,apple (tree),,,25
ḫīpu,N,break; X,GAZ,,25
ṣaḫtu,AJ,pressed,SUR SUR.RA,𒋩,25
ṣumāmu,N,thirst,,,25
abunnatu,N,umbilical cord; navel; centre; midpoint; socket,,,24
akkadû,AJ,from Akkade; Akkadian,,,24
alla,PRP,beyond; rather; except; besides; more,,,24
annuḫaru,N,(a mineral); (a type of alum),IM.SAHAR.BABBAR.KUR.RA,,24
ayāka,QP,where?; whence?; wherever,,,24
bakru,N,foal,,,24
barīrātu,N,sagapenum; sagapenum?,,,24
dikšu,N,bulge; swelling; a small hay fork,,,24
diāšu,V,tread down; trample down; treading down; trample,,,24
dēku,AJ,killed,,,24
egēru,V,lie (transversely) across; be coiled around; lie across; continually cross; cross; be(come) twined; be(come) thwarted; cross over each other,,,24
eššebu,N,harrier; (a kind of owl); (a kind of owl)?; hen harrier?; hoopoe,,,24
eṣēdu,V,harvest; harvesting,,,24
ganû,N,the sign GANA₂,,,24
gapāšu,V,rise up; be(come) bold; rise upwards; rising upwards; rising up; be(come) proud; be(come)ing swollen; swell number of,,,24
gišmahhu,N,tree-trunk; long beam,,,24
hallu,N,(upper) thigh; the sign HAL; (a clay vessel),,,24
hamāšu,V,snap (off); snapping (off); snap off; snapping off,,,24
harištu,N,woman in confinement,,,24
hidûtu,N,joy; rejoicing,,,24
hubūru,N,(a beer jar); bustle; clamour,,,24
hīšu,N,band; (head)band; (reed) coil; personal ornament on breast; torc,,,24
išittu,N,foundation; storeroom; treasury; treasure,,,24
kabābu,V,burn; scorch; burning,,,24
kanīku,N,sealed document; (clay) sealing; (clay) sealing for jar,,,24
kišpū pašrū,N,the witchcraft will be undone,,,24
kuštu,N,(a kind of grass),,,24
lahannu,N,(a flask); bottle,,,24
lilû,N,(a demon); the sign LI,KIS.KI.LI.KI KIS.KI.LI.LI,,24
lāʾiṭu,N,one who confines; one who wraps itself around,,,24
madaktu,N,(military) camp,,,24
malūṭu,N,ring; stocks,,,24
muhhuṣu,AJ,provided with fittings; beaten (by the sun); hurt,,,24
mummu,N,life-giving force?; (a scraper)?; frame; life-giving force; workshop; lift-giving force?,,,24
nabāru,N,(fish-)trap; cage,,,24
nahbalu,N,trap,,,24
nammu,N,the sign NAM,,,24
nêʾu,V,turn back; loosening; ward off; drive back; flee; turning back,,,24
nēpeštu,N,work(manship); deed; performance; remedy; (bag for carrying metals); (a bag for carrying tools),,,24
nērtu,N,murder,,,24
perṣaduhhu,N,(a balsam),,,24
peḫû,V,close up,,,24
pitluhu,AJ,feared; reverent,,,24
qāmû,N,one who burns (up); burner; one who burns,,,24
raqqu,N,tortoise; turtle; thin one,SAL.LA,𒊩𒆷,24
rašû,AJ,acquired; having (something); possessing,,,24
ruʾāmu,N,love; lover; seductiveness; charm; lovemaking,,,24
rēšūtu,N,slavery,,,24
sagidu,N,the sign SA,,,24
sahpu,AJ,wrapped; covered; overwhelmed; enveloped; spread; overthrown,,,24
sikû,N,(a sign name); the sign SIK₂; the sign name SIK₂,,,24
sukallu,N,the sign LUH,,,24
surqēnu,N,strewn offering; strewn-offering,,,24
sīrāšu,N,(a kind of) beer,,,24
tabku,N,(grain) store; poured out; grain storage,,,24
tēšû,N,confusion; chaos; anarchy; melee,,,24
uriyānu,N,fennel; fennel?,,,24
yābilu,N,ram,,,24
zayyāru,N,foe,,,24
šaddaqdiš,AV,last year,MU.IM.MA,𒈬𒅎𒈠,24
šahūru,N,(a part of the foot); Achilles' tendon?; (part of the foot); cultic 'summit building'; (part of a temple),,,24
šarmadu,N,(a medicinal plant),,,24
šarû,V,be(come) rich; be(com)ing rich; be(coming) rich; make rich,,,24
šupku,N,foundation,,,24
šūt,IP,he; that,,,24
ṣarāšu,V,spread out; spreading out,,,24
ṣerhu,N,shout; lamentation; flash; flare,,,24
agarinnu,N,(first) beer mash; womb; crucible; mother; (meaning uncertain),,,23
ana,N,the sign AN,,,23
bamātu,N,open country; plain; open plain,,,23
bīʾu,N,opening; sewage opening; drainage opening in the wall; outlet; drainage opening; drainage pipe,,,23
dalû,N,(land irrigated by bucket); water drawer; (a bird); (a needle or pin); bucket,,,23
dašpu,AJ,(honey-)sweet; sweet,,,23
enūtu,N,lordship; office of high priestess,,,23
erhu,AJ,aggressive,,,23
erretu,N,weir; pigsty; curse,,,23
eršu,AJ,tilled; plowed; wise; demanded; request,,,23
ibrūtu,N,friendship,,,23
igigubbû,AJ,situated; opposing sign,,,23
ipu,N,membrane; afterbirth; blinkers,,,23
izqātu,N,fetters; handcuffs,,,23
iṣṣūriš,AV,like a bird,,,23
kakugallūtu,N,profession of incantation priest,,,23
karān-šēlebi,N,'fox-wine' (a plant); 'fox grape',,,23
kasāsu,V,chew; gnaw; chewing; gnawing; to chew,,,23
kimiltu,N,wrath; anger,,,23
kābisu,N,one who treads down; one who treads on,,,23
kīmū,PRP,instead of,,,23
labiānu,N,neck(tendons); neck muscles; neck(-tendons); neck,,,23
libbātu,N,rage; anger,,,23
libbū,PRP,from out of; belonging to; in the following way; like; meaning,,,23
mangu,N,(a type of bean)?; (a skin disease); (an alkaline plant),,,23
maqqû,N,libation (vessel); libation vessel; watering,,,23
mašlu,AJ,equal; nodal; similar; half,,,23
mindinu,N,"(a wild cat); tiger; (a wild cat, perhaps) tiger",,,23
mullilu,N,purifier; one who cleanses,,,23
mušālu,N,metal mirror,,,23
mēdelu,N,bolt,,,23
mērešu,N,cultivated land; desired one; wisdom; desire; needy person,,,23
mēsū,N,cult; rites,,,23
mīsu,N,washing; type of refined metal; refined silver,LUH.KA KA.LUH.UD.DA,𒈛𒅗,23
nadāru,V,be(come) wild; be(come) furious; rampage; rampaging,,,23
nakāmu,V,heap; pile (up); heap (up); amass,,,23
napalsuhu,V,fall to the ground; to fall on the ground; groveling; to squat,,,23
naspantu,N,devastation; destruction; (a designation of gruel); (designation of gruel),,,23
nazāqu,V,creak; be(come) annoyed; worrying; worry; upset; make someone worry,,,23
našāru,V,deduct; remove; reduce; diminish; reducing; subtract; wane; deducting,,,23
palāšu,V,perforate; breach; drill; pierce; breaking into; break into,GAM,𒃵,23
piššatu,N,ointment; oil ration; oil allotment; oil,,,23
puquttu,N,thorn; (a thorny weed),,,23
pušikku,N,combed wool; carded wool,,,23
pāru,N,hymn; pāru-hymn; skin,,,23
pūṣu,N,whiteness; white spot; forehead,BABBAR,,23
qadādu,V,bow down; prostration; be made to bow down; make bow down; bow; bowing; bend down,,,23
qalālu,V,be(come) light; show disrespect; defile; be(com)ing light; despise; despising; humiliating; reduce,,,23
taklīmu,N,demonstration; (type of offering); type of offering; (a food-offering),,,23
tarahhu,N,bank; revetment,,,23
tuššu,N,"hostile talk; malicious talk; hostile, malicious talk; the sign KU; insolence",,,23
tūra,AV,again; (meaning uncertain),,,23
udī-,AV,alone,,,23
ušallu,N,(fields) along valley-bottom; river-flat; (fields along) valley-bottom; meadow; lowland; river-flats,,,23
yaʾu,N,(a door strap); the sign IA₂; the sign NI,,,23
āmiru,N,seer; observer; visitor; one who sees,IGI-BI,𒅆𒁉,23
šaḫāṭu,V,tear away; strip off; jump (on); jerk repeatedly; twitch repeatedly; remove,,,23
šerʾu,N,furrow,,,23
šuddulu,AJ,very wide; spacious,,,23
ṣullulu,V,roof over; cover; giving protection; roofing over; roof,,,23
ṭābihu,N,slaughterer; butcher; swordsman,,,23
algamišu,N,(a kind of stone),,,22
almattu,N,widow,,,22
ardatu,N,girl,KI.SIKIL,,22
asqūdu,N,(a rodent),,,22
atbaru,N,basalt,,,22
atkuppu,N,craftsman making objects of reeds; craftsman; reed-worker,AD.KID,𒀜𒆤,22
ditalliš,AV,into ashes,,,22
duālu,V,move; run about,,,22
edēpu,V,blow (away); blowing away; blowing on,,,22
elāniš,AV,above; up,,,22
gabrû,N,copy; answer,GABA.RI,𒃮𒊑,22
hammu,N,family head; aquatic animal; pond; pond?; (a topographical term),,,22
harharru,N,chain; (a musical instrument); a musical instrument,,,22
haṣābu,V,break off; breaking off; be(come) green; extending (a shadow); cut,,,22
haṣānu,V,hug; hugging; take under one's protection; embrace; take care of; welcome,,,22
herṣu,N,fragment; cutting; (a kind of fish); incarnation; track; slice,GIG,𒍼,22
hābilu,N,criminal; trapper,,,22
hāmimu,N,(grain) gatherer; gatherer; one who dominates; one who gathers (to oneself),,,22
hāʾiṭu,N,watcher; surveyor; one who inspects,,,22
ihzētu,N,decorative inlay,,,22
itinnu,N,builder,,,22
kapāpu,V,curve; be(come) bent; bend; curving; surround something with something,,,22
kaškaššu,N,all powerful; (designation of divine weapon); all powerful one; all-powerful one,,,22
kukku,N,(a kind of) cake; (kind of) cake; (part of a balance),,,22
kunūti,IP,you,,,22
kušû,N,the sign KUŠU₂; crab,,,22
kušīru,N,success,,,22
kāmû,N,one who binds,,,22
libba ṭiābu,V,be(come) satisfied,,,22
lillidu,N,offspring; (recently sexually) mature; baby; progeny,,,22
massû,N,leader,,,22
mulaʾʾiṭu,N,one who encircles,,,22
mušarkisu,N,(military) procurement officer; procurement officer,,,22
muštēpištu,N,enchantress,,,22
naṭû,AJ,suitable; suited,,,22
niqittu,N,anxiety; damage; retaliation; fear,,,22
nāʾeru,AJ,roaring; screeching,,,22
nēhu,AJ,calm; peaceful; relaxing; slow,,,22
qablītu,N,center; middle watch of the night; middle; middle watch; centre; middle (watch) of the night; balance; (meaning unknown),,,22
qarābu,N,battle; warfare,,,22
qâdu,V,ignite; light; kindle; igniting,,,22
qābû,N,speaker; one who speaks,,,22
radû,V,accompany; add; addition; be(come) guided; lead,,,22
rasānu,V,soak; steep; soaking,,,22
sammû,N,lyre,,,22
samānû,AJ,eighth,,,22
sehû,V,rise up; rebellion; revolt; ruin; wreak,,,22
serdû,N,(kind of contract); carrying-pole,,,22
SIG,N,(decreasing latitude); (positive latitude); the sign SIG₄,SIG,𒋝,22
sikkānu,N,(boat's) steering paddle; rudder,,,22
sulumhû,N,(kind of long-fleeced sheep); (a kind of long-fleeced sheep); (a garment),,,22
takkassu,N,(small) block of stone; unworked block; piece of stone,DAG.GAZ,,22
tarbuʾtu,N,dust (storm); dust-storm; dust,,,22
tayyāru,N,measure; merciful one; mercy; pity; return (from offerings),,,22
tērsītu,N,preparation,,,22
uddakam,AV,all day; for ever; all day long,,,22
ulla,J,no!,,,22
uqniātu,N,blue-green wool; blue(-green) wool; blue wool,,,22
urqītu,N,vegetation; greenery,,,22
ziqtu,N,sting; sting-mark; meaning unknown; (a spiny fish); (a disease); peak; point,,,22
zīru,AJ,twisted; small; small one,,,22
šannu,N,(a metal kettle or cauldron); cauldron,,,22
šitlu,N,sprout; seedling,,,22
šulpu,N,(a vessel); stalk; (a wind instrument); drinking tube,,,22
ṣiddu,N,proletariat; mob; common people,,,22
ṣiāhu,V,laugh; rejoice; show one's charms; smile; amuse; laughing; amusing,,,22
ṣuṣû,N,reed-thicket,,,22
ṭepû,V,extend; add; expand,TAB,𒋰,22
ana pān,PRP,before; in the presence of; at the disposal of; because of; to,,,21
armannu,N,apricot; apricot? (tree),,,21
ballu,AJ,mixed; covered; mixed one,HE.HE,,21
baluḫḫu,N,(an aromatic plant),,,21
bašāmu,N,sackcloth,,,21
buginnu,N,bucket; trough,,,21
burzigallu,N,big pursītu vessel; (a bowl); big @pursītu vessel,BUR.ZI.GAL,𒁓𒍣𒃲,21
bābtu,N,city quarter; street; city district,,,21
damqiš,AV,well; favorably; gracefully; nicely; piously,,,21
damāmu,V,wail; convulse; wailing; moan,,,21
dandannu,AJ,all-powerful; mightiest,,,21
dipalû,N,injustice; (a ritual); distortion of justice; 'distortion-of-justice' magic,DI.BAL.A DI.BAL.LA,𒁲𒁄𒀀,21
dīku,AJ,killed,GAZ,,21
ebēṭu,V,bind?; swell up; be(come) constantly swollen; be(come) continually bloated; make swollen; being bound?; be girt; swelling up,,,21
edlu,AJ,shut; locked,,,21
garāru,V,grovel; groveling; writhe; be(come) scared; frighten; tremble,,,21
habbūru,N,sprout; shoot; stalk,,,21
hamiš,NU,five,,,21
hamâtu,N,help,,,21
harādu,V,fit together; fitting together; be(come) awake; alert; be(come) attentive; be(come) vigilant; supply,,,21
hissatu,N,understanding; mention; reminder,,,21
hurrušu,AJ,(meaning unknown); bound,,,21
iqqu,N,the sign GAL₂,,,21
kisalmāhu,N,main court,KISAL.MAH,𒆦𒈤,21
kumû,N,(a water bird),,,21
kusarikku,N,bison; bison figurine,,,21
laʾû,N,small child; type of wine?; baby,,,21
lā petītu,AJ,virgin,,,21
magāgu,V,spread; have cramps; protrude; be(come) rigid; continually sticking out; suffering cramp; project,,,21
makūru,N,(processional) boat,,,21
marru,AJ,bitter; (a type of lettuce); bitter one,SES,,21
masnaqtu,N,inspection; exam,,,21
mašennu,N,(an administrator); treasurer; sandal,AGRIG,,21
maṣhatu,N,(a kind of flour),,,21
mitgāru,AJ,favourable,,,21
miṭṭu,N,(a divine weapon); divine weapon,,,21
mutāqu,N,confectionary; pastry; confectionery; sweetmeat,,,21
mākaltu,N,wooden dish,,,21
nawru,N,bright one,,,21
našarbuṭu,V,flit; continually flit; flitting; constantly chase about,,,21
naṣṣabu,N,drain pipe; (a type of cucumber),,,21
pašultu,N,(a kind of knife); (kind of knife)?; (a kind of knife)?; (a crawling creature),,,21
pānû,AJ,first; one in front; previous; front; former; (meaning uncertain); ancient; earlier,IGI,𒅆,21
qadû,N,owl,,,21
quliptu,N,skin of scales; peel; bark; husk; cortex of reed,BAR,𒁇,21
rabīku,N,(a kind of) decoction,,,21
raksu,N,bound one; tied one; raft; recruit; conscript,,,21
raṣānu,V,be powerful (of voice); rumble loudly; resound; roar; be(com)ing overwhelming; be(come) powerful (of voice); be(com)ing powerful of voice; having a powerful voice,,,21
ribbatu,N,arrears,,,21
rāhiṣu,N,flooder; defeater; destroyer; (clothes) cleaner; one who devastates,,,21
rūṭu,N,unit; a unit of length; half-cubit,LAL,𒇲,21
sapsapu,N,moustache; lip,,,21
sarru,AJ,false; deceiving; a fish; thief; evildoer,,,21
sartu,N,falsehood; lie; fine,,,21
sebû,NU,seventh; one-seventh,,,21
sukannīnu,N,dove; pigeon,,,21
tapšuhtu,N,rest,,,21
tāmihu,N,one who grasps,,,21
wāṣītu,N,that which goes out; (a garment); growth (of vegetation)?; projection; young shoot of date palm; wayward woman; (a part of a building); (days) to come,,,21
wīṣu,AJ,few; small; little,,,21
zēru,AJ,hated; hateful,,,21
ānihu,N,one who becomes tired,,,21
ēdēnu,AV,alone,,,21
ša-pān-ēkalli,N,palace supervisor,,,21
ša-pēthalli,N,rider; cavalry,,,21
šaggaštu,N,slaughter; murder,,,21
šahātu,N,armpit; side; corner; hiding place,,,21
šaknūtu,N,governorate; office of prefect,,,21
šallūru,N,plum; tree; (a fruit); plum (tree),,,21
šapku,AJ,heaped up; poured out; cast,,,21
šediš,NU,six,,,21
šikin ṭēmi,N,provincial governor; commander,,,21
šitimgallu,N,master builder,,,21
šuhtu,N,verdigris,,,21
šumerû,AJ,a Sumerian; Sumerian; Sumerian text,,,21
šupālu,N,depression; beneath; below; downwards; under; down,KI.TA,𒆠𒋫,21
šurbûtu,N,greatness; supreme one; supreme,,,21
ḫīp libbi,N,depression,,,21
aggu,AJ,furious; angry,,,20
alālu,N,work song; joyful call; ululation; (a work cry); hang up; hanging up,,,20
anḫullû,N,(a plant),,,20
apītu,N,(a kind of fallow land),,,20
aršu,AJ,dirty; dirt; tilled; cultivated,,,20
asmiš,AV,in a fitting manner,,,20
asnû,N,date from Dilmun; (date) from Dilmun; (copper) from Dilmun,,,20
asumittu,N,inscribed slab; stele,,,20
aṣappu,N,pack animal,,,20
BI,N,BI,BI,𒁉,20
bitrû,N,enormous one; one of prime quality,,,20
bunnannu,N,physiognomy; (facial) features; features,,,20
bâšu,V,be(come) ashamed; degrade oneself; put oneself to shame; come to shame; be(come) put to shame; put to shame,,,20
bērūtu,N,mound; foundation pit of a building; foundation pit,,,20
diglu,N,vision; eyesight; (a mineral); (a precious stone); gem,,,20
ditānu,N,bison; bison?; (a fish),,,20
dumugabītu,N,baby,DUMU.MUNUS.GABA,,20
dumāmu,N,leopard; moaning,,,20
eṣru,AJ,drawn; designed,,,20
ganūnu,N,storeroom; private chamber,,,20
gilittu,N,terror,,,20
gipāru,N,en(t)u's residence; residence of en(t)u in temple; pastureland,,,20
gištappu,N,footstool; threshing sledge,,,20
halhallatu,N,(a kind of) drum,,,20
hammu,AJ,gathered; gathered (to oneself),,,20
hamû,V,paralyse; be(come) stiff; be(come) stunned; paralysing; trust; rejoice; stun,,,20
hamšā,NU,fifty; fifty each,,,20
himṭu,N,burning; heartburn?,,,20
hitlupu,AJ,intertwined; clad in,,,20
hulû,N,shrew; (a rodent); mouse,,,20
irkû,N,stake,,,20
irnina,N,epithet for goddess; Lady,,,20
isu,N,jaw,,,20
itu,N,the sign UD×U+U+U,,,20
kalliu,N,express messenger; mule express,,,20
kawû,N,outer one; environs; open country,,,20
kayyamānu,AJ,permanent; constantly; continually; normal; constant,,,20
kullizu,N,ox-driver; plough ox,,,20
la,PRP,from,,,20
labīrūtu,N,old age,,,20
labšu,AJ,clothed; wearing,,,20
lardu,N,(a grass),,,20
maqlû,N,burn(ing); roasting oven; ritual burning; burning; 'burning' (a ritual),,,20
mardītu,N,bed; stage,,,20
muballiṭu,N,one who keeps alive; one who brings life; one who revives,,,20
muparriru,N,one who scatters,,,20
musappihu,N,scatterer,,,20
muttellu,N,princely one,,,20
mušāriku,N,one who makes long,,,20
mušāṭu,N,combed-out hair; carded wool?,,,20
mušēzibu,N,saving one; who saves oneself,,,20
muššaru,N,serpentine?,,,20
nammaššû,N,"moving thing, animals",,,20
nesîš,AV,at a distance,,,20
nunnu,N,(a copper object); the sign NUN,,,20
pardu,AJ,afraid; frightening; terrifying; terrified; frightened,,,20
parku,AJ,transverse; lying across; blocked; transversal; barred; placed as obstacle; closed off; restricted,GIB,,20
parādu,V,be(come) scared; terrifying; be(come) constantly frightened; be(com)ing scared; be(come) fearful; separate oneself,,,20
patīhu,N,bag; (a leather container),,,20
paššūru,N,table,,,20
pukku,N,(a wooden ring or ball)?; (wooden ring or ball)?; (a wooden ring or ball),,,20
pursītu,N,(offering) bowl; (a bowl),,,20
pušqu,N,narrowness; hardship; distress; narrow pass,PAP.HAL,𒉽𒄬,20
pīhātūtu,N,governorship,,,20
quppu,N,box; coop; cage; basket; guffa,,,20
radādu,V,chase; chasing; pursue; drive away; persecute,SAR,𒊬,20
rapāsu,V,beat; clapping; beating; pound,,,20
ruqqu,N,thinness; thin part; cauldron; sheet metal; metal sheet; kettle,SAL.LA,𒊩𒆷,20
ruqqû,V,process oil; processing oil; prepare perfume,,,20
rūʾu,N,colleague; friend,,,20
sahmaštu,N,rebellion,,,20
salmu,AJ,peaceful; reconciled; friendly; ally; appeased,,,20
salāḫu,V,sprinkle (with),,,20
sanqu,AJ,checked; stretched; disciplined; narrow(?),,,20
sariyam,N,(coat of) armour; (coat of) armor,,,20
sinnišu,AJ,female,MUNUS,,20
terīqtu,N,"uncultivated land; uncultivated, cleared land",,,20
tigû,N,(a kind of) drum; tegû-hymn; song; (a kind of drum),,,20
tēdīqu,N,dress; ceremonial garment; ceremonial garment (of rulers); ceremonial garment (of gods); garment,,,20
tīlāniš,AV,into tells,,,20
ummânūtu,N,art; (scribal) craft; craftsmanship; craftmanship; scholarship,,,20
urāsu,N,(a foreman); brick mason,,,20
wašṭu,AJ,stiff; difficult; fierce; obdurate,,,20
waṣpu,N,sling,,,20
yāʾu,PP,my; mine,,,20
zerqu,N,"desert lynx; litter; desert lynx, caracal; (designatating of a sheep); (designating of a sheep)",SA.A.GAL,𒊓𒀀𒃲,20
šamriš,AV,furiously,,,20
šarrāqu,N,thief,,,20
šitrāhu,N,very proud one; splendid one,,,20
šuhattu,N,"(a cloth); (a cloth, rag); cloak",,,20
šuparzuhu,V,make abundant; making abundant,,,20
šuttatu,N,(hunter's) pitfall,,,20
šuttinnu,N,bat; part of a chariot or plow; yoke,,,20
šūpušu,AJ,completed; built,,,20
ḫaṣbu,N,pottery; (small pot); sherd; (pot)sherd; rind,,,20
abāru,V,embrace; be(come) bound; binding; constrain; accusing s.o.; binding?; denounce,,,19
adamatu,N,(red blood); dark blood; (a plant); (plant (with red blossoms?)); (a dark red earth used as dye); (a dark-coloured bodily discharge); (a dark-colored bodily discharge); (a plant (with red blossoms?)),,,19
adīni,AV,hitherto; yet; till now,,,19
agappu,N,wing,,,19
agāru,V,hire; hiring; work for hire,,,19
akāmu,N,dust-cloud,,,19
anduhallatu,N,(a kind of) lizard; (kind of) lizard,,,19
arbūtu,N,desolation; barren land,,,19
aškikītu,N,(a bird),,,19
balangu,N,(a large drum),BALAG,𒁆,19
bappiru,N,beer bread,BAPPIR,,19
buʾʾuru,N,hunting,,,19
bārānû,N,rebel,,,19
dapīnu,N,overbearing one; Jupiter; heroic one,,,19
daraggu,N,way,,,19
dumugabû,N,baby,DUMU.GABA,,19
duruššu,N,foundation (platform),,,19
edû,AJ,known,,,19
emēmu,V,be(come) hot; be(come) constantly hot; be(come) feverish; becoming feverish; heat up,,,19
emšu,N,lower body; (a kind of lapis lazuli bead); abdomen,,,19
gadu,N,the sign GADA,,,19
gammuru,AJ,finished; completed; dedicated; complete,,,19
GI.ZÚ.LUM.MA,N,(a medicinal plant),,,19
gigurû,N,the sign U; (the cuneiform sign) U,,,19
ginindanakku,N,measuring rod,,,19
hamû,AJ,secure; glad,,,19
hašādu,N,wedding; betrothal,,,19
huduššu,N,frog (figure); frog; (an age group?); frog (figurine); (an age group)?; the sign TU; a stone,,,19
huhāru,N,bird-snare; trap,,,19
humṭu,N,heat; (a feast); fever; hot season; inflammation,,,19
hāsisu,N,one who remembers; one who understands,,,19
ilānû,AJ,favoured by god,,,19
issaheʾiš,AV,together,,,19
iṣratu,N,plan; ground-plan,,,19
kulīlu,N,dragonfly; fish-man,,,19
kummuru,AJ,piled up; loaded,,,19
lamahuššû,N,(a ceremonial garment); (a robe),,,19
laqlaqqu,N,stork; designation of vulva; (a rodent),,,19
lumun libbi,N,sorrow; eclipsed state,,,19
luppu,N,(a leather bag); bag,,,19
ma,CNJ,and,,,19
mahhūtiš,AV,like a female ecstatic,,,19
manzû,N,(a type of drum),MEZE,,19
mayyaltu,N,bed; litter; sedan (chair)?; wagon drawn by oxen,,,19
mišlu,N,half; middle,,,19
murdudû,N,(a plant); (a medicinal plant),,,19
mušēšibu,N,one who settles,,,19
muṭû,N,loss; deficit,,,19
mēzehu,N,sash,,,19
mūru,N,young animal; donkey foal; calf; foal (of a donkey or horse); foal; young bull,,,19
naksu,AJ,cut (off); slaughtered; cut; felled; hewn out,,,19
nalbattu,N,brick mould; frame,,,19
namhāru,N,(a vessel); beer-jar,,,19
naptētu,N,key; small saw,,,19
napšu,AJ,wide; plentiful; plucked; many?,,,19
narmaku,N,(cultic) washing; bath; washbowl; bathtub,,,19
niggallu,N,sickle,,,19
nisigû,N,the sign SAR,,,19
nišku,N,bite,,,19
nēštu,N,lioness,,,19
pargāniš,AV,on the meadow; in security; undisturbed,,,19
paššu,AJ,anointed; smeared,,,19
pāqu,N,meaning unclear; (a fine-meshed hunting net); (a reed sieve),,,19
qatru,AJ,smoky; depressed,,,19
qulmû,N,(kind of) axe; ax; axe,,,19
qutrēnu,N,incense (offering); incense offering,,,19
rab šāqê,N,chief cupbearer,,,19
rapaštu,N,loin; pelvis; thigh; lower back,,,19
rapādu,N,(a disease of the joints?),,,19
rapādu,V,roam; wander; roaming; run; constantly roam,,,19
rebû,NU,fourth,,,19
rikbu,N,storey; (part of the liver); crew; attachment on seed-plough; attachment; on palm tree stage of growth?,,,19
râmu,N,love; love-making; love-magic; affection; one who loves,,,19
samānu,N,pest; weevil; (a skin disease); (a demon),,,19
sankidabbû,N,(an illness of the head),SAG.KI.DAB.BA,,19
sipittu,N,mourning (rites),,,19
sūsānu,N,horse-trainer; horse groom,,,19
taklimtu,N,revelation; funerary display; instruction; offering; display,,,19
takpertu,N,purification (ceremony); purification wiping,,,19
tamhu,AJ,gripping; holding,,,19
tibbuttu,N,(a musical instrument); harp; (a drum); drum,,,19
turminû,N,breccia; (a breccia or marble),,,19
ummaru,N,soup,,,19
urra,AV,in the daytime,,,19
urʾudu,N,windpipe,,,19
uṣṣuṣu,V,interrogate; investigate,,,19
warāqu,V,be(come) yellow-green; be(com)ing yellow-green; turn pallid; be(come) green-yellow; be(com)ing green-yellow; be(come) pale,,,19
yāši,IP,to me; me,,,19
zarinnu,N,coarsely cleaned material; (coarsely cleaned material),,,19
ēṣu,N,tree; wood,,,19
šahluqtu,N,destruction; annihilation,NAM.GILIM.MA,,19
šalimtu,N,well-being; favourable side (of exta); righteousness; favorable side of the exta; safely,,,19
šalšūmi,AV,the day before yesterday,,,19
šapšāqu,N,constraint; hardship; hardship (of mountain tracks),,,19
šapūlu,N,groin; upper thigh; inner thigh,,,19
šimiššalû,N,(type of) box-tree; (type of) box-tree?; (type of) box tree?; (type of) box tree,,,19
šubultu,N,"ear (of corn); ear, spike (of corn); ear of corn; ear of grain; ear",,,19
šuhhu,N,buttock; (a part of the intestines); base,,,19
šurbû,N,very great one; formidable one,,,19
šutāhû,AJ,paired (off); matching,,,19
šuššu,NU,one-sixth; (in dual) two-sixths,,,19
šâša,IP,to her; that,,,19
ṣaliptu,N,lying; dishonesty,,,19
a,N,the sign A₂,,,18
abtu,N,destroyed one; ruins,,,18
agannu,N,bowl; cauldron,,,18
ahhūtu,N,brotherhood; status of brother; status as brother; brotherly relations,,,18
alluttu,N,an ax; crab,,,18
allānu,N,oak; (suppository shaped like) acorn; acorn-shaped object,ALLA,,18
amānu,N,(a reddish salt),,,18
andahšu,N,(an alliaceous plant),,,18
arantu,N,(a kind of grass),,,18
armu,AJ,covered,,,18
ayyāṣu,N,weasel; oil container,,,18
aštammu,N,tavern; tavern woman,,,18
barasiggû,N,house altar; small shrine; cultic official?,BARAG.SI.GA,,18
barārītu,N,dusk; evening watch,EN.NUN.USAN,,18
bennu,N,epilepsy,,,18
beʾēšu,V,stir,,,18
bāʾeru,N,hunter; fisherman,,,18
bēl dīni,N,legal adversary; male accuser,,,18
bīt bēli,N,master's house(hold); masterʾs house(hold),,,18
dabtu,N,a slab used in glass-making,,,18
daššu,N,buck; (a metal fitment with a leather strap)?; (an implement),,,18
daʾāpu,V,push (away); press; remove; cave in; collapse; push oneself; push away,,,18
dikûtu,N,levy,,,18
dārišam,AV,forever; unceasingly; for ever,,,18
epqēnu,N,(a skin complaint),,,18
erûtu,N,back; fish spawn; nakedness,,,18
erāšu,V,request,,,18
gana,J,come on; come on!,,,18
garābu,N,mange,,,18
gilimmû,AJ,crossed signs,,,18
gišgallu,N,the sign URU×MIN,,,18
guzalû,N,chair-carrier; throne-bearer; a disease?,,,18
hassū,N,lettuce,,,18
hašūru,N,(a kind of cypress),,,18
ina timāli,AV,yesterday,,,18
kamiššaru,N,pear (tree),,,18
kamru,AJ,piled up; heaped,,,18
karāku,V,roll up; wrap; collect; collection; gather,,,18
kirbān eqli,N,camomile?,,,18
kizû,N,animal-trainer; groom; personal attendant,,,18
laliu,N,kid,,,18
lapāpu,V,wrap around,,,18
luṭṭu,N,(a cup or bowl),,,18
maqlūtu,N,burn(ing); burnt offering,,,18
mati,AV,when?,,,18
maššītu,N,carrying (to); ingredient; carrying to; delivery; ingredients,,,18
miqit šamê,N,(falling sickness),,,18
mithuṣūtu,N,battle,,,18
munehhu,N,one who repulses; who repulses; subduer,,,18
mussû,V,identify; examine; recognize,,,18
mušlālu,N,staircase(-gate),,,18
muštēšeru,N,good guide,,,18
mēseru,N,confinement; difficulty; hardship; enclosure,,,18
mūtawû,N,eloquent one; speaker; eloquent one?; talkative one; one who speaks a lot; one who discusses,,,18
nambaʾu,N,source,,,18
namkūru,N,property; capital,,,18
nazālu,V,pour; pour out,,,18
naʾdu,N,praised one; attentive one; pious one; famous one,,,18
nābu,N,insect eggs; deity; insect egg; nit; god,,,18
nāhu,N,pig's fat; lard,,,18
nāqidu,N,stock-breeder; herdsman,NA.GAD,𒈾𒃰,18
nāsihu,N,remover; one who removes,,,18
nāšû,AJ,bearing; carrying away; carrying; bearer; fruit-bearing,,,18
parkullu,N,seal cutter; stone cutter; seal-cutter; stone carver; stonecutter,BUR.GUL,𒁓𒄢,18
paršumu,N,old (man); old man; elder; greyness; witness,,,18
patinnu,N,sash; diadem,,,18
pištu,N,abuse; rude song; insult,,,18
piṭru,N,release; Fissure (on liver); fissure; (meaning uncertain),,,18
puttû,AJ,opened,,,18
pātu,N,edge; border,,,18
qadūt šikni,N,sediment,,,18
qalpu,AJ,stripped; peeled; worn,,,18
qimmatu,N,tuft; (a feature of the moon); top; crown of tree,,,18
qinnāzu,N,whip,,,18
quppû,N,sharp knife; knife; scalpel,,,18
qutāru,N,incense; fumigant; fumigation,,,18
raḫāṣu,V,flood; wash; wash repeatedly,,,18
reštû,NU,first; prime quality,SAG,𒊕,18
rākibu,N,rider; sexually mature animal; one who rides,,,18
rūštu,N,(a fine quality of oil),,,18
sappu,N,(a bowl); (a lance); scraper?; lance,,,18
sidirtu,N,row; line (of battle); line of battle,,,18
sihiltu,N,thorn; pain; sting,,,18
silû,N,the sign SILA₃; the sign TAR,,,18
simmu,N,wound,,,18
surriš,AV,quickly; soon,,,18
tabarru,N,red wool; (a red- dyed wool),,,18
tardennu,AJ,second; second(ary); younger,,,18
tarāru,V,tremble; make tremble; trembling; start to tremble; sway,,,18
terrû,N,the sign TIR,,,18
tikku,N,neck; nape of the neck,,,18
tuktû,N,revenge; requital,,,18
tummû,AJ,adjuring; sworn; adjured,,,18
tākaltu,N,bag; stomach; (meaning unknown); Pouch (on liver); part of the seeder plough; inner mind,,,18
tīrānu,N,coils,,,18
ula,MOD,not,,,18
utnēnu,N,supplication; prayer,,,18
yašpû,N,jasper; chalcedony,,,18
zizānu,N,cricket?; cricket,,,18
āmeru,N,that sees; one who sees,,,18
šaddûʾa,N,mountain-dweller,,,18
šikkatu,N,flask; (perfume) flask; harrowed (land); string of beads; tassel,,,18
šimṭu,N,plucked wool; (meaning unknown),,,18
šinītu,N,dyed textile; alteration; soaking,,,18
šipātu,N,wool,,,18
šiʾītu,N,neighbour; neighbour (f.); secondary wife; neigbour (f.); female neigbour; female neighbour,,,18
šummuhu,AJ,made flourish; blooming; very luxuriant,,,18
šuparruru,V,spread out; spreading out,,,18
ūma,AV,today; now; on this day; by day; ever?,,,18
ḫabbūru,N,sprout; shoot,,,18
ṣarhu,AJ,wailing; hot; feverish; hot-tempered,,,18
ṣarāmu,V,make an effort; making an effort; strive,,,18
ṣehertu,N,(little) girl; girl; young girl,MUNUS.TUR MUNUS.TUR.RA,,18
ṣâtu,N,distant time; commentary (on words excerpted from text),,,18
ṭāridu,N,one who drives away,,,18
abbu,N,swamp,,,17
alallû,N,drain; pipe; (device for hoisting water),,,17
alamittu,N,(a wild species of date palm),,,17
ali,AV,where?,,,17
ammāka,AV,there,,,17
ammīni,AV,why?,,,17
apluhtu,N,armour; battle-array,,,17
apû,V,be(come) visible; proclaim; (meaning uncertain); make manifest,,,17
ayu,QP,which?; what?; who?; whoever; what,,,17
babbanû,AJ,excellent,,,17
burrû,N,(a temple servant); the sign BUR₂,,,17
bīt abi,N,paternal house; patrimony; paternal house(hold),,,17
dalhu,N,troubled one; cloudy one; (political) troubles,,,17
daʾmu,N,dark one; dark paste,,,17
dummuqu,AJ,good quality; favourable; very good; made beautiful,,,17
dāṣtu,N,treachery; disrespect,,,17
edēru,V,embrace; be(come) embraced; embracing one another; embrace (one another); embracing,,,17
ešû,V,confuse; blur; confusing; be(come) confused; be confused,,,17
gallu,AJ,rolling,,,17
habû,V,draw (water); drawing (water),,,17
hadû,N,joy,,,17
hahhu,N,phlegm; plum tree?,,,17
hallulāya,N,centipede; (a demon),,,17
halālu,V,creep; advance; slinking; creep around continually; creeping; slink; pipe; (make) sound,,,17
hammāʾu,N,rebel; usurper,IM.GI,𒅎𒄀,17
hatānu,V,protect; establish marriage relationship,,,17
haṣṣinnu,N,axe,,,17
himṣu,N,fatty tissue; torn away material,,,17
hiāru,V,choose; seek in marriage; (meaning unknown); choosing; prepare,,,17
hurāpu,N,spring lamb,UDU.NIM,,17
huṣābu,N,twig; splinter; rib of palm-frond; chip,,,17
idirtu,N,misery; troubled; darkening,,,17
imdu,N,support,,,17
ishappu,N,villain,,,17
isītu,N,tower,,,17
išdihu,N,profit(able business); profit; prosperity,,,17
kabūtu,N,(animal) dung,,,17
kibbu,N,burn mark?; the sign KIB; (an object); (a bird),,,17
kinattu,N,employee; colleague,,,17
kursinnu,N,ankle; astragalus; type of ax,,,17
kurṣiptu,N,butterfly,GI.ZU.LUM.MA,𒄀𒍪𒈝𒈠,17
labāku,V,be(come) soft; be(come) moist; soften up; softening up; be(com)ing soft; softening,,,17
lumāšu,N,constellation; zodiacal sign,,,17
lābinu,N,brick-maker; one who strokes,,,17
lēʾûtu,N,competence; power; skill; ability,,,17
maqtu,N,fallen one; collapsed part(s),,,17
mašgašu,N,(a battle mace),,,17
maʾlātu,N,root of the tongue,,,17
muhalliqu,N,one who destroys,,,17
mundu,N,(a type of flour); groats; a type of flour,,,17
mêsu,V,hurl down; hurling down; destroying; crush,,,17
mā,J,what!; indeed,,,17
mākisu,N,tax-collector,,,17
mānahtu,N,"weariness; cultivated field; hardship; cultivated field, orchard; fatigue",,,17
mūruku,N,length,,,17
nakbatu,N,weight; power; main body (of army); main body,,,17
nappahu,N,bellows,,,17
nasāḫu,V,tear out; removing; eradication; removal; remove,ZI,𒍣,17
nemsû,N,wash-basin,,,17
nentû,V,overlap; move parallel; overlapping,,,17
nābiʾu,N,plunderer,,,17
nērubu,N,entrance; pass,,,17
palāqu,V,slaughter; be slaughtered; slaughtering,,,17
papparmīnu,N,(a semiprecious stone); (a whitish semiprecious stone),,,17
pātiqu,N,shaper; creator; one who fashions,,,17
rabābu,V,be(come) weak; be(com)ing weak; calm down; making submit; grow soft,,,17
raʾsu,N,tribal chief; sheikh; chieftain,,,17
riāqu,V,be(come) empty; remove; be(come) ready; empty (out); be(come) available; cast (metal); be(come) free; make available,,,17
rêmu,V,be(come) merciful; have mercy; show mercy; be merciful; take pity; make merciful; pardon; spare,,,17
rāšû,N,creditor; owner; one who acquires; rich one,,,17
sahru,AJ,turned; lying around; surrounding; encircled; surround; returned,,,17
salāqu,V,boil; boiling,,,17
samīdu,N,(a soapwort); (a soapwort?); (a medicinal plant); (soapwort)?; (a fine flour),KUR.ZI,𒆳𒍣,17
sartennu,N,chief judge,,,17
sassatu,N,grass,KI.KAL,𒆠𒆗,17
sebû,AJ,seventh,,,17
sukku,N,shrine,,,17
sukkuku,AJ,deaf; ignoramus; limited person,,,17
taqribtu,N,(a ritual); lament; offering,,,17
terku,N,blow; (dark) spot; dark spot; throbbing,,,17
tābīlu,N,(spicy) powder; as powder; dry (substance); powdered herbs; (a secretion of the eyes),,,17
tūrtu,N,turning; bending?; reversion; (magical) undoing of an oath; restitution; return; reply,,,17
tūšaru,N,plain; gesture of prostration; desert; battlefield,,,17
uhhuru,AJ,late; delaying; remaining,,,17
ulušinnu,N,date-sweetened emmer beer; date-sweetened emmer-beer,,,17
umāšu,N,grappling-hook; grappling-hook for wrestlers; strength; grappling-hook (for wrestlers); wrestling,,,17
urāšu,N,dirty thing; dirty cloth; lesion; (s.th. dirty); septic wound; something dirty; (something dirty); (a building),,,17
ussuku,V,assign,,,17
wašbu,N,resident; inhabited one; inhabitant of,,,17
zuʾʾuzu,AJ,divided,HA.LA,𒄩𒆷,17
āšibu,AJ,sitting; dwelling; residing; inhabitant,,,17
āšipūtu,N,exorcism,,,17
šahtu,N,reverent one,,,17
šakkannu,N,(a type of reed),,,17
šalāšī,AV,thrice,,,17
šiqqu,N,(a fish condiment),,,17
šitrāhu,AJ,very proud; splendid,,,17
šû,PP,his,,,17
šāqilu,N,(a wooden lock or bolt); (wooden lock or bolt),,,17
šūt,REL,who; those of; of,,,17
ḫaluppu,N,(a tree),,,17
ṣalmāt qaqqadi,N,the black-headed ones; black-headed ones; black-headed people,,,17
ṣamdu,AJ,bound; bound up; yoked; equipped; harnessed,,,17
ablu,AJ,dry; dried,,,16
allāku,N,traveller; messenger,,,16
ana ṣēr,PRP,to(wards); towards; in addition to,,,16
annû,N,this one,,,16
appātu,N,bridle; portico,,,16
arabû,N,(an edible water-fowl); (edible water-fowl); edible water-fowl; vessel,,,16
argānu,N,(a conifer); (resin of a conifer),,,16
ašuštu,N,affliction; grief; tribulation; depression,ZI.IR,𒍣𒅕,16
ašâtu,N,reins,,,16
batultu,N,adolescent; nubile girl; adolescent girl; girl,,,16
baʾālu,V,be dominant; be(come) dominant; be(come) abnormally bright; be(com)ing dominant; be exceptionally bright; make important,,,16
bibrû,N,(a bird); rhyton,,,16
buqūmu,N,plucking; plucked wool,,,16
bāb ēkalli,N,Palace Gate (on liver),ME.NI,𒈨𒉌,16
bādu,N,evening; (meaning uncertain),,,16
bēl lemutti,N,enemy; adversary; male adversary,,,16
bēl ṭābti,N,friend,EN-MUN EN-MUN-HI.A,,16
dababtu,N,talk; speech,,,16
daʾānu,V,be(come) strong; strengthen; be(come) powerful; increase; strength,,,16
dilûtu,N,device for water drawing; (action of) bucket irrigation; bucket,,,16
dulluhu,AJ,confused; disturbed; very distrubed,,,16
duppu,N,the sign DUB,,,16
eddēšû,AJ,constantly self-renewing,,,16
elammakku,N,(a tree); (a valuable wood),,,16
etguru,AJ,crossed over; entertwined; cross-shaped; intertwined; cross; interlocking,GIL,,16
gišrinnu,N,scales,,,16
gišru,N,(wooden) bar; bridge,,,16
gêšu,V,gash; gashing,,,16
gāmilu,N,one who does a favour; merciful one; saviour; one who saves,,,16
gāmilu,AJ,merciful; one who spares,,,16
harpu,AJ,early,NIM,𒉏,16
hilibû,N,underworld; (a stone); the underworld,,,16
huliam,N,helmet,,,16
hâšu,V,hurry; hurrying; be(come) anxious; be(com)ing anxious; give; giving,,,16
ippīru,N,conflict,,,16
issu pān,PRP,from; because of,,,16
išqippu,N,earthworm,,,16
kalîš,AV,totally; everywhere,,,16
kazallu,N,(a plant); (a medicinal plant),KA.ZAL,,16
kerhu,N,enclosure wall; citadel; enclosed area,,,16
kû,PP,yours; your,,,16
kīkī,QP,how?,,,16
labiru,AJ,old; original (tablet),LIBIR.RA LIBIR.RA.BI LIBIR.RA.BI.GIM LIBIR.RA.GIM,,16
latāku,V,try out; questioning; testing; trying out; test,,,16
libbū,AV,belonging to; in the same manner; in the same way as; in the same way; in this manner,,,16
lipiššatu,N,female genitalia,,,16
luhšû,N,(a temple functionary); the sign LUHŠA,,,16
lāma,SBJ,before,,,16
lāsimu,N,runner; courier; swift; swift one,,,16
mahra,AV,in front; earlier; before,,,16
maštītu,N,(allowance of) drink,,,16
maššû,N,(a carrying basket or board); (a symbol or signal),,,16
memû,N,the sign ME,,,16
mithāru,AJ,corresponding; equally high; in proportion; proportionate; symmetrical; equivocal; corresponding (to one another); of same type,,,16
mudammiqu,N,(a craftsman); betterer; one who makes good,,,16
murrānu,N,(a tree or shrub),,,16
muškû,N,snake-eater; designation of a bird of prey,,,16
mušēšeru,N,one who puts in order; one who makes prosper; that puts in order,,,16
muʾabbitu,N,destroyer; one who destroys,,,16
māhiṣu,N,beater; weaver; hunter; archer,,,16
māraku,N,length; full extent,,,16
mārūtu,N,status of son; crown prince,,,16
mēlultu,N,game; play; sport,,,16
mīs pî,N,mouth-washing,LUH.KA KA.LUH.UD.DA,𒈛𒅗,16
nappāhu,N,smith,SIMUG,,16
narūqu,N,leather bag; sack; (leather bag),,,16
nirru,N,(rope or braided string)?; (a rope or braided string)?; (a rope or braided string); the sign NIR,,,16
nittu,N,burglar; the sign ARAD,,,16
nišhu,N,diarrhoea; (reed pipe)?; (a reed pipe)?; diarrhea,,,16
nummuru,AJ,very bright,,,16
nusāhu,N,extract(ion); (a grain tax); grain tax,,,16
patarru,N,(battle) mace?; (battle) mace; knife; dagger?; (a fish); (a sharp tool),,,16
peršaʾu,N,flea,,,16
pitiqtu,N,mud wall; brickwork,,,16
piʾāzu,N,(a small rodent); a fish,,,16
puḫpuḫḫû,N,squabble,,,16
pīqa,AV,on (one) occasion,,,16
pūlu,N,limestone; limestone block; stone block,,,16
qardūtu,N,heroism; warriorhood,,,16
raggu,AJ,wicked; wicked (one),,,16
rašubbu,AJ,terrifying; awesome,,,16
sahhiru,N,peripatetic; peddlar; type of bird,,,16
sakīku,N,"(mud) deposits; silt; (mud, silt) deposits",IDIM,𒅂,16
singurru,N,(a fish),,,16
suhuššu,N,young date palm; palm-shoot,,,16
sâbu,V,draw water; drawing water; draw; drawing,,,16
sêru,V,plaster; smear; plastering; crush,,,16
takbittu,N,honor; important position,,,16
takāpu,V,prick; be(come) spotted; pierce; stick; being dotted with spots,,,16
taphu,N,(a metal cauldron),,,16
tullû,AJ,bedecked,,,16
tādirtu,N,depression; sorrow; distress; darkening of mood; darkness; gloom; mourning,,,16
tūʾamtu,N,twin; double pouch; twin-vessel; twinned item,,,16
udittu,N,(growth) of rushes; (growth of) rushes,,,16
ukultu,N,food; devouring; morsel,,,16
ullu,N,negative answer; refusal; distant past,,,16
ummān-manda,N,enemy horde; barbarian horde,,,16
upinzer,N,caterpillar; spiderweb,,,16
urašu,N,the sign IB,,,16
ušuzzāyu,AJ,standing,,,16
zakkû,N,(official) freed; exempt,,,16
zappu,N,bristle; tuft of hair,,,16
zaqpu,AJ,erect(ed); upright standing; upright; erected,,,16
zinbuharu,N,(a leather object),,,16
ša-muhhi-āli,N,town overseer,,,16
šaddaqda,AV,last year,,,16
šalgu,N,snow,,,16
šalāšīšu,AV,three times,,,16
šamaškillu,N,(a type of onion); shallot,SUM.SIKIL,,16
šanû,AV,for the second time,,,16
šarāṭu,V,tear; tearing; be torn,,,16
šašallu,N,tendon of the hoof or heel; back?; back,SA.SAL,𒊓𒊩,16
šelû,V,(meaning uncertain); be(come) neglectful; be(come) negligent; disregard,,,16
šeriʾtu,N,(a divine garment),,,16
šimmu,N,the sign ŠIM,,,16
šinipu,NU,two-thirds,,,16
šubbu,N,the sign RU,,,16
šuharruru,V,be(come) deathly still; be(com)ing deathly still; make deathly still; be deathly still; lay waste,,,16
šumhu,N,luxuriance,,,16
šuppatu,N,rush; (rush; sedge?,,,16
šuškallu,N,battle-net; fishnet,,,16
šâʾu,V,fly; circling; flying,,,16
šūru,N,bull; reed bundle; ditch; (a type of) ditch; reed bundle for reinforcement; canal,,,16
ḫalāqu,V,be(come) lost; banish; be(come) repeatedly lost; clear away; destroy; disappear,,,16
ṣahātu,V,press; pressing; squeezing; press out; wish; desire,,,16
ṣapû,V,soak; soaking; to soak,,,16
ṣapāru,V,press down; wink; pinching; pressing down; squint,,,16
ṣidītu,N,(travel) provisions,,,16
ṣīpu,N,submersion; dyeing; soaking; (a salt?),,,16
ṭabbiʾu,N,(a diving fowl),,,16
ṭummu,N,the sign DUN₃,,,16
absinnu,N,furrow,,,15
abūtu,N,(a fish); (a tool),,,15
alamu,N,the sign ALAN,,,15
alītu,N,(a type of woman),,,15
amurdinnu,N,bramble; bramble?,,,15
ana ṣiātim,AV,for eternity,,,15
anuntu,N,fight; battle,,,15
assukku,N,sling-stone,IM.DUGUD,𒅎𒂂,15
awīltu,N,woman,,,15
aširtu,N,check; advice?; advice; inspection; tithe; provisions; review,,,15
ašāšu,N,(a type of nest made by water fowl); type of nest made by water fowl; kind of moth; encampment(?),,,15
battibatti,PRP,all round; around,,,15
batūlu,N,boy; young man,,,15
bunnû,AJ,beautified; pleasant; built?; beutified,,,15
dabû,N,bear,,,15
dassu,N,door,,,15
diliptu,N,sleeplessness; agony; anxiety,,,15
ekēku,V,scratch; scratching; itch; scratch constantly,,,15
ekēpu,V,come close; drawing near; coming close; be in good time; bring (rain) in good time),,,15
enēqu,V,suck; suckling; sucking,,,15
eqbu,N,heel,,,15
erbâ,NU,forty,,,15
erimmatu,N,(egg-shaped) bead; egg,,,15
esittu,N,pestle; mortar,,,15
etelletu,N,pre-eminent one,,,15
etinnu,N,builder; master builder,,,15
ewû,AJ,twisted; distorted; changed,,,15
eššekku,AJ,sign three times,,,15
girītu,N,(a kind of fish),,,15
gupnu,N,tree(-trunk),,,15
halqu,N,fugitive; missing one; lost one; runaway,,,15
haṣbattu,N,(a pottery bowl),,,15
hiālu,V,be in labour; exude; being in labour; be in pain,,,15
huššû,N,red one,,,15
idrānu,N,potash; salt; salinity,,,15
išpiku,N,stores (of crops); grain-bin; storage bin,,,15
iššiakkūtu,N,ensi-ship,,,15
kablu,N,(furniture) foot,,,15
kapālu,V,roll up; intertwine; intertwining; rolling up,,,15
kinnû,N,the sign KIN; mountain,,,15
kiṣallu,N,ankle; astragal?,,,15
kubbulu,AJ,crippled,,,15
kurukku,N,(a bird); bird,,,15
kurullu,N,sheaf; pile of sheaves,,,15
labku,N,soft one; (a type of beer); soft,,,15
labû,V,howl; cry out; howling; surround; make go round; go round,,,15
lillu,N,idiot; fool,,,15
liqûtu,N,adopted child,,,15
lišān kalbi,N,hound's-tongue,,,15
lêmu,V,consume; eat; consuming,,,15
lābiš,AV,like a lion,,,15
mahīriš,AV,at the market; at market value,,,15
malāsu,V,pluck (out),,,15
martû,N,(a tree),,,15
mašāru,V,drag (across the ground); drag to and fro; dragging across the ground; drag; dragging; teasel,,,15
maṣû,AJ,corresponding; that which is corresponding; sufficient; able,,,15
mubbibu,N,one who purifies,,,15
muhhurtu,N,opposite (side); facing (side),,,15
mupašširu,N,one who releases; (a profession concerned with textiles); one who explains; one who untangles,,,15
murtêʾu,N,one who shepherds,,,15
mušabbiru,N,one who breaks,,,15
mušpalu,N,depth; lowland,,,15
mušākilu,N,that lets eat; (a kind of knife); feeder,,,15
māliktu,N,adviser,,,15
mēreštu,N,wish; intention; planting; daily needs,,,15
mūša,AV,at night,,,15
naburru,N,battlement(s),,,15
naggāru,N,joiner; carpenter,,,15
nahtu,N,small; (a type of garment); young (bird),,,15
nakmu,AJ,heaped (up),,,15
nalpattu,N,given value; shallow bowl; (shallow bowl),,,15
namṣartu,N,(a storage vessel); storage vessel,,,15
nanmurtu,N,meeting; heliacal rising; visibility time,,,15
napardû,V,shine brightly; illuminating; be(come) cheerful; lighten; make cheerful,,,15
nasāsu,V,lament; continually lament; lamenting,,,15
natāru,V,split open; splitting open; hack out,,,15
nidintu,N,gift; dowry,,,15
nišūtu,N,relative(s); relatives,IM.RI.A,𒅎𒊑𒀀,15
palāku,V,divide off; dividing off; draw boundaries,,,15
paršu,N,excrement,,,15
patīru,N,sack,,,15
pāṭeru,N,one who releases; that which undoes,,,15
qalû,AJ,roasted; refined; parched,,,15
qaqqadānû,AJ,with large head; with a large head,,,15
qašdu,AJ,pure; holy,,,15
qerbu,AJ,near; constricted; involved; being present,,,15
qurpissu,N,helmet,,,15
qīšu,N,forest,,,15
rakbu,AJ,mounted messenger; mounted; riding; lying on; superimposed,,,15
samāku,V,cover up; bury; smother?; covering up; damage(?),,,15
sapannu,N,flatland; plain,,,15
sappāru,N,"wild ram; (a wild animal, perhaps) wild ram",,,15
sehlu,N,thorn; spine; stab (of pain),,,15
sehru,N,bend; (a stone); setting; all; region; turn,,,15
simunu,N,(right) occasion; time,,,15
surdû,N,hawk; falcon,,,15
tarku,AJ,dark,,,15
tazzimtu,N,complaint; lamentation,,,15
tinnu,N,the sign DIN,,,15
turru,AJ,turned; hollow (of month); turned away; twisted; returned; captured,,,15
uddazallû,N,date; intercalation,,,15
unnutu,AJ,faint,SIG,𒋝,15
uruhhu,N,hair (of head); a priest,,,15
utru,N,excess; remaining; additional; additional goods,,,15
zuqtu,N,mountain peak,,,15
ša-maṣṣarti,N,guard,,,15
šaddaru,N,(a grass),,,15
šahurratu,N,deathly hush,,,15
šakkadirru,N,(a kind of lizard); marten,KUN.DAR,𒆲𒁯,15
šalāṭu,V,rule; ruling; cut (into); deviating; be authorized; exercise authority; claim authority,,,15
šamhu,AJ,luxuriant; abundant; elated; exuberant; magnificent; prosperous,,,15
šamšiš,AV,like the sun,,,15
šešgallu,N,big brother; high priest; (term for a) high priest,,,15
šinnatu,N,similarity; equality,,,15
širmu,N,vessel; (vessel with the capacity of 1 sūtu); vessel with the capacity of 1 sūtu,,,15
šuglutu,AJ,very frightening; awe-inspiring,,,15
šurīpu,N,ice,,,15
šēmu,N,fat,,,15
šīhu,N,insect; tall; (an insect); basin; grown (tall) one,,,15
ūṭu,N,span; half-cubit; unit; a unit of length,,,15
ṣahittu,N,wish; valuables; desire,,,15
ṣulāmu,N,blackie; (a black tree); Blackie; (a bird),,,15
ṭahdu,AJ,luxuriant; ample; abundant; copious,,,15
ṭapālu,V,slander; disdaining; slandering; belittling; to insult; scorn; make contemptible; disdain,,,15
ṭepû,AJ,extended; added; increasing,TAB,𒋰,15
agannû,DP,these; this,,,14
annanna,XP,so-and-so; such-and-such,NENNI,,14
anuššu,N,(a leather object),,,14
arnabu,N,hare; female hare,,,14
arru,N,cursed one; decoy bird; (designation of sheep),,,14
ayyakku,N,(a type of sanctuary); sanctuary,,,14
azaru,N,lynx,,,14
aškuttu,N,locking bar; wedge-shape,,,14
barmu,AJ,multicolored; flickering; variegated; multicoloured; sealed; engraved,,,14
barāru,V,flicker; be(come) dim; twitch?; flickering; unsteadiness,,,14
buṭumtu,N,terebinth; terebinth fruit; a kind of flour,,,14
bēl ṭēmi,N,reporter,,,14
diqdiqqu,N,wren,,,14
dunnunu,AJ,very strong,,,14
egirtu,N,inscribed tablet; letter,,,14
ekketu,N,itching,,,14
ellabbuhhu,N,bladder,,,14
ezābu,V,leave; save; escape,,,14
eʾiltu,N,bond; obligation; sin,,,14
eṣēdu,N,harvest(ed crop); harvest,,,14
gegunnû,N,raised temple,,,14
girimmu,N,(a kind of fruit); (a precious stone),,,14
giššakanakku,N,(part of doorframe),,,14
guhaššu,N,wire; wire cable,,,14
hablu,N,wronged one; wronged (person),,,14
hamšu,NU,fifth; one-fifth,,,14
haṣāṣu,V,snap off; snapping off; erect (reed hut); build with reed,,,14
himtu,N,leather skin; money bag; pouch; purse,,,14
hinnu,N,ship's cabin,,,14
hubuttu,N,interest-free loan,,,14
hutenzû,V,be(come) lame?; be(com)ing lame?; be(com)ing lame; be(come) lame; become lame,,,14
hâlu,V,melt (away); melting; melting (away),,,14
hābû,N,(a storage jar),,,14
hāmū,N,chaff; litter; rubbish,,,14
imgiddû,N,(a single-column tablet); library tablet; (a single-columned tablet),,,14
imhur-ešrā,N,(a climbing plant),IGI.20,,14
iyû,PP,my; mine,,,14
izhu,N,belt; string,,,14
išku,N,testicle,,,14
kankannu,N,(wooden) pot stand; the sign KA₂,,,14
katimattu,N,(a bird),,,14
kirissu,N,hairpin,,,14
kuppû,N,eel; reed thicket; reed,,,14
kūšu,N,the sign SU; skin,,,14
labbu,N,withered one?,,,14
lallu,N,the sign LAL; the sign LAL₂,,,14
lamṣu,N,(a big fly); fly,,,14
latku,AJ,tested,,,14
liginnu,N,(a type of) tablet; school exercise tablet; (type of) tablet; one-column tablet,,,14
litiktu,N,test; (a measuring vessel); a measuring vessel,,,14
mahrašu,N,(a post for fastening),,,14
makdādu,N,(a scraper)?,,,14
malikūtu,N,rulership,,,14
mašhalu,N,(type of) sieve,,,14
mašlû,N,(leather) bucket; (a wall socle)?; leather wrapping,,,14
meṭlūtu,N,manhood; mature age,,,14
miksu,N,tax; tax (on produce); toll,,,14
muballû,N,one who extinguishes; destroyer,,,14
muhhuriš,AV,as an offering,,,14
munakkipu,N,one who gores,,,14
musahhû,N,one who destroys; one who disturbs,,,14
muthummu,N,fruit(s),,,14
muttinnu,N,choice wine,,,14
muzīqu,N,raisin,,,14
mušapšihu,N,one who allows to rest; one who pacifies,,,14
mušaškinu,N,one who causes something to be present,,,14
mêlu,N,poultice; poultice (hung round neck); phylactery,,,14
māštu,N,(a plant); twin,,,14
nagaltû,V,awake; wake up,,,14
nahlu,AJ,sieved; strained; diseased,,,14
napardû,AJ,shining brightly,,,14
nappaltu,N,balance; rate of change; (building) rubble; debris,,,14
nasḫu,AJ,torn; extracted; uprooted; removed,,,14
naṣābu,V,suck; sucking,,,14
nidnu,N,gift,,,14
niāku,V,have sexual intercourse; have sexual intercourse with; having sexual intercourse with,,,14
niṭlu,N,look; appearance; gaze,,,14
pattû,N,bucket; (a kind of) chest; (kind of) chest,,,14
piriggallu,N,lion-shaped column pedestal,,,14
pitiltu,N,"string; cord; string, cord",,,14
pâ epēšu,V,open the mouth (to speak),,,14
qiddatu,N,bending down; downstream; downstream (on a river),,,14
qālu,AJ,fallen; crushed; thick?; silent,,,14
raqqidu,N,(cultic) dancer; (designation of a donkey),,,14
raqqu,AJ,thin; fine,,,14
rubṣu,N,"animal's litter, bedding; syn. for womb?; animal's litter; dung (from floor of stall)",,,14
ruʾta nadû,V,spit,,,14
rādiu,N,(caravan) guide; leader; follower,,,14
sangilimud,N,(a bluish stone),,,14
silqu,N,(vegetable); animal for slaughter; boiled food,,,14
suḫuššu,N,young date palm; palm-shoot,,,14
sâru,V,rotate; dance; whirl; circle; dancing; rotating; whirling; whirl around,,,14
sâʾu,V,cry out (in pain); crying out (in pain); wheeze; wheezing,,,14
taphurtu,N,assembly,,,14
tappinnu,N,a kind of flour; (a kind of flour); a fish,DABIN,,14
tarru,N,(a bird),,,14
tashīrtu,N,(a twisted reed artefact?); (a twisted? reed artefact)?; (twisted? reed artefact)?; plaited reeds?,,,14
titāpu,N,beer mash,TITAB,,14
uggugu,AJ,very furious; angry,,,14
urballu,N,quail; quail?,,,14
uššušu,V,renew; renovating,,,14
yāmuttu,XP,each,,,14
zagindurû,N,(a kind of) lapis lazuli; blue glass,,,14
zarû,V,winnow; sow; scatter; winnowing; scattering,,,14
zarāqu,V,sprinkle; sprinkling,,,14
zukû,N,(a kind of frit or glass),,,14
ēṣidu,N,reaper; harvester,,,14
šabsu,AJ,angry; agitated,,,14
šahṭu,AJ,jumped; skipped; twitching; attacked; stripped?; taken off,,,14
šalpu,AJ,unsheathed,,,14
šalāšu,V,do for a third time; tripling; do for the third time; do three times,,,14
šardappu,N,(a part of a harness),,,14
šaššāru,N,saw; a saw,,,14
šimītān,N,evening; in the evening; (in the) evening,AN.USAN,,14
šupêltu,N,exchange,,,14
šuqallulu,V,hang (down); allow something to hang; hanging (down); hanging down; suspending,,,14
šutadduru,AJ,constantly terrified,,,14
šīlu,N,depression; Hole (on liver),U,𒌋,14
ṣayyahu,N,laugher; (a bird),,,14
ṣummû,N,thirst,,,14
ṣuppān,N,unit,,,14
abbuttu,N,(a hair style); locks; (a hair-style),,,13
adakanni,AV,until now,,,13
adīru,N,fear; (an enclosure?),,,13
ali,QP,where?,,,13
anhu,AJ,tired; dilapidated,,,13
appūna,AV,moreover,,,13
aprušu,N,(a plant); (a medicinal plant); siderite?,,,13
arahhu,N,(a genre of Sumerian songs); arahhu-hymn; storehouse; a genre of Sumerian songs,,,13
arallû,N,netherworld,,,13
baqqu,N,(small) fly,,,13
birtūtu,N,function as fort; status of a fort,,,13
birṣu,N,(a luminous phenomenon); firefly?,,,13
bīšu,N,bad one; soiled one; possessions,,,13
dabašinnu,N,(a leather object); a leather object; tarpaulin,,,13
dakāku,V,crush; grind up; gambol; gamboling; crushing,,,13
dariu,N,sacrificial sheep; regular sheep offering,,,13
daʾāmu,V,be(come) dark; be(com)ing dark; make dull; wander about; making to fumble; wandering about,MUD,,13
dāmātu,N,(a dark-yellow paste),,,13
dēšû,AJ,abundant,,,13
dūtu,N,virility; secret place,,,13
elṣiš,AV,joyfully; gladly,,,13
emdu,AJ,imposed; taking refuge in; touching; joined up; leaning,,,13
erimtu,N,cover(ing); tablet envelope; envelope,,,13
erinnu,N,neck-stock,,,13
ešû,AJ,confused; disorderly; obscure,,,13
eṣādu,V,harvest,,,13
ginnu,N,(stamped silver); the sign GIN₂,,,13
gišnugallu,N,alabaster,,,13
gištallu,N,cross-bar,,,13
guhšû,N,(a reed altar),,,13
gurušgaraš,N,vulva,,,13
hahhūru,N,raven,,,13
himmatu,N,collected materials; collection; rubbish; matter blown together,,,13
hulmiṭṭu,N,dragon; kind of lizard,,,13
hurhummatu,N,foam,,,13
hutpu,N,arrowhead,,,13
imbû tâmti,N,algae,KA.A.AB.BA,𒅗𒀀𒀊𒁀,13
ina mati,QP,when?; whenever,,,13
inhu,N,(a type of cultic song); inhu-hymn; hardship; sigh,,,13
kalmakru,N,battle-axe; (kind of) battle ax,,,13
kamkammatu,N,ring,,,13
kammu,N,(a plant used in tanning); (a dye); board; (a metal dowel); (writing) tablet,,,13
kammusu,AJ,squatting; staying,,,13
kanku,AJ,sealed,,,13
kapāṣu,N,(a seashell),,,13
karmūtu,N,ruination,,,13
kaskalu,N,the sign KASKAL,,,13
kaskasu,N,gristly extension of breast-bone; ensiform cartilage,,,13
kirrētu,N,(a kind of meat),,,13
kiskibirru,N,kindling wood; trap,,,13
kizzu,N,(young male) goat,,,13
kubbutu,AJ,very heavy; solid; very honored,,,13
kurību,N,(an ethereal spirit); cherub,,,13
kuṣṣuru,AJ,thoroughly knotted; thoroughly organized,,,13
kādu,N,guard; fort,,,13
la-qāt,PRP,from the hand,,,13
lakû,N,weak one; suckling; suckling child; weak (person); baby,,,13
lemniš,AV,badly; with evil intent; with evil intentions; evilly; wrongly,,,13
lipištu,N,a plant; male genitalia; (a plant),UZU.NU,𒍜𒉡,13
luʾʾû,AJ,sullied; 'dirt'-witchcraft; dirt; dirty,,,13
lā-petītu,AJ,unmated (of female animal),,,13
līqu,N,palate,,,13
mahû,V,rave; be(come) ecstatic; become crazy; become frenzied; continually rave,,,13
melēštu,N,(part of the tongue)?,,,13
meṣherūtu,N,childhood; youth,,,13
mukīl rēš lemutti,N,evil spirit,SAG.HUL.HA.ZA,,13
māšu,AJ,twin,,,13
mūterrišu,N,one who constantly makes requests,,,13
nadītu,N,'fallow' woman; cloister-lady; fallow woman; childless woman; (celibate) priestess; (a type of priestess); celibate (priestess),LUKUR,,13
nanzuzu,AJ,was standing,,,13
napṭu,N,naphtha,,,13
nebû,AJ,shining; bright,,,13
nigiṣṣu,N,crack; crevice,,,13
nirāhu,N,(a kind of snake),,,13
nussuqu,AJ,select(ed); choice; well-chosen,,,13
nâḫu,V,rest; calm (someone); calm down; cool off; die down; extinguish,,,13
nêru,N,killer,,,13
nēbettu,N,sash; girdle,,,13
pazru,AJ,concealed; hidden,,,13
piššiqu,N,bone,,,13
pussusu,AJ,erased; canceled; destroyed; smashed; annulled,,,13
puāgu,V,take away forcibly from; abduct; takeover; appropriate; cut off,,,13
pīt bābi,N,(an Elamite month); opening of the gate,,,13
qabītu,N,spoken thing,,,13
qadāšu,V,be(come) pure; cleanse oneself; purify; to be(come) pure; purifying,,,13
qarnānû,N,horned one,,,13
qāqullu,N,(a plant); (a bird); Elettaria cardamomum?,,,13
rab kiṣri,N,centurion; cohort commander,,,13
rab-šāqê,N,chief cupbearer,,,13
ramāmu,V,roar; roaring; growling; rumble,,,13
raʾû,V,pasture; graze; shepherd,,,13
retû,AJ,driven in; fixed; attached; installed,,,13
rikibtu,N,guano; copulation; excrement; love-making; copulation?; spur,,,13
riqītu,N,(ruminant's third) stomach; (scented oil),,,13
riātu,N,ventive,,,13
rišûtu,N,(a skin disease); redness; skin complaint,SA.UMBIN.AG.AG,,13
rīmāniš,AV,like a wild bull,,,13
sassannu,N,plaited reed artefact; designation of a hunting basket; musical instrument; (plaited reed artefact); hunting basket; net; reed flute,,,13
seʾû,V,press down; compact; pressing down,,,13
siliʾtu,N,sickness; disease,,,13
suhuppatu,N,boot(s); boots,,,13
tabrû,N,(a type of produce),,,13
takšīru,N,repair,,,13
tannu,N,(a wooden bowl),,,13
tarpašû,N,area,,,13
tiskur,N,(a plant),,,13
tiṣmuru,AJ,intent,,,13
uhinnu,N,fresh date(s); date-shaped bead; unripened dates,,,13
uppītu,N,(an object); (an article of clothing),,,13
uʾiltu,N,(a kind of cuneiform tablet); contract-tablet; report,,,13
zagiddurû,N,(a kind of) lapis lazuli,,,13
zidubdubbû,N,(small heap of flour); (a small heap of flour); ritual flour heap,,,13
zummu,V,be(come) deprived; deprive,,,13
âšu,V,retch; keep retching,,,13
āliku,AJ,going; moving; one who goes; blowing,,,13
šagigurrû,N,free-will offering,,,13
šalāmu,N,peace; (sun)set; (whole) story,,,13
šanītu,N,something other; hostilities; something hostile; enmity,,,13
šapattu,N,15th day of month; fifteenth day of the month,,,13
šapru,N,thigh; envoy; pledge,,,13
šarāmu,V,trim; trimming; triming,,,13
šaršerru,N,red paste,,,13
šaššāniš,AV,like the sun,,,13
šaḫû,N,pig,,,13
šegû,AJ,wild; aggressive,IDIM,𒅂,13
šeṭû,V,spread out; unraveling; spreading out,,,13
šimru,N,fennel,,,13
šuh,PRP,on the subject of; as to,,,13
šunnû,AJ,changed; doubled; altered,,,13
šurdunû,N,(a plant); (a medicinal plant),,,13
šuruppû,N,frost; chill; icy blast; shivers; cold fit,,,13
šuāšu,IP,to him; him; that; that same,,,13
šānû,N,runner,,,13
šūnuhu,AJ,much troubled; weary; mouch wearied,,,13
ḫurru,N,hole,HABRUD,,13
ḫâlu,V,melt (away); exude; decompose; dissolve,,,13
ṣalî,AJ,situated,,,13
ṣalāmu,V,be black; turn black; be(come) black; be(come) constantly dark; be(come) dark; turn something black,,,13
ṣernettu,N,a skin disease; (a skin disease),,,13
ṣertu,N,nipple,,,13
ṣêʾu,V,repulse; repulsing; hurl,,,13
ṣāb šarri,N,royal troops,,,13
ṣārihu,N,wailer,,,13
adattu,N,succulent part of reed,,,12
adi bēt,SBJ,until; as long as,,,12
adūgu,N,oven,,,12
ai,J,alas!,,,12
aklu,AJ,eaten; consumed; broken; consumed by fire,,,12
akī annî,AV,like this,,,12
allallu,N,(a kind of bird); hoopoe; powerful one,,,12
alātu,V,swallow (up); swallowing (up); suppress,,,12
ambassu,N,(game-)park,,,12
anzaḫḫu,N,(a kind of glass); frit; (a frit-like glass),AN.ZAH,,12
anṣabtu,N,ring,,,12
ariktu,N,length; (a spear); (a cart); (a kind of spear),,,12
arītu,AJ,pregnant; pregnant (woman); pregnant of animals,,,12
ašturru,N,gnat,,,12
aʾlu,N,tribe?; confederation?,,,12
bisru,N,leek,,,12
bulû,N,dry wood; firewood,,,12
bēl piqitti,N,official,,,12
bītānû,AJ,inner; interior,,,12
dalbānu,N,intervening space; (a part of the roof),,,12
dallu,AJ,small; praised,,,12
dalāḫu,V,disturb; be(come) constantly troubled; be(come) constantly perturbed,,,12
dilhu,N,disturbed state; confusion,,,12
ekmu,AJ,taken away; saved; stunted,,,12
elēlu,N,cheerful song; elēlu-hymn,,,12
emu,N,father-in-law; son-in-law; (male relative by marriage),,,12
ergilu,N,type of locust,,,12
eṣēpu,V,double; twine; doubling,TAB.BA,𒋰𒁀,12
gadalalû,N,linen fabric; temple curtain,,,12
galtu,AJ,fearful; fearsome; terrible; frightened,,,12
gurnu,N,average quality one; of average quality one,,,12
gû,N,the sign GU₂,,,12
gāmiru,N,strong one; one who brings to conclusion,,,12
habtu,AJ,robbed; taken captive; plundered one; plundered; carried off,,,12
haltikku,N,vessel; meaning unknown; (a vessel); (meaning unknown),,,12
haluppu,N,(a tree); (a kind of cherry),,,12
hamāmu,V,gather; cause to gather; gathering,,,12
handuttu,N,vulva,,,12
harbu,AJ,deserted; wasteland; waste land,,,12
harāru,V,(meaning unknown); dig; digging; hollowing out,,,12
harāsu,V,itch; scratch; itching,,,12
hazīqatu,N,(a headcloth); a skin disease; (a head cloth),,,12
hašhūrakku,N,'apple' bush,,,12
haštu,N,(a kind of stone); hole; trap; pit,,,12
hirīṣu,N,(city) ditch; moat,,,12
hiṭṭatu,N,excavation,,,12
huppu,N,(a kind of basket); hole,,,12
husīgu,N,turquoise?; (a stone); a green stone; (a piece of jewelry),,,12
huzālu,N,gazelle kid,,,12
ibahu,N,womb,,,12
illukku,N,(a precious stone); neck ornament?; (a ceremonial garment); (a ceremonial robe); necklace,,,12
iptu,N,luxuriance; tribute,,,12
išid šamê,N,horizon,,,12
ištarītu,N,(a priestess); epithet of Ištar,,,12
kamānu,N,(a loaf or cake); honey cake,,,12
kaṣû,V,be(come) cold; make cold,,,12
kayyamānû,AJ,reliable,,,12
kubru,N,thickness; diameter,,,12
kukkušu,N,(a low quality flour); husk?,,,12
kuninnu,N,(a basin for liquids),,,12
kunzu,N,(a leather bag),,,12
kuāti,IP,"(of, to) you",,,12
kâšu,V,delay; linger; lingering; delaying; hesitate; tarry,,,12
kāpu,N,rock; cliff,,,12
lagaru,N,the sign LAGAR; (a priest),,,12
lahhinnu,N,(an official in temple service); (temple) steward,,,12
lahtanu,N,(a beer vat),,,12
lapnu,AJ,poor; poor man,,,12
laputtû,N,lieutenant; overseer,,,12
lašhu,N,gums; gum(s),,,12
laʾšu,N,(a copper ore),,,12
lâṭu,V,confine; imprison; encircle; keep in check with bridle; keep in check,,,12
mahirtu,N,recipient; (boat) moving upstream; (a bone of the leg),,,12
makaddu,N,(wooden stick or spatula)?; (a wooden stick or spatula)?,,,12
makkaru,N,donkey-goad,,,12
makkasu,N,a knife; (a knife); dates of good quality; (a bowl); knife,,,12
matgiqu,N,(part of a building); vault?,,,12
maškantu,N,ingredients,,,12
munussu,N,the sign MUNUS; the sign SAL,,,12
mupattû,N,one who opens,,,12
muqqu,AJ,weakened; weak,,,12
muttananbiṭu,AJ,bright,,,12
mušammihu,N,one who makes something flourish,,,12
naggigu,N,one who brays; that brays,,,12
namzītu,N,mash tub,,,12
napšāru,N,(agricultural tool for treatment of grain); uvula; uvula?; throat,,,12
napṭartu,N,desertion; type of key; (a type of key),,,12
nasru,N,(hook or peg for suspension); (a hook or peg for suspension); (a hook or pef for suspension),UZU,𒍜,12
našāku,V,bite; biting,,,12
naṭû,V,hit; suck?; be(come) suitable; (meaning unknown); chewing?; beat; flog,,,12
nisannu,N,offering (of first fruits),,,12
nāšu,N,(a type of beer); bearer,,,12
nīlu,AJ,lying down,,,12
patālu,V,twine; twist; be twisted; be(come) twisted; to twine; twining,,,12
pazāru,V,hide; granting shelter; hide oneself; hide o.s.,,,12
pašqiš,AV,with great effort,,,12
pehû,AJ,sealed; closed; blocked,,,12
pinku,N,knob; (a bird),,,12
piriqqu,N,the sign PIRIG,,,12
pittu,N,side; accordingly; adjacent region; area,,,12
piātu,N,edge,,,12
puhālu,N,male animal; breed animal,,,12
purādu,N,(a large type of carp),,,12
pāsisu,N,one who erases,,,12
qalû,N,oven (for roasting),,,12
qemû,V,grind; grinding; destroying,,,12
qudru,N,(a plant),,,12
qāʾišu,N,one who grants; one who bestows; giver; who giver,,,12
raṣpu,AJ,built,,,12
raṭbu,AJ,damp; fresh; wet; moist,,,12
ritkubu,AJ,copulating with each other; copulating; mating; superimposed,,,12
riḫûtu,N,progeny; semen,A.RI.A,𒀀𒊑𒀀,12
rukkusu,AJ,joined; harnessed,,,12
russû,V,dissolve?; be(come) bound; bind,,,12
ruṭibtu,N,dampness; (an illness); damp ground,,,12
rāʾimu,AJ,loving; lover; loving one; one who loves,,,12
sahar,N,the sign IŠ,,,12
salguttu,N,the sign DI,,,12
santakka,AV,continuously,,,12
sassu,N,base; floor boards; floor; floor(-boards),,,12
sulû,N,street; prayer; bait,,,12
surri,SBJ,as soon as,,,12
talʾašu,N,grain pest,,,12
tambukku,N,cucumber fly,,,12
tamû,N,cursed one,,,12
tanūqātu,N,battle cry,,,12
targīgu,N,evildoer,,,12
tašimtu,N,discernment,,,12
tiʾûtu,N,nourishment; food,,,12
tudittu,N,(a dress-pin); dress-pin,,,12
tukšu,N,(leather) shield; shield,,,12
turballû,N,bare ground,,,12
tuša,MOD,it could have been that; assuming that; it seems that; as if,,,12
ubšukkinnakku,N,court of assembly,,,12
udugu,N,(wooden) stick,,,12
ukullû,N,provisions; food; food allowance,,,12
ummatu,N,main body; company; descendants; lower part (of grindstone); lower grindstone; main contingent (of army or workforce); unit (of troops); main contingent,,,12
urkīu,AJ,rear; later; latter,,,12
urpu,N,cloud(s),IM.DIRI,,12
urrû,N,the sign UR; the sign UR₂,,,12
usigu,N,(a bird),,,12
uturu,N,wooden clamp,,,12
za,N,the sign ZA,,,12
ziqqu,N,crest; edge?; (a pillar)?; (an alkaline plant); wineskin,,,12
zisurrû,N,magic circle; flour circle,,,12
ēṣu,AJ,few; a few; little; insignificant,,,12
šabbiṭu,N,staff,,,12
šaharru,N,"(a net for carrying straw, barley, etc.); net; (a net for carrying); porous one; (a net for carrying straw)",,,12
šahāhu,V,be(come) loose; become loose; being loose; disintegrate; disintegrating,,,12
šakkanu,N,(a type of reed),,,12
šallariš,AV,as (with) wall plaster,,,12
šalṭāniš,AV,in triumph,,,12
šammû,N,the sign U₂,,,12
šappatu,N,(a pottery vessel); (a pottery of vessel); jug; jar,,,12
šebru,AJ,broken; broken piece,,,12
šihṭu,N,(a kind of fodder),,,12
šinni ṣabīti,N,gazelle-tooth stone,,,12
šudlupu,AJ,sleepless; exhausted; troubled,,,12
šutabalkuttu,N,(a type of bag),,,12
šutābulu,AJ,mixed; deliberating,,,12
šāšu,IP,him,,,12
šūpû,N,resplendent one,,,12
ḫūṣu,N,pain,,,12
ṣallallu,N,(a night bird),,,12
ṣarātu,V,fart; farting,,,12
ṣaṣumtu,N,(a medicinal plant),,,12
ṣehheru,AJ,tiny; small; very young; very small,,,12
ṣēriš,AV,towards; upon,,,12
ṭerītu,N,mud; sediment?; silt; alluvium,,,12
ṭābu,N,good one; good thing(s),,,12
ṭūb šīri,N,good physical health; physical health,,,12
ab abi,N,grandfather,,,11
abašmû,N,(a stone),,,11
abtu,AJ,destroyed,,,11
AD.SAG,N,(a medicinal plant),,,11
agannutillû,N,dropsy,,,11
agargarû,N,(kind of fish(-spawn)); (a kind of fish(-spawn)),A.GAR.GAR,𒀀𒃻𒃻,11
akkāʾi,QP,how?,,,11
akuṣīmu,N,(a plant); (a curved piece of wood),,,11
almanūta alāku,V,be(come) a widow(er),,,11
almanūtu,N,widow(er)hood,,,11
anpatu,N,(a bird),,,11
apâtu,AJ,numerous; widespread; teeming (people),,,11
ararû,N,(a plant); (a medicinal plant),,,11
arkāniš,AV,back; later; afterwards,,,11
askupputu,N,(threshold) slab; threshold,I.DIB,𒄿𒁳,11
assinnu,N,(male cultic prostitute); hermaphrodite?; male cultic prostitute; martial cultic performer,,,11
asīdu,N,heel,,,11
atartu,N,(a type of grass),,,11
atāru,V,be(come) outsize; extol; make excel; be(come) extra; exaggeration; surpass; exceed; gain,,,11
azamillu,N,sack,,,11
ballūṣītu,N,(a bird),,,11
barakku,N,(a corridor or outbuilding); (a corridor),,,11
berû,V,be(come) hungry; be(com)ing hungry; be(coming) hungry; make starve; starve,,,11
birru,N,grille; lattice,,,11
bubuʾtu,N,boil,,,11
bursaggu,N,(a kind of offering); a kind of offering,BUR.SAG,𒁓𒊕,11
burubalû,N,ruin; unimproved land; abandoned land,KI.BAD,𒆠𒁁,11
bīt ili,N,temple,,,11
dabbu,AJ,speaking; spoken,,,11
danību,N,victualler,,,11
darāru,V,move freely; moving freely; roaming free; intercalate a month; adding of the intercalary month; intercalate,,,11
dubdubbu,N,(a bird); (a drum),,,11
egemgiru,N,(a medicinal plant),,,11
ekēlu,V,be(come) dark; repeatedly become dark; be(come) sombre; condition of darkness; be(com)ing permanently dark,,,11
ennettu,N,sin; punishment,,,11
epēru,V,feed; feed oneself; provide; providing for; cause someone to provide for; nourish,,,11
erēhu,V,act aggressively; attack,,,11
etku,AJ,alert,,,11
ešrû,NU,tenth; one-tenth; 20th day; twentieth day (of month),,,11
ešēbu,V,flourish; flourishing?; flourishing; making flourish,,,11
gištû,N,cross-bar; crossbar,,,11
hahû,N,"(a plant); slag; slag, clinker",,,11
hanāšu,V,bow down; subjugate; submit; submission; make s.o. submit,,,11
harbakkannu,N,(a bird),,,11
harṣu,AJ,meaning unclear; treated?; broken off; detailed; detailed report; accurate; made clear,,,11
hašāšu,V,swell; be(come) happy; be made to rejoice; applying oil; being happy; inflating,,,11
hersu,N,(a vessel),,,11
huhāriš,AV,as with a bird-snare,,,11
huluhhu,N,(light(-coloured) slag); light(-coloured) slag; white frit,,,11
hurdu,N,door mat; door made from a mat; posthumous child; posthumous son; (meaning uncertain),,,11
huṣṣu,N,(a kind of reed hut),,,11
hāmītu,N,hummer,,,11
hūqu,N,step; (critical) stage (of illness); (a kind of bird); rung (of ladder); rung,,,11
imhullu,N,destructive wind,IM.HUL,,11
imṭû,N,loss(es); depletion; (a cutting implement),,,11
irimmu,N,bead (necklace); love-charm,,,11
ittidû,N,"francolin; (bird, phps.) francolin",,,11
izišubbû,N,stroke of lightning,,,11
išqarrurtu,N,(an agricultural implement); (an agricultural implement)?,,,11
iššu,N,the sign IŠ,,,11
kabbaru,AJ,very thick; steady,,,11
kabālu,V,be(come) paralysed; constricting,,,11
kalbānātu,N,(a siege instrument),,,11
kamû,N,bound one; prisoner,,,11
kibirru,N,(a weapon); firebrand,,,11
kikiṭṭû,N,ritual procedures; ritual procedure,,,11
kuddu,N,(a container),,,11
kuduppānu,N,(a kind of) pomegranate; (kind of) pomegranate; (kind of) pomegranate tree,,,11
kunšillu,N,carder; teasel; (part of the body); carding comb,,,11
kutmu,N,cover,,,11
kutīmu,N,goldsmith,,,11
kāšidu,AJ,conquering; defeating (one); one who defeats; reaching,,,11
kūbu,N,foetus; fetus,,,11
lalgar,N,cosmic (underground) water,,,11
lamaštu,N,(a demoness),,,11
letû,V,split; shatter; splitting; be split,,,11
lāmidu,N,one who learns,,,11
mala,AV,once,,,11
malāʾu,V,take out?; take,,,11
malītu,N,(a lament); (a ritual vessel); loud cry,,,11
maqarrutu,N,bale (of straw),,,11
maškuru,N,(inflatable) animal skin; wineskin,,,11
mešṭû,N,drying (process); place for drying,,,11
miqqānu,N,insect; (an insect),,,11
mukannišu,N,subjugator; one who makes bow down,,,11
mukku,N,"poor quality, waste wool; the sign MUG",,,11
muraššû,N,quarreller; wild cat; who does wrong; slanderer,SA.A.RI,𒊓𒀀𒊑,11
muttabbiltu,N,female servant; (a hunting net); furniture,,,11
mušamṣû,N,one who allows someone to attain something,,,11
mār marʾi,N,grandson,DUMU-DUMU,,11
mārû,N,animal fattener,,,11
mīšariš,AV,in justice,,,11
mūgu,N,contingent,,,11
nadû,N,(stele)?; (a stele)?; laid down one; placed one; abandoned one; fallen one,,,11
nagappu,N,sheaf,,,11
nagû,V,sing joyfully; rejoice; singing joyfully,,,11
namarkû,V,be late; being late; be(come) late,,,11
namtaru,N,fate; death,,,11
namûtu,N,desolation; wasteland,,,11
napraku,N,bolt; obstacle,,,11
narbāṣu,N,lair (of an animal),,,11
nardamu,N,mooring pole; footpath; track,,,11
nargallu,N,chief musician; chief singer,NAR.GAL,,11
nargītu,N,(a head band); (a headband),,,11
našpu,AJ,blown away; (a type of light-coloured beer); thin,SIG.GA,𒋝𒂵,11
naṣmadu,N,harness; harnessed team; yoked team,,,11
neʾrāru,N,aid; military support; ally; help; reinforcements,,,11
niggallû,N,(a type of property); sickle,,,11
nisihtu,N,extraction; desertion; tax,,,11
nupāru,N,heart; (frame of) mind,,,11
nābališ,AV,on dry land; into dry land,,,11
nērubu,V,flee; fleeing,,,11
nīlu,N,wetness; flooding; semen,,,11
nūgu,N,jubilation; jubliation,,,11
pahru,AJ,gathered; gathering; assembled; collected,,,11
pappu,N,lock of hair; curl; lock; eyelashes; the sign PAP,,,11
pariktu,N,violent act; (a wall or fence); injustice; blockage; curtain?,,,11
parrisu,N,much separating; wolf; (a wild animal),,,11
passu,N,doll; (a kind of reed); game piece,ZA.NA,𒍝𒈾,11
pašāḫu,V,cool down; soothing; pacify; relax,,,11
pīt pî,N,(a ritual),,,11
qadištu,N,(a type of priestess); hierodule; sacred woman,,,11
qalqallu,N,(a grill); grill,,,11
qarnû,AJ,horned,,,11
qilpu,N,peel (of a fruit),,,11
qību,N,command; instruction; prediction,,,11
qīptu,N,trust; appointment; position of trust; consignment,,,11
rahṣu,AJ,submerged; concave; trampling; confident; flooded,,,11
rašāšu,V,glow; glowing; glow(with heat)?,,,11
ridâtu,N,persecution,,,11
ruššû,N,red one,,,11
saplu,N,bowl,,,11
silītu,N,afterbirth; lie,,,11
simakku,N,(a shrine),,,11
suhurmāšu,N,(mythical) goat-fish,,,11
sūq-erbetti,N,crossroads,,,11
tadnu,AJ,given; sold; paid,,,11
taktīmu,N,(textile) cover; cloak,,,11
tamû,AJ,having (for)sworn; cursed,,,11
tamītu,N,oath; wording,,,11
tatturrû,N,(a metal object); bead,,,11
tikiltu,N,encouragement,,,11
tiše,NU,nine,,,11
tiṣbutu,AJ,clasping one another; interlocked; linked; connected to; grasping,DAB.DAB,,11
tūzu,N,(a ceremonial garment),,,11
uluhhu,N,sceptre; scepter,,,11
upû,N,cloud,,,11
urkītu,AV,later; afterwards,,,11
urullu,N,foreskin; (a kind of reed),,,11
uturtu,N,excess; wooden clamp; a wooden clamp?,,,11
ušaštu,N,bird's nest,,,11
ušultu,N,(lump of) mud?; vein; (lump of) clay; (lump of) mud,IM.LAGAB,𒅎𒆸,11
uṣultu,N,(a kind of) knife; (a kind of knife); a small knife; knife,,,11
wasmu,AJ,fitting; luscious; ripe; suitable,,,11
zakru,AJ,named; invoked; pronounced,,,11
zamû,N,outer corner?; outer corner,,,11
zaqnu,AJ,bearded,,,11
zibānītu,N,weighing scales,,,11
zērātu,N,hostilities; hostile messages,,,11
zīqīqiš,AV,into (the) wind; as nothing,,,11
šabburtu,N,broken up land; cultivated land,,,11
šaddu,AJ,taut; dragged; drawn; elongated,,,11
šalāšā,NU,thirty,,,11
šamūtu,N,rain,,,11
šanātu,N,oil-bearing aromatic plant; (an oil-bearing aromatic plant),,,11
šapû,N,padded one,,,11
šipṣu,N,obstinancy; obstinacy; force; obduracy,,,11
šuklultu,N,completion,,,11
šullu,N,(big) wart; pockmark; the sign DUN; pockmark?,,,11
šuʾru,N,eyebrow,,,11
šāptu,N,wool,,,11
šārī erbetti,N,four directions,,,11
šēlūtu,N,pointed blade; votive gift; votary,,,11
šēṭūtu,N,scorn; negligence,,,11
ḫepû,V,break; be(come) broken constantly; smash; destroy,,,11
ṣalam šarri,N,kingʾs statue,NU-MAN,,11
ṣarpiš,AV,loud and bitterly,,,11
ṣipirtu,N,(a gem stone); (an item of clothing); waist-belt,,,11
ṣāʾidu,N,roaming one,,,11
ṭuhhudu,AJ,lavish,,,11
adirtu,N,fear; gloominess; misfortune; misery; sorrow,,,10
adurû,N,village,,,10
ahannâ,AV,on this bank,,,10
ahhāzu,N,seizer; (a demon); jaundice,,,10
akṣu,N,brazen one; dangerous one; dangerous person,,,10
alappānu,N,sweet pomegranate; (a sweet beer); sweet pomegranate tree,,,10
amnakku,N,(a kind of white sand),,,10
amru,N,seen one; chosen one,,,10
amēlūtu,N,humanity; man; mankind; dependents,,,10
ana šatti,AV,for this reason,,,10
annēša,AV,here; hither,,,10
anīhu,AJ,tired,,,10
asurrakku,N,subterranean waters,,,10
ay,J,alas!,,,10
battatāya,AV,individually; one by one,,,10
bibēnu,N,temple,,,10
birratu,N,(a disease of the eyes); dimness,,,10
burmāmu,N,(an animal); porcupine?; piglet,,,10
bētānu,N,interior,,,10
bītu,AJ,stayed overnight,,,10
dibbu,N,words; the sign LU,,,10
diktu,N,(a type of flour),,,10
dâdānū,N,tendon of the neck; neck muscles,,,10
edēqu,V,dress; tying; dressing; get dressed in,,,10
ennu,N,favor; en; the sign EN,,,10
ennēnu,N,(a kind of cereal); barley; (a type of barley),,,10
enēnu,V,grant favour; be(come) favourable; punish; punishing; punishment,,,10
erbiu,N,locust,NAM.ERIM,,10
erpu,N,clouded over one,,,10
esû,V,effectuate; bringing to pass,,,10
ešrā,NU,twenty,,,10
eṣēnu,V,smell; be smelled; to smell; smelling; make smell,,,10
gamrūtu,N,entirety,,,10
geštanû,N,the sign PI,,,10
girim hilibê,N,(a precious stone),,,10
giṭṭu,N,oblong tablet; receipt-tablet,,,10
gummuru,AJ,entire; finished; complete; being in control of; devoted,,,10
gupāru,N,neck; of stone/gold ornament,,,10
handû,N,reed pith,,,10
hanāqu,V,"press; suffocate; suffocating; press, throttle; pressing, throttling",,,10
hapû,V,break; breaking; disperse; break down,,,10
hazû,N,croaker; (a bird),,,10
hašlu,N,crushed one; bruised grain,,,10
hitmuṭiš,AV,very quickly,,,10
huppalû,N,(a weapon); mace,,,10
huppû,N,(a cultic dancer); (cultic dancer); (weaver); (a weaver); acrobat,,,10
hurbabillu,N,chamaeleon?; chameleon?,,,10
hīqu,N,diluted one; diluted beer; mixed one,,,10
igiṭṭû,N,the sign I,,,10
imikkarūru,N,(a kind of grass)?; (a kind of grass),,,10
immanakku,N,(a kind of stone or sand); pebble,IM.MA.NA,𒅎𒈠𒈾,10
ina batti,PRP,at the side; to,,,10
ingu,N,(part of a plough),,,10
ishunnatu,N,bunch of grapes,,,10
isru,N,(a small granary); a small granary,,,10
isāru,N,annexe; (part of the temple complex),,,10
itpēšu,N,expert one,,,10
išarūtu,N,correct state; righteousness,,,10
išhilṣu,N,(pot)sherd,,,10
išti,PRP,with,TA,𒋫,10
kallamāri,AV,in the early morning,,,10
kalûtu,N,lamentation priesthood; textual corpus of kalû; lamentation-priesthood; corpus of cultic laments; discipline of lamentation,,,10
kanašû,N,(a red flower),,,10
kasû,AJ,bound; fettered; mustard,,,10
kašû,V,increase; cover over; covering over; shore up,,,10
kaššāpūtu,N,sorcery; witchcraft,,,10
kiništu,N,priesthood; workforce; assembly,,,10
kiskirru,N,(a wooden board),,,10
kismu,N,cutting; (a growth of leeks),,,10
kitmusu,AJ,kneeling; folded,,,10
kišubbāniš,AV,into a waste,,,10
kiṣirtu,N,envelope; thickening; constriction; lump,,,10
larû,N,branch; bifurcation; twig,PA,𒉺,10
lazāzu,V,endure; persist; persist constantly,,,10
lezēnu,V,ridicule,,,10
libāru,N,(a fruit (tree)); a fruit (tree),,,10
lilliannu,N,stalk with ripe ears,,,10
lippu,N,wrapping; tampon,,,10
lēru,N,(a gold paste),,,10
mahraṣu,N,(battering) ram; a tool; (battering) ram?; (a wooden piece of equipment),,,10
mahāhu,V,soak; sink; causing (eyes) to swell; soaking; fuse,,,10
makû,AJ,destitute; weak; weak one; meek,,,10
makāṣu,N,slaughtering block,,,10
mallatu,N,bowl,,,10
manalalû,N,official in charge of weighing,,,10
Manziat,N,rainbow; The Rainbow,,,10
mašṭaru,N,inscription; (medical) prescription; text,,,10
maṣallu,N,sleeping place; shelter; mausoleum,,,10
messû,N,(a trap)?,,,10
miširtu,N,produce (of sea and rivers); catch; (a small net); produce (of the sea and rivers),,,10
mišlānu,N,half; drainage tile; half (shares),,,10
mišītu,N,oblivion,,,10
muhaddû,N,who gives delight; one who gives delight,,,10
munnarbu,N,fugitive; runaway; swift,,,10
munêru,N,one who strikes,,,10
mupahhiru,N,one who gathers; who gathers,,,10
musukkatu,N,ritually unclean one; impure one,,,10
muttahallilu,N,roaming around; prowler; vagabond,,,10
mušamqittu,N,(agricultural) sieve,,,10
mušaru,N,unit,SAR SAR.SAR,𒊬,10
muštēmiqu,N,devout supplicant,,,10
mušāpû,N,one who makes manifest,,,10
mušēṣû,N,drain; one who causes to go out; one who lets out; appendage(?); outlet canal,,,10
mâʾu,V,vomit (bile); vomiting bile,,,10
māmiš,AV,like water,,,10
mētellūtu,N,rulership,,,10
mēteqtu,N,march-past; advance,,,10
mēʾû,NU,one-hundredth,,,10
mūtaqu,N,passage; passage(way),,,10
mūšiš,AV,at night,,,10
nahšu,AJ,thriving; lusty one; lusty; sumptuous,,,10
nakriš,AV,like an enemy,,,10
nakuttu,N,critical situation; concern,,,10
namerimburrudû,N,(ritual to remove a curse),,,10
narbâtu,N,end(ing),,,10
našparu,N,messenger; (meaning unknown); envoy,,,10
našpu,N,blown away one,,,10
nepelkû,V,be(come) wide; open wide,,,10
nihistu,N,retreat; stationary point,,,10
niāti,IP,us,,,10
nīš qātī,N,(prayer of) hand-lifting,,,10
pagūmu,N,(harness strap)?; (a harness strap)?,,,10
pakku,N,consideration; wits; (a metal object),,,10
palšu,AJ,pierced; pierced one; perforated,,,10
pattiš,AV,like a canal,,,10
pitluhu,N,fearful one; reverent one,,,10
puglu,N,radish,,,10
purruku,AJ,lying across; blocked,,,10
pūtuhu,N,responsibility,,,10
qablû,N,central one; of medium quality one,,,10
qaltu,N,bow,,,10
qerbītu,N,center; loins; centre; womb,,,10
quraštu,N,(a cut of meat),,,10
qūltu,N,silence,,,10
rab-banûtu,N,(a prebend),,,10
rabbûtu,N,greatness; tenderness,,,10
raqādu,V,dance; make dance; dancing,,,10
raʾību,N,shivering; designation of the Igigu,,,10
rihiṣtu,N,flooding; destruction,,,10
risnu,N,soaking; (an astronomical phenomenon),,,10
saklu,AJ,"simple; simple, imbecile; simpleton",,,10
salāʾu,V,infect; (meaning unknown); sprinkle; be(com)ing infected; be(come) infected; sicken; leave uninformed; lie,,,10
samāne,NU,eight,,,10
saqqu,N,sack(cloth),,,10
sikiptu,N,repulse,,,10
suhhu,N,(a mat),,,10
suhhurtu,N,retreat,,,10
tamṭītu,N,diminution; loss; penury,,,10
taqrubtu,N,battle,,,10
tarammu,N,grain heap; (a part of body); corn heap,,,10
tarbāṣu,N,courtyard; halo,,,10
taṣītu,N,(a stone tray?); an ornament,,,10
teṣû,V,defecate; defecating,,,10
tuhallu,N,palm-leaf basket,,,10
tāpalu,N,pair (of objects); castanets?; pair; (a percussion instrument),,,10
tēqītu,N,ointment; paste for inlay work,,,10
tēṣētu,N,quarrel; contest,,,10
ubān šēpi,N,toe,,,10
uhrû,AJ,rearmost,,,10
ullulu,N,(kind of body armour),,,10
unnubu,N,fruitful one; fructified one; fructified,,,10
unnušu,AJ,weakened; very weak,,,10
uppulu,N,late one; late barley,,,10
uribtu,N,dried fig,,,10
urânu,N,fennel?; anise,,,10
urītu,N,mare,,,10
waršu,AJ,dirty,,,10
zaggu,N,the sign ZAG,,,10
zannu,AJ,provided (with); providing?; providing,,,10
zenûtu,N,anger,,,10
zerzerru,AJ,very small; locust; very small one,,,10
êru,V,be(come) awake; awakening; wake up; be(com)ing awake,,,10
ša lā,PRP,without,,,10
šahhû,N,(a linen canvas cloth),,,10
šakirru,N,churn,,,10
šakkullu,N,(a wood used for furniture); (a wood used for furniture)?; (a wood used for furniture?),,,10
šallūtu,N,state of captivity,,,10
šanīš,AV,otherwise; ditto; alternatively,KI.MIN MIN,𒆠𒈫,10
šaplānu,PRP,beneath; below; downwards,KI.TA,𒆠𒋫,10
šerû,V,lay down; laying down; take refuge; taking refuge,,,10
šullušu,AJ,trebled; one-third,,,10
šulputu,AJ,defiled; destroyed,,,10
šupālû,AJ,lower,KI.TA,𒆠𒋫,10
šuqallulu,AJ,hanging down; hanging (down),,,10
šuribatu,N,terror?,,,10
šurānu,N,cat,SA.A,𒊓𒀀,10
šutātû,AJ,positioned opposite one another,,,10
šuššār,NU,"216,000",,,10
šāhu,N,basin,,,10
šāriku,N,one who presents (gifts); who presents (gifts),,,10
šēlabiš,AV,like a fox,,,10
šībtu,N,greyness; grey hair; old woman; grayness,,,10
šūqu,N,height; maximum latitude; (meaning unknown),NIM,𒉏,10
šūsumu,AJ,very fitting,,,10
ḫupû,N,fragment; disposable pot,,,10
ṣabû,V,wish (for); request; wishing for; wishing (for),,,10
ṣapšu,N,(a garment); (a liquid),,,10
ṣarrāpu,N,goldsmith,GAL-SIMUG.KUG.GI,,10
ṣebû,AJ,wished for,,,10
ṣerpu,N,fired clay; red wool; fired (clay); fired (clay) object; red spot,,,10
ṣulû,N,supplication; prayer,,,10
ṣuppu,N,white sheep; decorated,,,10
ṭupšar ēkalli,N,palace scribe,,,10
ṭēhû,V,be(come) near; approach,,,10
adru,N,threshing floor,,,9
alamû,N,(an aquatic-plant); (an aquatic plant)?; (a medicinal plant),,,9
alimbû,N,(mythical?) bovid; bovid figurine; a (mythical?) bovid,,,9
amursānu,N,wild pigeon,,,9
angubbû,N,standing in the sky; (a class of priest),,,9
anzūzu,N,type of spider,,,9
apparrû,N,one with tufted hair,,,9
arzallu,N,(a plant); (a stone),,,9
arḫu,N,cow; month; first day of month,ITI,,9
atappiš,AV,like a canal,,,9
atmu,N,hatchling; spawn; tadpole,,,9
ašlukkatu,N,storeroom,,,9
aštakissu,N,(a rodent),,,9
ballu,N,mixed one,,,9
bandillu,N,belly,,,9
battubattu/e,PRP,all around,,,9
bis,AV,then; so that; soon; at once,,,9
buṣinnu,N,lamp; mullein; mullein Verbascum; wick,,,9
bâlu,V,supplicate; supplicating,,,9
bêšu,V,go away; split; going away; withdrawing,,,9
daʾīmu,N,gloom; dark; lance,,,9
dišiptuhhu,N,sweet beer,,,9
duʾʾumu,AJ,very dark,,,9
dēktu,N,fighting; defeat,,,9
ebissu,N,(roped-up) bundle; bundle,,,9
ebṭu,AJ,swollen,,,9
eddu,AJ,pointed,,,9
ekēdu,V,revile; speak ill; (meaning unclear); reviling; meaning unclear,,,9
elat,PRP,beyond; above; apart from; in addition,,,9
elû,N,upper one; high one; top; upper side,AN.TA,𒀭𒋫,9
elēnītu,N,superior one; (a witch); mendacious one; deceitful words(?); in a deceitful manner,,,9
engisû,N,(a stone),,,9
erû,V,be(come) naked; strip bare; be(come) empty,,,9
esēhu,V,assign; assigning; carve,,,9
eʾēlu,V,bind (on); bind; wringing (the hands); tie up; hang,,,9
eṭû,V,be(come) dark; be continually dark; be(come) constantly somber; be(come) darkened; darkening; darken,,,9
galamāhu,N,chief lamentation-priest; chief lamentation priest,,,9
garakku,N,(small brick altar),,,9
gilšu,N,hip(-bone),,,9
gurnu,AJ,average quality; ordinary; of average quality,,,9
habaṣillatu,N,reed shoot,,,9
habāru,V,make noise; making noise; (meaning uncertain); be thick; make thick,,,9
hallūru,N,peas,,,9
harāgu,N,(container used in glass-making),,,9
haṣibaru,N,(a crested bird),,,9
hesû,V,cover up; concealing; covering up; mistreating; break up (mountain with pickaxes),,,9
hilṣu,N,(part of a temple); filtration; combed out (wool); (a building in the temple complex),,,9
huppû,AJ,broken (up); broken; crushed,,,9
hursānu,N,river ordeal; ordeal,SAG.DINGIR,,9
huṭāru,N,branch; staff,,,9
hûratu,N,madder,,,9
ibratu,N,(outdoor) cult niche,,,9
ikiltu,N,victim,,,9
illu,N,high water; the sign IL; partner,,,9
ina pānāt,PRP,before; in the presence of; to,,,9
isimmānu,N,ration (of flour and malt); ration; allocation; (military) equipment; flour ration,,,9
ita,PRP,adjacent to,,,9
izzimtu,N,desire; wish; objective,,,9
kabsu,AJ,continuous; stepped into; trampled; ram; trodden down; levelled,,,9
kakkultu,N,mash-tub,,,9
kakkusakku,N,(a plant); (a stone),,,9
kalzu,N,precinct?; contingent,,,9
kalû,AJ,held (back); held back,,,9
kanku,N,seal; sealed one; (clay) sealing,,,9
kannu,AJ,curled up; contracted; rolled up,,,9
kapru,AJ,clipped; clipped one; smeared,,,9
kapātu,V,(meaning unknown); roll into ball; bring together; bringing together; collect,,,9
kapṣu,AJ,bent up; distorted; squinting; curled,,,9
karkadinnu,N,victualler,SUM.NINDA,,9
kayyu,N,(donkey) stick; donkey stick,,,9
kašāšu,V,(meaning uncertain); become dizzy?; becoming dizzy?; take control of; taking control of; gain control of; overwhelming,,,9
kepû,AJ,bent back; curved; blunt,,,9
kerṣu,N,pinched-off piece; lump; pinched off piece,KI,𒆠,9
kikkinnu,N,the sign HAR,,,9
kilallē,AJ,both,,,9
kilimbu,N,reed bundle,,,9
kippu,N,loop; trap; snare,,,9
kirbān-eqli,N,'field-clod'-plant,,,9
kiškittu,N,(part of a ship's keel),,,9
kiṣir šadê,N,bedrock,,,9
kullumu,AJ,shown; arranged; instructed,,,9
kusītu,N,robe,,,9
kuzullu,N,bundle of reeds,,,9
kâši,IP,to you,,,9
kūtu,N,jug,,,9
lahû,N,jaw(s),,,9
lallarātu,N,lamentation,,,9
leqû,AJ,taken; attracted; possessed; adopted,,,9
limmubu,AJ,sign four times,,,9
lubšu,N,clothing; covering; covering of young reeds,,,9
magšaru,N,superior strength; (a battle ax),,,9
makāku,V,extend; be(com)ing stiff; spread out; spreading out; spread (out),,,9
malāku,N,(a cut of meat); (a bush)?,,,9
maqqāru,N,chisel,,,9
maqqītu,N,libation,,,9
marāṭu,V,scratch; scrape off; be scratched; be(come) damaged,,,9
maslahtu,N,(a libation vessel),,,9
maškakātu,N,harrow,,,9
maḫāḫu,V,soak; dissolve in liquid,,,9
maṣṣarūtu,N,safekeeping; guard duty,,,9
mekû,V,neglect; neglecting,,,9
mikru,N,(horse's) girth-strap?; irrigation; irrigated land,,,9
mimma lemnu,N,all evil; (a demon),,,9
minû,QP,what?; whatever; why?,,,9
mizʾu,N,(a sweet alcoholic drink); (sweet alcoholic drink),,,9
mupattītu,N,(an implement for cultivation); opener,,,9
murāru,N,(a bitter vegetable),,,9
musâtu,N,(used) washing water; lavatory,,,9
mutqu,N,head louse; sweet thing; sweetness,,,9
muttellu,AJ,princely; noble,,,9
mušaršidu,N,one who found firmly; one who makes secure,,,9
mušaššiku,N,one who abolishes,,,9
mušāqiru,N,one who respects,,,9
mušṭu,N,comb,,,9
muṣarrirtu,N,(a libation vessel),,,9
mâ,N,the sign MA₂; the sign MA,,,9
mādu,N,many one; numerous one; many; many people,,,9
mādūtu,N,numerousness; many people; plural,,,9
mērênû,N,naked one,,,9
naga,N,the sign NAGA,,,9
nalšu,N,(nocturnal) dew; dew,,,9
narāqu,V,hide; take refuge,,,9
nawiratu,N,brightness; light,,,9
naʾāsu,V,chew; chew up; gnawing,,,9
naṣru,AJ,guarded; guarding; observed; watched; attentive,,,9
naṭbahu,N,butcher's knife; chopping block,,,9
nemlû,N,throat; throat?,,,9
niziqtu,N,worry; grief,,,9
NU.LUḪ,N,(a plant),NU.LUH,𒉡𒈛,9
nuballu,N,(military) vanguard; (eagle's) wing; vanguard; (eagle's) wings,,,9
nuāhu,V,rest; calm down; relent,,,9
nuṣābu,N,(a medicinal plant); (a medicinal plant)?,,,9
nūhu,N,(a leather pouch for oil),,,9
pessû,N,lame one; dwarf,BA.AN.ZA,𒁀𒀭𒍝,9
puquddû,N,(formal) delivery; deposit,,,9
qabû,N,speech; command; mention,,,9
qubû,N,lamentation,,,9
qudmu,N,front (side); before; early time,,,9
qātamma,AV,the same,,,9
rab kāṣir,N,chief tailor,,,9
radāpu,V,pursue; pursuit; hasten,,,9
raqû,V,hide; taking refuge; hiding,,,9
raʾāmu,V,love,,,9
raʾīmu,AJ,loved; beloved; loved one,,,9
rikistu,N,treaty; conspiracy; decree,,,9
ritpāšu,AJ,very wide; extended; vast,,,9
ruhû,N,sorcery; enchantment,,,9
râdu,V,quake; tremble; quaking,,,9
saddanakku,N,administrator of date orchards; chief gardener; administrator of the orchards,SANTANA,,9
sakkû,N,cultic rites; decision; (cultic rites),,,9
samû,V,vacillate; hesitate; paralyse; compromise,,,9
samādu,V,grind (finely); grinding finely; grinding (finely),,,9
sappartu,N,point; point?,,,9
sasinnu,N,bowyer; bow-maker; jeweller,ZA.DIM ZADIM,𒍝𒁴,9
siggaggurītu,N,(part of foot),,,9
sindû,N,Indian; (a type of wood),,,9
sippirû,N,(a fruit (tree)); fruit (tree),,,9
sissinnu,N,date-palm spadix; spadix,,,9
surummu,N,bowels; bowels?,SAG.GAR,𒊕𒃻,9
sāntu,N,redness; carnelian; dawn,,,9
sāqu,N,thigh; lap,,,9
sīlu,N,(meaning unknown),,,9
sīqu,AJ,narrow; constrained; straitened,SIG-ME,𒋝𒈨,9
takmīsu,N,(a slaughtered sheep); (meaning uncertain),,,9
tayyāru,AJ,"returning; relenting; turned; returning, relenting; merciful; turning back",,,9
taštrītu,N,beginning; inauguration,,,9
terinnatu,N,cone,,,9
têrtu,N,instruction; commission issued by gods; omen,,,9
tigillû,N,colocynth,,,9
tilimatu,N,(a drinking vessel),,,9
tubalû,N,belt (for climbing palm trees); (meaning uncertain),,,9
tubuqtu,N,corner,IB,𒅁,9
tukku,N,"alarm; alarm, warning; oppression; (act of) oppression; oppressor(?)",,,9
tēbû,N,insurgent; aggressor; arising one; arising; battle; pulsating one,,,9
udê,N,tools; utensils,,,9
umdu,N,(a skin disease); (a colored garment); (a skin complaint); rash?,,,9
umšu,N,summer; heat,,,9
uridimmu,N,Wild Dog; lion-man,UR.IDIM,𒌨𒅂,9
urrākūtu,N,craft of the sculptor,,,9
urāku,N,rod; bar; chisel,,,9
urṭû,N,"(a plant); (a dye, dyed wool); (a resinous bush); (a dove)",,,9
usābu,N,"(a bird); tortoise, turtle",,,9
utlellû,V,rise up; be exalted; rising up; exalt oneself,,,9
watru,N,excess; additional amount; surplus,DIRI,,9
wiāṣu,V,be(come) too little; be(come) too small,,,9
wāšibu,AJ,sitting; dwelling; living,,,9
zabardabbu,N,(an official); bronze(-bowl) holder,ZABAR.DAB ZABAR.DAB.BA,,9
zanzaliqqu,N,(a tree); Persian lilac,,,9
zibbānu,N,(a fat-tailed sheep); having a big tail,,,9
ziʾpu,N,(a skin disease); mould,,,9
zīqu,N,draught; blast; breeze; breath; draft,,,9
āpiu,N,baker,,,9
ša libbiša,N,foetus,,,9
šalintu,N,well-being; safely; safety,,,9
šaman pūri,N,(a type of oil),,,9
šamātu,V,mark (with sign of ownership); branding; to brand,,,9
šapru,AJ,sent,,,9
šarḫu,AJ,proud; glorious; radiant; splendid,,,9
šazbussu,N,consignment; delivery,,,9
šebû,AJ,satisfied; sated,,,9
šegû,V,be(come) wild,,,9
šigû,N,(a cry of lamentation),,,9
šikru,N,haft; hilt,,,9
šimītān,AV,(in the) evening; in the evening,,,9
šumruṣu,AJ,very painful; very upsetting; ailing; very difficult,,,9
šuqammumu,V,be(come) silent; becoming silent,,,9
šushurtu,AJ,non-indicative,LAGAB,𒆸,9
šutummu,N,storehouse,,,9
šutēmudu,AJ,superimposed; superimposed (on one another); squeezed (together),,,9
šutēšuru,AJ,(kept) in order; in good order; flowed directly,,,9
šuātina,IP,those,,,9
šušû,N,the sign ŠU,,,9
šâqu,V,tremble?; (meaning unknown),,,9
šêṭu,V,miss (accidentally); disdain; disregard,,,9
šādidu,N,hauler; one who drags,,,9
šāt urri,N,dawn watch,,,9
šēpītu,N,foot; lower side,,,9
šū,DP,that,BI,𒁉,9
ūdu,N,distress; affliction; ill effects (of snake),,,9
ṣallû,V,beseech; pray to; prayer,,,9
ṣapru,AJ,pressed in; inverted; pinched; troubled; twitchy; hollow; pressed (of hair),,,9
ṣehheru,N,tiny one; very young one; little children; very small one,,,9
ṣiātiš,AV,forever; for ever,,,9
ṣuhāru,N,boy; little one; servant,,,9
ṣēnu,AJ,evil; malevolent; loaded,,,9
ṣīṣītu,N,(part of loom); (a part of loom),,,9
ṭapultu,N,slander; disrespect,,,9
ṭulīmu,N,spleen,,,9
ṭuppi,N,one-year (period),,,9
adapu,N,(a musical instrument); adab-hymn,,,8
adudillu,N,praying mantis,,,8
adê,N,(treaty-)oath; treaty,,,8
agru,N,hireling; hired man,,,8
akbaru,N,jerboa?; jerboa(?),,,8
alluhappu,N,(kind of) hunting net; (a kind of) hunting net,,,8
alādu,V,give birth (to); be(come) born,,,8
amāšu,V,be(come) paralysed; be(com)ing paralysed,HUM,,8
andaḫšu,N,(an alliaceous plant),,,8
ankinūtu,N,(a plant),,,8
anīhu,N,tired one,,,8
ardānūtu,N,servitude,,,8
armu,N,mountain goat,,,8
asûtu,N,profession of physician; medical skill; art of the physician; medical practice,,,8
awirānu,N,standing water,,,8
ašarēdūtu,N,pre-eminence,,,8
Aššur,DN,1,,,8
aṣuṣimtu,N,(a medicinal plant),,,8
baṣāru,V,tear apart; tearing apart; tear off; tearing off; harvest (grapes),,,8
be’ēšu,V,stir,,,8
billu,N,(a stone); (a plant); (ad)mixture,,,8
bintu,N,daughter,,,8
buqāmu,N,lamb ready for plucking; female lamb ready for plucking,,,8
bursaggû,N,(a kind of offering),,,8
burussu,N,bung; plug,,,8
bānītu,N,creator,,,8
bēl ikki,N,ill-tempered man; furious male,,,8
bēl ṣerri,N,male enemy,,,8
bēt qātī,N,house of hand(s); storehouse,,,8
dabbibu,N,slanderer,,,8
daddaru,N,"centaury; (a foetid plant, perhaps) centaury; (a foetid plant)",,,8
darāsu,V,trample; trampling; expound; thresh,,,8
dašpu,N,(honey-)sweet one,,,8
dimītu,N,sparrow; convulsions; (a bird),,,8
dirigû,N,the sign SI.A,,,8
dāʾipu,N,repeller; one who pushes away; one who knocks,,,8
edamukku,N,foetal membrane?,,,8
eddittu,N,(a kind of thorn-bush),,,8
ehzu,N,(a kind of axe),,,8
emesallu,N,Emesal dialect,EME.SAL,,8
epertu,N,(baked) brickwork; fired brick,,,8
erbêšu,AV,four times,,,8
esru,AJ,confined; held back; blocked; stifled; confined one,,,8
etqu,AJ,going past; going over (the limit); passed; broken,,,8
ešmekku,N,malachite(?),,,8
eššebû,N,(an ecstatic),NIN.NUN.GAL.E.NE,,8
gadamāhu,N,superior linen garment,,,8
geššu,N,the sign GIŠ,,,8
gisgallu,N,station (of stars); station,,,8
giškallu,N,(a heavy stick),,,8
gupru,N,shepherd's hut; shepherd's camp,,,8
gīdu,N,sinew; the sign SA,,,8
hadiu,AJ,joyful; delighted; happy,,,8
halluptu,N,armour,,,8
hallālāniš,AV,like a centipede,,,8
halpu,AJ,slipped into; clad; covered with; clad in,,,8
halāṣu,V,comb out; clinch together; comb; combing; combing out; filtering,,,8
hanšâ,NU,fifty,,,8
haprātu,N,visible surface,,,8
harimtu,N,(temple) prostitute; prostitute,,,8
harmu,N,"(male) lover; consort; (male) lover, consort",,,8
hasāʾu,V,cover up; mistreat,,,8
hatanu,N,in-law,,,8
hiāqu,V,mix (up); be(come) embroiled; mix up; being mixed together; mixing (up),,,8
hudādu,N,pitted landscape; clay pit,,,8
hullānu,N,(cloth) cover; cloak,,,8
hulmāhu,N,(a kind of snake),,,8
humbabītu,N,(a kind of lizard)?; Humbaba (figurine); kind of lizard?; a kind of lizard?,,,8
hummuru,N,crippled one; crippled; cripple,,,8
hurhuppu,N,(a vessel with knobs)?; (a vessel with knobs?),,,8
hurādu,N,soldier; military duty; military assignment,,,8
hušû,N,(metal) scraps,,,8
hātinu,N,protector,,,8
hūd libbi,N,joy,,,8
ibšu,N,mat,,,8
ikūku,N,rancid oil,,,8
illūriš,AV,like a (red) flower,,,8
ina pūt,PRP,according to,,,8
innana,N,the sign AN.MUŠ₃,,,8
inû,N,job; craft,,,8
irru,N,peg,,,8
issu bēt,SBJ,ever since,,,8
itaqruru,AJ,rolling,,,8
išû,AJ,having,,,8
kadāru,N,(a reed fence?); (a garment); (a reed fence)?; (reed fence)?,,,8
kalammu,N,the sign UN,,,8
kalappu,N,pickaxe,,,8
kalūmu,N,lamb,,,8
kanūnu,N,brazier; (a festival),,,8
kaptaru,N,(a tree); Cretan poplar; tree,,,8
kayyamānu,N,permanent one; regular meaning,,,8
kazābu,V,be(come) attractive; charming; fawn; flattering,,,8
keppû,N,skipping rope,,,8
kumurrû,N,heaping up; total,,,8
kupputtu,N,(a measuring vessel),,,8
kupītu,N,(marsh-bird); (a marsh-bird),,,8
kurgarrû,N,(a cultic performer); transvestite?,KUR.GAR.RA,𒆳𒃻𒊏,8
kurkurratu,N,(a vessel),,,8
kurusissu,N,(a rodent),,,8
kurāru,N,carbuncle; glowing ashes; (a boil),GIG.GIR,,8
kāsû,N,one who binds,,,8
kē,QP,how?,,,8
lahāšu,V,whisper; whispering,,,8
lamdu,AJ,knowing; learning; experienced; learned,,,8
lamsīsu,N,(a brewing vat),,,8
lasmu,AJ,speedy,,,8
laʾābu,V,harrass; infect; afflict; harass; affect,,,8
lubbu,N,(part of the scales),,,8
lupputu,AJ,tainted; soiled; affected,,,8
lābišu,N,one who wears; one who is clad; one who clothes oneself,,,8
lāmu,N,glowing ashes; ember,,,8
līdiš,AV,day after tomorrow,,,8
madakku,N,(wooden) mortar; (wooden) pestle,,,8
malmala,AV,singly; one each,,,8
mammu,N,tiara; crown,,,8
mamû,N,the sign MA,,,8
margānu,N,resinous bush; resin; (a resinous bush),,,8
marīnu,N,(a leather article); leather screen; a leather article,,,8
marṣadu,N,(a copper object); lancet,,,8
matnu,N,sinew; string (of a bow),,,8
matqu,N,sweet one,,,8
mašru,AJ,teaseled,,,8
maʾu,N,(a bird); (a part of the tongue),,,8
maṭṭaltu,N,mirror image,,,8
meburku,N,halfa grass,,,8
mesû,N,washed one,,,8
midirtu,N,garden plot,,,8
mithāru,N,corresponding one,,,8
mitru,AJ,strong,,,8
mišhu,N,flash; effulgence,,,8
mubannû,N,one who beautifies; temple cook; who beautifies; one who treats well,,,8
mubattiru,N,(worm or grub)?; (a worm or grub)?; worm or grub?,,,8
muhalliq,N,one who destroys,,,8
muhru,N,(an offering); (a cultic building),,,8
mukīl appāti,N,chariot driver,,,8
mullû,N,filling (up); compensation; filled (up); covered; one who causes to go up,,,8
munihhu,N,one who calms; one who appeases; one who pacifies,,,8
museppû,N,supplicant,,,8
muttalliku,N,mobile one; peddler; one who goes; one who marches,,,8
muttanpihu,AJ,repeatedly ignited; blazing,,,8
mutērtu,N,leaf of a door; double door,,,8
muzzapru,N,very bad person,,,8
mušadbibu,N,one who causes someone to litigate; one who causes someone to speak (sedition),,,8
mušahhinu,N,brazier,,,8
mušahmiṭu,N,one who sends sends quickly; one who sends quickly,,,8
mušahribu,N,one who devastates,,,8
mušakšidu,N,who causes to reach; one who makes achieve,,,8
mušallimtu,N,one that delivers safely; one who gives birth safely,,,8
mušarrihu,N,one who makes splendid; one who takes pride in,,,8
muškinnu,N,(a belt?); (a belt)?; a belt?,,,8
mušlalahhû,N,snake charmer,,,8
mušānihu,N,one who tires easily,,,8
mušīmu,N,one who decrees; fixer,,,8
muṣṣiru,N,designer; one who draws,,,8
mār banî,N,free man; nobleman,,,8
mīšarūtu,N,justice,,,8
mūbû,N,thickness,,,8
nadimmu,N,(stone-cutting tool); (a stone-cutting tool),,,8
nagāgu,V,bray; braying,,,8
nahbatu,N,(leather or reed carrying-case); (a leather or reed carrying-case),,,8
namarkû,AJ,late,,,8
namāru,V,be(come) bright; make shine; brighten; brightening; give light; brightness,,,8
nanduru,AJ,very wild; ferocious; intertwined; furious,,,8
nannu,N,the sign NANNA,,,8
nappašu,N,air hole; venthole,,,8
napšaštu,V,ointment; salve,,,8
narmaktu,N,washbasin; washbowl,,,8
naršindatu,N,(a sorceress); (a type of witch),,,8
nasbû,N,(a vessel),,,8
nawû,AJ,desolate,,,8
nazāzu,V,make a swishing sound; making a swishing sound; swaying?,,,8
našāhu,V,have diarrhea; having diarrhea; have diarrhoea; having diarrhoea,,,8
naṭāpu,V,tear out; uprooting; tearing out,,,8
nukkulu,AJ,skilful; skilfully made,,,8
nušû,N,vomit; (a plant),,,8
nāpalû,N,interpreter; conversation,,,8
nāpilu,N,(a siege implement for demolishing walls); digger,,,8
nūbtu,N,honey-bee,,,8
pallukku,N,double pin,,,8
palāḫu,V,fear; fear constantly; repeatedly terrify; terrify,,,8
parparhû,N,purslane,,,8
pašhu,N,(a hand-held weapon),,,8
pertu,N,hair; hair (of head),,,8
petû,N,open one,,,8
pisnuqu,N,powerless one,,,8
purdû,N,(a weapon); (a copper object); (a metal object),,,8
putqudu,AJ,cautious; prudent,,,8
pâru,V,seek; seeking; look for; search for,,,8
pāriʾu,N,one who cuts through,,,8
qabassīu,AJ,central; inner; middle,,,8
qarbāte,AV,(meaning unknown); personally?; personally,,,8
qitrubu,N,attack,,,8
rab ešerti,N,commander-of-ten,,,8
rab ālāni,N,village manager,,,8
raggimu,N,shouter; oracle priest; 'shouter'; prophet,,,8
rammiu,AJ,released; dropped,,,8
raqāqu,V,be(come) thin; rolling out thin; roll out thin,,,8
ruābu,V,quake,,,8
rāḫû,N,pourer; (a type of warlock),,,8
sagallu,N,(a muscle); (an illness),SA.GAL,𒊓𒃲,8
sankallu,N,foremost one; (a precious stone),,,8
sanqu,N,checked one; disciplined,,,8
sapāḫu,V,scatter; be(come) dispersed,,,8
saqātu,N,(a bird),,,8
saḫāpu,V,envelop; cover; overwhelm,,,8
serqu,N,strewn offering,,,8
sukkuku,N,deaf one,,,8
takkapu,N,hole,,,8
takšû,N,triplets,,,8
tallakku,N,(a wooden vessel); (a wooden carrier for food); walking; walkway; cart; (a cult object),,,8
tamšiltu,N,mould,,,8
tappātu,N,(female) companion; girlfriend; rival wife,DAM.TAB.BA,𒁮𒋰𒁀,8
tarkullu,N,wooden post; mooring post; pole,,,8
tatturru,N,(a kind of leek),,,8
tatīdu,N,(a tree); (a variety of oak tree and its wood),,,8
tašgertu,N,defamation; deceit,,,8
teleʾû,N,able one; very able one,,,8
telītu,AJ,(the) very competent; (the) very competent (one); capable; powerful; very competent (one),,,8
tuduqqû,N,spoken formula,,,8
tāluku,N,gait; course; march,,,8
tāmarātu,N,camels,,,8
uddagiddû,N,omitted day,,,8
uhulgallu,N,unfavourable day; evil day; Evil Day,,,8
ummulu,AJ,twinkling; faint,,,8
uppuqu,AJ,solid,,,8
uršu,N,bedroom; beedroom; personal quarters,,,8
uššubu,N,luxuriant one; productive one,,,8
waṣû,AJ,going out; gone out; grown; protruding; rising,,,8
wusmu,N,appropriateness; worthy one; something fitting,,,8
wuṣṣuṣu,V,interrogate; ask; interrogating,,,8
wālittu,AJ,fertile,,,8
yārutu,N,(a bush); (an aromatic),,,8
zaqqitu,N,mosquito,,,8
zerpu,N,(a casket); a kind of grain; (a casket)?,,,8
zibû,N,(a bird),,,8
ā,IP,that; those,,,8
āpiru,N,crowned one,,,8
āru,N,fish spawn,,,8
ēqu,N,(a cult object); a cult object,,,8
ša-bēt-kūdini,N,mule stable man,,,8
šaddu,N,taut one; line; (a chest or container); chest,,,8
šaddūāʾiš,AV,like a mountain,,,8
šagaṣṣu,N,(bat-like bird or animal); (a bat-like bird or animal),,,8
šaggu,AJ,stiff,,,8
šaguru,N,(a ritual object?),,,8
šakuddāku,N,(temple) fisherman,,,8
šalmu,N,healthy one; intact one; complete one; favourable one,,,8
šalāqu,V,cut open; cutting open,,,8
šalšiš,AV,thirdly,,,8
šammi balāṭu,N,life(-giving) plant,,,8
šar-pūhi,N,substitute king,,,8
šarû,N,rich one,,,8
šaššūgu,N,(a tree),,,8
šehṭu,N,jump; attack; rising; incursion,,,8
šiknat napišti,N,living things,,,8
šillu,N,(a basket or quiver)?,,,8
šiqdu,N,almond (tree); almond(-shaped decoration),,,8
šiqpu,N,trick,,,8
šitpuru,AJ,armed; shrouded,,,8
šizû,N,one-third cubit,,,8
šiālu,V,coat; coating; smear,,,8
šiḫḫatu,N,disintegration; wasting,,,8
šuhrubu,AJ,devastated; uncultivated,,,8
šupuhru,N,(a variety or part of the cedar),EREN.BAD,𒂞𒁁,8
šuātu,N,lady,,,8
šâšina,IP,those,,,8
šābulu,AJ,dried (out),,,8
šāgimu,N,braying of donkey; roaring,,,8
šēltu,N,sharp blade; point,,,8
ḫurbāšu,N,frost; cold tremors,,,8
ḫātu,N,terror; panic,,,8
ṣadīdu,N,antimony; (an aromatic),,,8
ṣamû,V,be(come) thirsty; be(com)ing thirsty,,,8
ṣarṣaru,N,(a large snake),,,8
ṣurṣuppu,N,(a container with knobs); (a vessel with knobs),,,8
ṭardu,AJ,driven off; sent away; driven away; in flight,,,8
ṭarpaʾu,N,(a variety of tamarisk),,,8
ṭerû,AJ,rubbing into; penetrating,,,8
ṭābiḫu,N,slaughterer,,,8
aban lamassi,N,(a precious stone),,,7
abaya,N,(water-fowl); (a water-fowl),,,7
abūsu,N,storehouse,,,7
aganutillû,N,dropsy,A.GA.A.NU.TIL.LA.A A.GA.NU.TIL.A A.GA.NU.TIL.LA,𒀀𒂵𒀀𒉡𒌀𒆷𒀀,7
aguhhu,N,sash,,,7
amargirimhilibû,N,(a stone),,,7
amaru,N,pile of bricks; side wall,,,7
ammammu,N,(a large beer jar),,,7
amursiggu,N,(a bird),,,7
ana pāni nadû,V,coat,,,7
aplūtu,N,status of heir,,,7
ararru,N,miller,,,7
arattû,AJ,excellent,,,7
ardat lilî,N,(a storm demon),KIS.KI.LI.KI KIS.KI.LI.LI,,7
argannu,N,(a conifer and its resin); (an aromatic plant and its resin),,,7
arhu,AJ,fast; quick,,,7
arḫiš,AV,quickly,,,7
asanītu,N,(an oleiferous plant),,,7
atulīmānu,N,both hands,,,7
awurriqānu,N,jaundice; (a bird),,,7
ayyu,QP,which?,,,7
ayābu,N,enemy,,,7
azupīrānītu,AJ,resembling saffron; that which resembles saffron,,,7
ašartu,N,waste land,,,7
ašlukatu,N,(a kind of rush),,,7
aḫû,AJ,outside; non-canonical,,,7
aḫāzu,V,take; instigate; light,,,7
babbilu,N,bearer,,,7
bakû,AJ,weeping; wept,,,7
ban,N,the sign BAN₂,,,7
banbirru,N,leather coat,,,7
banītu,N,something good; favourable words; good fortune; beauty,,,7
baqāru,V,claim; (lay) claim to; claim for oneself,,,7
baṭiltu,N,interruption,,,7
Bit-Dakkuri,GN,1,,,7
bitqu,N,break(age); one-eighth of a shekel,,,7
biādu,V,spend the night; accommodate,,,7
biāru,V,choose; select; examine,,,7
bišītu,N,intelligence; object; property,,,7
budduru,N,bundle of reeds,,,7
burgû,N,(a type of offering),,,7
bussuru,V,bring message; deliver (pleasant) news; bring; send,,,7
bābānû,AJ,outer,,,7
bēt erši,N,bedroom,,,7
dayyālu,N,prowling one; (designation of gold); scout,,,7
DUMU.EDUBA,N,(military) scribe,,,7
duppussû,N,younger brother,,,7
dušmû,N,slave born in the house; servant,,,7
dālû,N,water drawer; (a bird),,,7
dūdu,N,(a bird),,,7
ebīhu,N,(a rope or girdle); lining; rope,,,7
edinnu,N,the sign EDIN,,,7
edānu,N,fixed time,,,7
ekdu,N,wild one,,,7
eklu,AJ,dark; gloomy; dim,,,7
ellūtu,N,purity; (a type of tree),,,7
emṣu,AJ,sour,,,7
enû,AJ,overturned; changed,,,7
erbettu,N,team of four,,,7
eršahungû,N,(an Emesal cultic prayer); penitential psalm,,,7
eṭlu,AJ,manly; young man,,,7
gašāru,V,be(come) strong; showing oneself superior in strength; dominate; concentrate; strengthen oneself,,,7
gaṣṣu,AJ,cruel; murderous,,,7
gišhaššu,N,wooden mace,,,7
gubbu,N,cistern; well,,,7
gupšu,N,surge,,,7
habullu,N,debt,,,7
hamšīšu,AV,five times,,,7
harbu,N,plough,,,7
harriru,N,vole,,,7
harāšu,V,be in labor; being in labour; bind (on); binding on; bring together,,,7
haršu,AJ,"bound (on, together); bound",,,7
hašlu,AJ,crushed; bruised (grain),,,7
himiṭ ṣēti,N,heat stroke?,,,7
hiʾālu,N,(a kind of military force); army; (armed) force,,,7
hubšašû,N,(a pottery vessel),,,7
huphuppu,N,(a container),,,7
huptu,N,hole,,,7
hupšu,N,(member of) lower class; rabble,,,7
hurdatu,N,female pudenda; vulva; cross-beam,,,7
huribtu,N,desert,,,7
ibissû,N,(financial) loss,,,7
idāšūš,N,a creepy-crawly,,,7
igigubbû,N,coefficient; constant,IGI.GUB,,7
imsaršubbû,N,(a kind of tablet),,,7
ina irat,PRP,opposite,,,7
ipru,N,ration,,,7
išartu,N,prosperity; justice; correct one,,,7
išippūtu,N,role of purification priest; rôle of a purification priest; purification,,,7
iškarissu,N,(a type of rodent); (a kind of rodent),,,7
išparu,N,weaver,,,7
ištēnīšu,AV,for the first time; one time,,,7
iṣṣurtu,N,female bird; wooden object?,,,7
kabkūru,N,(a container),,,7
kabšarru,N,stone-carver; jeweller,,,7
kakkabānu,N,starry one; bird,,,7
kakkišu,N,weasel; polecat,,,7
kanūtu,N,the cherished; cherished one,,,7
kaparru,N,shepherd-boy; (a whip or goad),,,7
karmu,AJ,delayed; blocked; stored; stocked up; placed,,,7
kartu,AJ,slicing; shredded; cut up,,,7
karān šēlebi,N,fox-vine (a plant),,,7
kaššu,AJ,massive,,,7
kaṣû,N,cold,,,7
kaṣāpu,V,think; take something into consideration; think out; figure out; plan,,,7
kaṣṣu,AJ,trimmed,,,7
kinattūtu,N,colleagueship; personnel,,,7
kiplu,N,twisting; twine,,,7
kiūru,N,(a metal basin),,,7
kukkallānu,N,of fat-tailed type,,,7
kukkubātu,N,part of the animal stomach,,,7
kunnû,AJ,cared for; honored,,,7
kurkuzannu,N,piglet,,,7
kurû,N,short one; dwarf,,,7
kurītu,N,shin; short one,,,7
kî maṣi,PRP,how many?; as if; how long?; since,,,7
kī,SBJ,when,,,7
kīṣu,AJ,flayed; skinned,,,7
kūgu,N,the sign KU₃,,,7
labbūnu,N,(a stand or pedestal?); (a stand or pedestal)?,,,7
labku,AJ,soft,,,7
labnu,AJ,(spread) flat; (a type of basket),,,7
labābu,V,rage; to rage; become furious,,,7
lahantu,N,(a bird); courtesan,,,7
lapnu,N,poor one,,,7
lawu,AJ,surrounded,,,7
laḫru,N,sheep; ewe,,,7
libānu,N,neck(‑tendons); neck; neck seal,,,7
ligimû,N,kernel; descendant; shoot,,,7
lummu,V,dissolve?,,,7
lupānu,N,(a terebinth),,,7
lutû,N,twig,,,7
mahrâ,AJ,first; older,,,7
malāhu,V,tear out; tearing out; be(come) torn out,,,7
margūṣu,N,(a resinous bush); resinous bush; resin,,,7
marû,V,fatten; fattening; supply with fodder,,,7
massûtu,N,reading-out; lesson; call; reading out,,,7
masû,V,wash; washing,,,7
mazāʾu,V,press; rape; squeeze; to press; pressing,,,7
maštû,N,drinking vessel; drink,,,7
maʾlalu,N,wooden mortar; wooden mortar?,,,7
menû,V,love; grow fond of,,,7
mešēnu,N,sandal,,,7
minde,AV,perhaps; certainly,,,7
mišlānū,N,half (shares); (a drainage tile),,,7
mubêšu,N,implement for stirring,,,7
mugammeru,N,one who is totally in control,,,7
mukallimu,N,one who shows; one who reveals,,,7
mulappittu,N,one who impoverishes,,,7
munû,N,(a type of bed); bed; (a foot disease),,,7
mupparšu,AJ,flying; winged,,,7
muttalliku,AJ,mobile; restless; one who goes,,,7
muzzapru,AJ,very bad; evil (person); evil,,,7
muzzazu,N,standing; attendant; one who stands; serving,,,7
mušazninu,N,one who makes it rain,,,7
mušharmiṭu,N,one who dissolves,,,7
muštabrītu,AJ,enduring; seaworthy ship; seaworthy,,,7
muštarrihu,N,self-important one,,,7
muḫalliqu,N,one who destroys,,,7
māhī,NU,one-twelfth of a shekel,,,7
māḫiru,N,opponent; equal; recipient; rival,GABA.RI,𒃮𒊑,7
mērû,N,pregnancy,,,7
mēzezu,N,wrath,,,7
nabalkutu,AJ,crossed over; having crossed over; rebellious,,,7
nahāšu,V,be(come) luxuriant; prospering; (be)come luxuriant; becoming luxuriant,,,7
nakkapu,N,tip; (projecting part),,,7
naktamu,N,cover; lid,,,7
nalbân,AV,all around,,,7
namallu,N,plank bed; plank-bed,,,7
namhaṣtu,N,(a wooden pole),,,7
naplaqtu,N,slaughtering knife,,,7
naplastu,N,blinker,,,7
napraṣu,N,chisel,,,7
naqbītu,N,utterance; invocation; litany,,,7
narābu,V,soften; softening,,,7
nassapu,N,(measuring vessel)?; (a measuring vessel)?; (a measuring vessel); trap,,,7
naškunu,AJ,put down; came into existence,,,7
našāpu,V,blow; winnow; blow (something) away; blowing (something) away; winnowing; to blow (something) away,,,7
nehsu,N,inlay?,,,7
nukkatu,N,(an aromatic plant),,,7
nuppuhu,AJ,swollen; contradictory; ignited,,,7
nāgir ēkalli,N,palace herald,,,7
nāhiru,N,snorter; dolphin,,,7
nāsiḫu,N,one who removes,,,7
nātiktu,N,dripper; (a libation vessel); 'dripper' libation vessel,,,7
nāṭilu,N,seeing one; seeing,,,7
pallišu,N,housebreaker; (a stone); (stone) borer,,,7
pappardilû,N,agate?; (a black stone with one white stripe),,,7
papānu,N,(a kind of rush or sedge),,,7
paslu,AJ,twisted,,,7
pasqû,N,(a tool),,,7
patiu,AJ,distant,,,7
pirru,N,corps; payment collection,,,7
puhhu,V,exchange; exchanging; change,,,7
puṭṭuru,AJ,released; loose; dissolved,,,7
pâdu,V,confine; fetter; be pressed into service?; imprison,,,7
pāštu,N,axe,,,7
qaqû,N,(a bird),,,7
qersu,N,cart; (a secluded place),,,7
qeršu,N,strip,,,7
quddu,N,(kind of) axe; (a tamarisk product),,,7
qurbūtu,N,closeness; bodyguard,,,7
qurunnu,N,heap; pile (of corpses),,,7
qīpu,AJ,believable; trusting; representative; trusted,,,7
qūqānu,N,(a worm); (an eye-disease); eye disease,,,7
rab bēti,N,major-domo,,,7
rab danībāti,N,chief victualler,,,7
rakbu,N,rider; mounted messenger,RA.GABA,𒊏𒃮,7
rarû,N,the sign RA,,,7
risittu,N,soaking; decoration on a door,,,7
râku,V,pour out; pouring out,,,7
rûmtu,N,darling,,,7
rāḫītu,N,creatress; (a type of witch),,,7
rēmūtu,N,mercy,,,7
rīšu,AJ,celebrated; exultant; exulting; rejoiceful,,,7
rīṣu,N,help,,,7
rūqiš,AV,from afar,,,7
sabāʾu,V,rock; billow; rocking; wag oneʾs tail; wag one's tail,,,7
salmu,N,peaceful one,,,7
salû,V,deceive; lie,,,7
samdu,AJ,ground; milled,,,7
samāhu,V,mix; unite,,,7
samītu,N,wall-plinth; revetment,,,7
sannu,N,(a fishing net),,,7
santak,N,the sign DIŠ,,,7
saparru,N,cart; wagon,,,7
sarqatu,N,abomasum,,,7
satālu,V,plant,,,7
sikdu,N,kind of mantis,,,7
sikru,N,dam; scab; abscess,,,7
sinbu,N,sanitary towel,,,7
siqqurrutu,N,ziggurrat,,,7
sugû,N,famine,,,7
sāgu,N,sanctuary; cella; sanctury; (a skirt); sash; sackcloth,,,7
sāḫirtu,N,turning; (a type of sorceress),,,7
tahapšu,N,felt; horse deck,,,7
tahû,N,a young animal; additional one,,,7
takpītu,N,(a kidney-shaped gem),,,7
talammu,N,rump; torso?; torso; container,,,7
tallultu,N,trappings,,,7
tanēhtu,N,pacification; relaxation; sighing,,,7
taslītu,N,denigrating talk,,,7
taṣliltu,N,roof(ing); roofing,,,7
tukkulu,AJ,encouraged; trusting,,,7
tuppānu,N,(meaning unknown); (a kind of stone); bundle of reeds (part of a fence); reed bundle,DUB.BA.AN,𒁾𒁀𒀭,7
turû,N,(a kind of) garlic; with one bulb,,,7
tuskû,N,(a mineral),,,7
tuʾāmu,N,twin,,,7
tâpu,V,devote oneself; devoting oneself; be(ing) attentive,,,7
têʾu,V,cover (up); wall up,,,7
tērubti,N,entry; entrance,,,7
ubbuṭu,N,starvation; swollen one; famine,,,7
udutilû,N,live sheep,UDU.TI.LA,,7
UGU.AŠ.GI₃.GI₃,N,(a mineral),,,7
uklu,N,darkness,,,7
ulinnu,N,coloured twine,,,7
ulālu,N,weak (person); weakling; weak; helpless person,,,7
umunu,N,the sign DE₂,,,7
uppulu,AJ,paid off; late; born late in season,,,7
upumtu,N,(a type of) flour,,,7
uzzubu,N,neglected one; monstrous one,,,7
uššušu,AJ,very distressed,,,7
uṣṣurtu,N,plan,,,7
wattaru,N,substitute; waggon?; reserve ox,,,7
wurrušu,N,very dirty one,,,7
zimizzu,N,(bead of a specific shape),,,7
zinnu,N,rain,,,7
zirūtu,N,s.th. in the body; boiled fat?; (something in the body),,,7
zūzu,N,gold; half unit,,,7
ādiru,AJ,full of awe; afraid; fearful,,,7
ālilu,N,brave one,,,7
ēdēnû,AJ,single; lone; sole,,,7
ša-ziqni,N,bearded courtier,,,7
šabšu,AJ,gathered; gathered in; gathered together,,,7
šahapu,N,wild boar,,,7
šalhiu,N,outer wall,,,7
šalhu,N,(a linen garment for divine statues),,,7
šanītu,AV,a second time; something other,,,7
šaplû,N,lower one,,,7
šappu,N,bowl; (a vessel),,,7
šapāpu,V,move along; come silently; moving along; walking,,,7
šaqāru,V,pierce,,,7
šarku,AJ,presented,,,7
šarqiš,AV,secretly,,,7
šarāqu,V,steal; be(come) abducted,,,7
šaršabiṭṭu,N,(a tree),,,7
šatiqtu,N,(a vessel),,,7
šatānu,V,urinate,,,7
šawû,V,roast; roasting,,,7
šeršerratu,N,chain,,,7
šibqū,N,scheme; plan; tricks; plot,,,7
šihittu,N,fear; (meaning unknown); rinsed one,,,7
ŠU.BI.AŠ.AM₃,AV,ditto,,,7
šuginû,N,(a type of offering),,,7
šuhruru,V,lay waste; laying waste; reduce to silence,,,7
šukunnû,N,estimated yield,,,7
šuqlu,N,marsh,,,7
šuruptu,N,burning; (funeral) burning; burnt-offering,,,7
šuršû,AJ,supplied with; provided,,,7
šutērsû,V,make ready; prepare; making ready,,,7
šuškunu,AJ,in bad repute; caused to be(come) placed; dismissed; rejected,,,7
šušmarû,N,basin,,,7
šīqu,N,watering; irrigation-song; (an illness); levelling off (of grain in measuring vessel); (vessels) levelled full; irrigation,,,7
šūlû,N,street; garrison troops,,,7
šūlūtu,N,votive gift; (meaning unknown); garrison?,,,7
ḫabû,V,draw (water),,,7
ḫallūru,N,peas,,,7
ḫaṭṭu,N,stick; sceptre,GIDRU,,7
ṣarru,AJ,flashing; dripping; dripping?,,,7
ṣillānû,AJ,shady; shade-loving,,,7
ṣinnarbubtu,N,reed node,,,7
ṣinnatān,N,(a pair of wooden objects); halter,,,7
ṣirihtu,N,lamentation; inflammation,,,7
ṣudû,N,rations; provisions,,,7
ṣâlu,V,fight; fighting,,,7
ṣāhitu,N,"oil, wine presser; oil-presser",,,7
ṣāʾidu,AJ,roaming; restless; roaming one; roving,,,7
ṣūdu,N,whirling; vertigo,IGI.NIGIN IGI.NIGIN.NA,,7
ṣūlātu,N,battle,,,7
ṭubû,N,(a kind of reed),,,7
ṭēru,N,mud,,,7
ṭūbātu,N,good will; friendliness,,,7
abahšinnu,N,stalk; early harvested grain; (edible commodity),,,6
abat šarri,N,king's word,,,6
adi lā,AV,before,,,6
agasalakku,N,(a kind of axe); (a type of metal plating),,,6
ahāʾiš,N,each other,,,6
ahūla,AV,on the other bank; beyond; on the other side,,,6
akkannu,N,wild ass,,,6
akī maʾdê,AV,very much,,,6
akīlum,N,eater,,,6
algarsurrû,N,drumstick?; drumstick,,,6
amamû,N,(an eye cosmetic),,,6
amar,N,the sign AMAR,,,6
amartu,N,partition wall; side; (a measure)?,,,6
amūdāya,N,(a wooden part of the harness),,,6
anaqqu,N,(a drinking vessel),,,6
anīna,J,hear me!,,,6
apillû,N,(a cultic performer),,,6
aragubgunû,N,the sign DU@g,,,6
ariru,N,(a priest uttering curses); (an epithet of fire),,,6
arkatu,N,rear; back; circumstance,EGIR-MU,𒂕𒈬,6
arkiš,AV,back,,,6
armanniš,AV,like an apricot,,,6
arû,N,calculation; result; product in multiplication; grindstone; granary; millstone,,,6
atamru,N,first-hand account?,,,6
atûtu,N,function of doorkeeper; function of gatekeeper,,,6
ayabba,N,sea,A.BA,𒀀𒁀,6
ašariš,AV,there,,,6
bagurru,N,(a ladel),,,6
balar,AV,on the other bank,BA.LA.RI,𒁀𒆷𒊑,6
balāt,PRP,without,,,6
baqmu,AJ,plucked,,,6
bardû,N,crossbar,,,6
barû,N,diviner,,,6
baturru,N,(small chisel)?; (a small chisel)?,,,6
berâtu,N,waters,,,6
biqlētu,N,germinating malt,,,6
birbirru,N,radiance,,,6
biṣṣūr atāni,N,(a type of seashell),,,6
buhlalû,N,(an Elamite class of priests),,,6
burhiš,N,buffalo,,,6
burku,N,knee; lap,,,6
bušlu,N,ripening; melting; smelting,,,6
bâlu,AJ,praying,,,6
bêru,V,choose; examine; select; choosing,,,6
bēlet ikki,N,ill-tempered woman; furious female,,,6
bēlet ṣerri,N,female enemy,,,6
bēt abi,N,paternal house; paternal house(hold),,,6
bēt rēdûti,N,succession palace,,,6
būnzerru,N,(fowler's) hide,,,6
damdāmu,N,(a kind of mule); mule,,,6
dapniš,AV,aggressively,,,6
dašāpu,V,be(come) sweet; be(com)ing sweet,,,6
dilimmu,N,the sign LIŠ,,,6
dippu,N,(a kind of wooden door),,,6
dubdimmu,N,potter's tool,,,6
duhnu,N,millet,,,6
dullulu,AJ,oppressed,,,6
durummu,N,(a bird),,,6
dušû,N,quartz,,,6
dāʾiku,N,killer,GAZ,,6
dāʾinu,N,judger; one who gives judgement,,,6
ebertān,N,on the opposite bank,,,6
ebû,AJ,thick,,,6
ebūrû,AJ,summer; that which occurs in summer,,,6
edappātu,N,fringe of a towel,,,6
ekdūti,AJ,wild,,,6
elât šamê,N,zenith,AN.PA,𒀭𒉺,6
enāšu,V,be(come) weak; weaken; make weak,,,6
epēqu,V,embrace; growing over; embracing; grow over,,,6
erbe,N,four,,,6
eriu,AJ,naked; destitute; empty,,,6
erkallu,N,underworld,,,6
errēšu,N,cultivator; plowman; tenant farmer,,,6
erullu,N,(a bird),,,6
essû,N,hole in ground; clay-pit; pit,,,6
esāpu,V,gather together; be(come) decanted,,,6
eš,NU,three,,,6
ešgešpû,N,the sign EŠ,,,6
ešgurtu,N,ring,,,6
eškadrû,N,(a yellow dye or paste),,,6
ešrû,AJ,tenth,,,6
ešāru,V,be(come) straight; set right; purge; straighten; go straight,,,6
eṣdu,AJ,harvested,,,6
eṣentu,N,unit; a unit of length; bone,,,6
eṣāru,V,draw,,,6
gallubu,AJ,shorn; shaved,,,6
gamertu,N,completeness; grammatical term,,,6
gamru,N,complete one; totality,TIL,𒌀,6
ganāṣu,V,lift; flaring the nostrils; sneering; wrinkling one's nose,,,6
gapnu,N,bush; fruit tree,,,6
gazāzu,V,shear; shearing,,,6
gigurrû,N,the sign U,,,6
gildu,N,(animal) hide,,,6
gimratu,N,totality,,,6
giṣṣu,N,thorn(-bush),,,6
gugû,N,the sign GU,,,6
gullulu,V,sin; commit sacrilege,,,6
habû,N,soft one,,,6
habšu,AJ,chopped; crushed; hard; shattered,,,6
habšānû,AJ,(designation of wool),,,6
habūbītu,N,bee,,,6
halpû,N,frost; ice,,,6
hamuttu,N,haste,,,6
handabillu,N,(a type of shell); (a kind of shell),,,6
handūru,N,spur; spur?,,,6
hanzizītu,N,(a flying insect),,,6
hardu,AJ,watchful; restless; supervised; vigilant; supplied,,,6
harru,AJ,hollow; hollowed (out),,,6
harruhāya,N,vulture,,,6
harūbu,N,carob (tree); carob,,,6
hassu,N,clever one,,,6
hašhu,AJ,one who needs; desiring; needy; desired,,,6
hašmānu,N,(a colour); (a coloured stone); amethyst,,,6
hepēru,V,dig; digging,,,6
hilammu,N,grasshopper; (a grasshopper),,,6
hillu,N,covering; hollow stem; disturbance; (meaning uncertain); cover,,,6
hiṣibtu,N,chip,,,6
hulamīsu,N,(a tree),,,6
hurūgu,N,(a goose)?,,,6
hutmu,N,bird,,,6
hālilu,N,meaning unclear; designation of canal; designation of beer; (meaning uncertain),,,6
hāpu,N,(a dark earth),,,6
hūšu,N,red (colour),,,6
ibhu,N,(a kind of bug),,,6
idru,N,saltpetre,,,6
igigallūtu,N,wisdom,,,6
igru,N,hire; wages; wage,,,6
ilṣu,N,joy; loins,,,6
imgipû,N,(a kind of list),,,6
imsarmupadû,N,(a kind of tablet),,,6
imšukku,N,(bun-shaped?) exercise tablet; clay cover,,,6
ina qanni,PRP,near; among; once,,,6
ina qāti kullu,V,consider,,,6
indūru,N,(a waterskin); water-skin,,,6
inu,N,(a stringed musical instrument),,,6
ipṭiru,N,ransom (money),,,6
iria,AV,side by side,,,6
ispillurtu,N,cross; crossroads,,,6
itbāru,N,friend,,,6
ittamir,N,(a stone),,,6
izzirtu,N,curse,,,6
išpallurtu,N,cross,,,6
ištarūta,AV,(a musical term); ištarūtu-style,,,6
ištu muhhi,PRP,from; concerning; because of,,,6
KA.BAD,N,(a medicinal plant),,,6
kad,N,the sign KAD₅,,,6
kadādu,V,rub in; rubbing in,,,6
kagallu,N,fallow land; (a kind of) waste land; (a kind of) wasteland,,,6
kakkabiš,AV,like stars,,,6
kalbānu,N,(a plant),,,6
karāmu,V,grasp; restrain; grasping; (meaning uncertain); withhold,,,6
kas,N,the sign DU@s,,,6
kassūsu,N,(hunting) falcon,,,6
katappû,N,bridle; covering,,,6
kattû,N,corroborator,,,6
kihullû,N,mourning rites; mourning place,KI.HUL,,6
kilīliš,AV,as with a wreath,,,6
kimaḫḫu,N,grave; tomb,KI.MAH,𒆠𒈤,6
kinītu,N,concubine; concubine?,,,6
kisibirrītu,N,coriander,,,6
kisurratu,N,(reed pipe)?; (a reed pipe)?,,,6
kitmu,N,cover(ing); lyre,,,6
kitpulu,AJ,entwined,,,6
kittabru,N,arm; (synonym for arm); mole,,,6
kišahû,N,(an offering),,,6
kiššānu,N,(a leguminous vegetable),,,6
kubburu,AJ,very thick,,,6
kubukku,N,strength,,,6
kulbābāniš,AV,like ants,,,6
kullaru,N,Kullar-juniper,,,6
kullu,N,hoe; nut(-kernel),,,6
kupputu,AJ,conglomerated; (designation of carnelian); dense; very compact,,,6
kurkattam,AV,like a goose,,,6
Kurnugi,N,The Underworld; the Underworld,,,6
kuāšu,V,delay,,,6
kuššudu,AJ,chased (off),,,6
kâdu,V,be(come) distressed?; cease?; ceasing?; watch; being attentive; watching; be(come) observed,,,6
kālû,N,(a bird),,,6
kīdītu,N,exterior part; (part of the exta),,,6
kūṣû,AJ,winter('s); that which occurs in winter,,,6
labubittu,N,(a plant),,,6
labāṣu,N,(a disease demon),,,6
ladinnu,N,"(an aromatic); (an aromatic, phps.) ladanum resin; ladunum resin",,,6
lalâ šebû,V,be(come) satisfied,,,6
letû,AJ,split,,,6
libbu ṭābu,N,satisfaction,,,6
liblibbu,N,transplanted date palm offshoot; descendant; fetus,,,6
libītu,N,entourage; enclosure,,,6
lidānu,N,chick,,,6
limûtu,N,encirclement?,,,6
lub,N,the sign LU.EŠ₂,,,6
lummunu,AJ,very bad; very evil,,,6
luṭû,N,(a dagger); sharp part of a reed; (a sharp part of a reed); (sharp part of a reed),,,6
lâdiru,AJ,fearless,,,6
lâṭu,AJ,confined; curbed; embracing,,,6
lāqitu,N,clod-collector; one who collects,,,6
līdānu,N,chick; yound duck,,,6
līmâ,AV,one thousandfold,LIM-A.A,,6
līṭūtu,N,rôle as hostage; rôle of hostage,,,6
magrītu,N,spite(ful act); challenge; abuse,,,6
magulû,N,(a big raft),,,6
makāsu,V,levy customs; levying customs; collect taxes,,,6
malama,AV,once again,,,6
malālu,V,eat one's fill; (meaning uncertain),,,6
mandētu,N,(result of) reconnoitring; information,,,6
manû,AJ,counted; countably many; numbered,,,6
maqartu,N,(a kind of vessel),,,6
maqlālu,N,small thing; syn. for vulva,,,6
marhaṣu,N,rinse; lotion,,,6
marmahhu,N,(a fruit tree),,,6
marrāṣu,AJ,very sickly,,,6
maršu,N,leather strap,,,6
marṣāʾu,N,awl?,,,6
masūktu,N,mortar,,,6
mazzassu,N,position; stand,,,6
mazzizu,N,standing,,,6
mazû,N,"pressed; excessively pressed, cheap beer",,,6
mazūru,N,fuller's stick,,,6
maškadu,N,(an illness of the joints),,,6
mašlu,NU,half,,,6
maṣarru,N,(a vessel),,,6
maṣāru,V,stride about?; move around; enclosing; stride about; circle,,,6
medû,AJ,known,,,6
melqētu,N,(a tax or perquisite)?; (a tax or perquisite),,,6
minûtu,V,count; count(ing),,,6
mitluktu,N,advice,,,6
muballittu,N,reviver,,,6
mudallipu,N,one who disturbs,,,6
mudasû,N,list of names,,,6
mudiktu,N,killer,,,6
mumakkiru,N,one who irrigates,,,6
munaggiru,N,denouncer,,,6
munaššiku,AJ,biting (dog),,,6
munaʾʾišu,N,veterinary surgeon,,,6
mupassisu,N,one who annuls; one who obliterates,,,6
murassibu,N,one who smites,,,6
murtâmu,N,ones who love each other; loving each other,,,6
musukku,N,ritually unclean one; impure one; impure person,,,6
muttu,N,front (part),,,6
muwarrītu,N,(a weapon or tool); comb,,,6
mušerbu,N,one who makes surpassing; one who makes great,,,6
mušgallu,N,great serpent,,,6
mušmahhu,N,(a mythical serpent),,,6
muštahmiṭu,AJ,blazing; ever-ignited,,,6
muštaptinnu,N,(potter's tool); (a potter's tool),,,6
muštapṣu,N,wrestler,,,6
muštēpišu,N,sorcerer,,,6
mušēšertu,N,one who puts in order; palm broom,,,6
muššulu,AJ,made equal; made to resemble; alike; likeness; similar,,,6
muʾaddû,N,one who knows; one who assigns; one who designates,,,6
mâṣu,V,churn; churning,,,6
mētellu,N,lordship; power,,,6
mīšarūtu alāku,V,obtain justice,,,6
mīšertu,N,standard qû-measure; portion of meat,,,6
nabalkattānu,N,insurgent,,,6
nablāṭu,N,subsistence; cure; healing,,,6
nagubinakku,N,(a stone vessel); (a mortar),,,6
nakdu,AJ,beaten; critically ill; throbbing; twitching; dangerous,,,6
nallutu,N,unkmng,,,6
namharturrû,N,container,,,6
namrīriš,AV,like an awe-inspiring radiance,,,6
namzāqu,N,key,,,6
nappītu,N,sieve,,,6
napāqu,V,harden; be(come) constipated; (meaning unknown),,,6
napšuru,N,appeasement; forgiveness; appeased,,,6
napḫaru,N,total; all; whole,NIGIN,,6
narbu,AJ,soft,,,6
naruqqu,N,leather bag,,,6
naršindu,N,sorcerer,,,6
nashuru,N,favorable attention; favourable attention,,,6
nasku,AJ,thrown down; far-flung; lying flat; dropped,,,6
nazaginnakku,N,(a lapis lazuli vessel); lapis mortar,,,6
našramu,N,(chisel or knife)?; (a chisel or knife)?,,,6
naṣû,V,tear down; slitting open; tear off,,,6
nesûtu,N,distance,,,6
nibzu,N,(a kind of) document; tablet; document,,,6
nibṣu,N,young bird,,,6
nindu,N,the sign NINDA₂,,,6
niqru,N,(wood salvaged from) demolition,,,6
nissabu,N,grain,,,6
nizirtu,N,(the act of) cursing; curse; (act of) cursing; accursed,,,6
nukkumu,AJ,amassed,,,6
nuppuqu,V,pay attention; paying attention,,,6
nutāpu,N,(old wood),,,6
nušurrû,N,reduction; malady,,,6
nāpû,N,'sifter' (designation of a caterpillar); caterpillar; sifter,,,6
nāriš,AV,like a river,,,6
nāʾidu,N,one who is attentive,,,6
nāṭilu,AJ,looking; chasing; watching; seeing; seeing (man),,,6
nēlepu,N,(a brewing vessel); a brewing vessel,,,6
pappāsītu,N,(a white lime); (a kind of sulphur),,,6
papān libbi,N,belly; diaphragm,,,6
parrasu,NU,one half,,,6
parriku,N,(part of a saddle); epithet of gods; part of a saddle; (a laudatory title),,,6
paršumu,V,outlive; grow old,,,6
passuku,V,clear (away); remove,,,6
pasuttu,N,(kind of fowling) net; net; (kind of fowling) net?,,,6
patqu,AJ,built; cast,,,6
pašittu,N,(a female demon); (an illness),,,6
pašīru,N,secret; secret place; a secret; (meaning uncertain); hiding; secretly,,,6
paʾṣu,AJ,crushed,,,6
peḫû,AJ,sealed; confined; enclosed; locked; shut up,,,6
peṣû,V,be(come) white; sinter?,,,6
pikallulu,N,aperture in oven,,,6
pituqqu,AJ,assiduous,,,6
pizalluru,N,gecko,,,6
pišiltu,N,(a clay lump); (a clay lump)?,,,6
puhhû,AJ,blocked up,,,6
puhpuhhû,N,squabble; strife; quarrel,,,6
purrušu,AJ,(meaning unknown); meaning unclear,,,6
pussulu,N,crippled one,,,6
puṣuddu,N,mongoose?,,,6
puṭūru,N,release,,,6
pāhatūtu,N,provincial governorship,,,6
pēšu,N,the sign PEŠ₂,,,6
pīdu,N,pardon; redemption,,,6
pīqu,AJ,narrow,,,6
qalāpu,V,peel; be(come) peeled; peeling,,,6
qassu,N,bow,,,6
qayyapu,AJ,tottering,,,6
qimītu,N,burning,,,6
qitmu,N,black paste,,,6
quddušu,AJ,purified,,,6
quppu,AJ,collapsed,,,6
quālu,V,pay attention; be(come) silent; heed; silent,,,6
rab kāri,N,harbourmaster; quay overseer; chief of trade,,,6
rabbu,N,soft one,,,6
ramku,AJ,bathed; soaked; washed,,,6
ramīmu,N,roar; rumbling,,,6
riddu,N,(good) conduct; education,,,6
rugbu,N,loft,,,6
rīqūtu,N,emptiness,,,6
sabirru,N,ring; bracelet,HAR,,6
sakku,AJ,blocked; deaf,,,6
sakālu,V,balk; rear up; acquire; appropriate,,,6
samullu,N,(a tree),,,6
sapdu,AJ,mourning,,,6
sapsapānu,N,moustachioed; (a fish),,,6
sarāhu,V,destroy; be ruined; meaning unknown,,,6
sebettu,N,group of seven,,,6
serremtu,N,female onager,,,6
sibbirru,N,(a tree); (a medicinal plant),,,6
sudduru,AJ,set about with stones; set about,,,6
suhuru,N,the sign SUHUR,,,6
sullumu,AJ,reconciled,,,6
suqtu,N,chin,,,6
surrudu,AJ,packed up,,,6
tablu,AJ,taken away; removed; theft,,,6
talmīdu,N,apprentice; student,,,6
tamšāru,N,whip(-thong); whip-(thong),,,6
tapšertu,N,(magical) release,,,6
tarbâtu,N,greatness,,,6
tarpašu,N,otter,,,6
tasgallu,N,(a kind of bed),,,6
tašnintu,N,battle,,,6
tašīhu,N,(a kind of vegetation),,,6
temmenu,N,the sign TE,,,6
tikitlû,N,lute; (a bird),,,6
tumru,N,(glowing) charcoal; ashes,NE.MUR.RA,,6
tumāgu,N,(a kind of flour),,,6
tunšu,N,(a ceremonial garment); drapes,,,6
tupninnu,N,box,,,6
tākilu,N,one who trusts,,,6
tēbibtu,N,purification,,,6
tēgirtu,N,negotiation?; negotiation; excuse,,,6
tēlītu,N,produce; revenue; disbursals; yield,,,6
tēṣītu,N,quarrel,,,6
uhhu,N,phlegm; (copper) slag,,,6
umṣu,N,hunger,,,6
upellû,N,charcoal; charcoal-burner; charcoal burner,,,6
upputtu,N,blind (snake),,,6
uppušu,AJ,well looked-after; properly executed,,,6
upqu,N,block,,,6
uqūru,N,palm-heart; palm-milk?; (a kind of reed),,,6
urgulû,N,(a lion); urgulû-instrument; figurine; an instrument,,,6
urnu,N,(snake)?,,,6
urnīgu,N,crane,,,6
urrupu,AJ,clouded; darkened; clouded darkness,,,6
ussuhtu,AJ,(designation of a plant),,,6
utuplu,N,scarf; scarf?,,,6
ušpāru,N,weaver,,,6
U₂.KU₆,N,(a variety of fennel),,,6
waqru,N,valuable one; rare one; precious one,,,6
warāšu,V,be(come) dirty; be(com)ing dirty; defile; (be)come dirty; being dirty,,,6
wârum,V,go up to; going up to,,,6
zadimmu,N,lapidary,,,6
zahannu,N,(a garden plant),,,6
zammeru,N,singer,,,6
zanzalliqu,N,(a tree),,,6
zerqūtu,N,(a head covering),,,6
ziqnānu,N,bearded one; a fish,,,6
zuʾʾunu,AJ,decorated; adorned,,,6
zāriqu,N,(a palace employee); female sprinkler; male sprinkler,,,6
āliktu,N,going; a kind of bow; goer; (a kind of metal weapon),,,6
ēkīam,QP,where?,,,6
ēnû,N,substitute,,,6
ērib bēti,N,temple-enterer,,,6
ētiqu,N,passer-by; one who goes past; one who transgresses,,,6
ša rēši,N,eunuch,,,6
ša-šērāti,AV,in the morning,,,6
ša-šīmi,N,man bought; bought slave,,,6
šaduppu,N,tablet basket; (a tablet basket),NI.UM.BA.A PISAN.DUB.BA.A,𒉌𒌝𒁀𒀀,6
šagapūru,AJ,mighty,,,6
šallapittu,N,(a clay plaster); shoes treated with clay plaster,,,6
šalšiānu,AV,for the third time,,,6
šambaliltu,N,fenugreek,,,6
šamṭu,AJ,flattened; torn loose; (meaning uncertain),,,6
šanunkatu,N,princess,,,6
šapiltu,AJ,second in rank,,,6
šapāṣu,V,clasp; grappling; clasping,,,6
šaqummiš,AV,quite silently; in silence,,,6
šarhu,N,proud one,,,6
šarāru,V,go ahead; going ahead; encouraging; (meaning unclear),,,6
šaššaṭu,N,(a disease of the joints),,,6
šehlu,N,high water?; high water,,,6
šerku,N,temple oblate; gift,,,6
šibsātu,N,anger,,,6
šikāru,N,beer,,,6
šilingu,N,(a bird),,,6
šilpu,N,withdrawal; (meaning unknown),,,6
šilqu,N,split piece; splinter,,,6
šinnû,NU,two each,,,6
šudingirrakku,N,god's hand; hand of a god (disease); god's hand (a serious illness),,,6
šuglû,N,deported; deportee,,,6
šugrû,N,basket,,,6
šukudu,N,arrow; Sirius; sharp end of a spindle,,,6
šukurgallu,N,big lance,,,6
šukû,N,doorpost; pole (of ladder),,,6
šunamerimmakku,N,'hand-of-a-curse',,,6
šuparruru,N,spread out one,,,6
šuppulu,AJ,very deep; very low; very short,,,6
šupšuqtu,N,woman labouring (in childbirth); (a stone),,,6
šurqu,N,theft,,,6
šushuru,AJ,encircled; won round,,,6
šutbû,AJ,raised,,,6
šutû,N,woven material; warp,,,6
šutēmuqu,AJ,supplicating,,,6
šušippu,N,towel,,,6
šêqu,V,level off; leveling off; levelling off,,,6
šāmu,N,purchased one,,,6
šēšû,N,(a small net),,,6
šīmu,AJ,fixed; determined; purchased,,,6
šūšuru,AJ,in order; normal,,,6
ḫuluḫḫu,N,(light-coloured slag); (a kind of light-coloured primitive glass),,,6
ḫulālu,N,(a valuable stone); (a semi-precious stone with black and white stripes),,,6
ṣayyahu,AJ,enjoyable,,,6
ṣebû,V,wish (for); desire,,,6
ṣehhertu,N,young girl; small pieces?,,,6
ṣinnarabu,N,(a large grasshopper),,,6
ṣippu,N,(a vegetable),,,6
ṣubbutu,AJ,taken; paralysed; cramped?; seized; lame; edged,,,6
ṣumāmītu,N,(severe) thirst; thirst,,,6
ṣênu,V,load (up); pile; load; heap (up),,,6
ṣīdānu,N,(attack of) vertigo,,,6
ṣūd pānī,N,vertigo,IGI.NIGIN IGI.NIGIN.NA,,6
ṣūhu,N,laugh; smile; laughter,,,6
ṭehûtu,N,clientele; approaching; close approach; close approach (of celestial bodies),,,6
ṭâbu,V,become good; make sound; be(come) good; make good,,,6
ṭāmû,N,one who twines,,,6
abšahuru,N,(a fish),,,5
abūtānû,N,(a fish),,,5
adammūmu,N,wasp,,,5
ahê,AV,separately,,,5
ahāʾiš,RP,each other; one another,,,5
akkû,N,owl,,,5
aliktu,AJ,going; (a kind of bow); (a kind of metal weapon),,,5
alku,AJ,going; moved; gone; elevated,DU,𒁺,5
amalītu,N,(a cultic functionary); designation of a goddess,,,5
amuššu,N,(a bulbous vegetable),,,5
amānītu,N,(a vegetable),,,5
ana šiāri,AV,tomorrow,,,5
anunūtu,N,(a plant),,,5
anḫu,AJ,tired; tired (person),,,5
aplu,AJ,paid,,,5
apputtu,J,please!; it is urgent!; please,,,5
arkû,AJ,rear; second-ranking; later,EGIR,𒂕,5
attū-,PP,belonging to; mine,,,5
ayākamēni,AV,anywhere,,,5
ayēša,QP,whither?,,,5
aššūtu,N,marriage,,,5
aḫḫāzu,N,'the seizer' (a demon),,,5
banduddû,N,bucket; basket,,,5
BAR,N,(lunar node),BAR,𒁇,5
barsallu,N,(a kind of sheep),,,5
Barsip,SN,Borsippa,,,5
barāri,AV,at dusk,,,5
batiqtu,N,denunciation; information,,,5
binna,V,give; give!,,,5
bizazû,N,frog; frog-shaped ornament,,,5
buppāniš,AV,face down,,,5
buštu,N,shame,,,5
buʾšu,N,stench,,,5
bātiqu,N,that which cuts off; informer,,,5
bēdu,AJ,spending the night,,,5
bēl arni,N,sinner,,,5
bēl hīṭi,N,criminal,,,5
bēlet dabābi,N,adversary; enemy; female adversary,,,5
bēt akīti,N,festival house,,,5
bēt mayāli,N,bedroom,,,5
bīt mummu,N,(sculpture) workshop of a temple,,,5
bītānû,N,inner; interior; viscera,,,5
dadānu,N,(a spiny plant); a spiny plant,,,5
dalpu,AJ,sleepless; restless,,,5
dapnu,AJ,aggressive,,,5
daqqu,AJ,minute; fine,,,5
dayyiṣu,N,one who treats unjustly; one who disrespects,,,5
digirru,N,the sign AN,,,5
dullulu,N,oppressed one; oppression,,,5
dīku,N,lifting; stirring up; (meaning unknown); killed one,,,5
dīru,N,intercalation,,,5
edinu,N,desert; the sign EDIN,,,5
egalkurrû,N,ritual for entering palace,,,5
egizaggû,N,(an ornamental stone),,,5
egû,AJ,negligent,,,5
elmēšu,N,(a valuable stone); amber,,,5
emmū,N,fuel,,,5
emru,AJ,reddish; swollen,,,5
Enūma-Anu-Enlil,N,(astrological omen series),,,5
epû,V,bake; shut up; baking,,,5
eqēqu,V,paralyse; being continuously unable to move; paralyzing,,,5
eriyātu,N,cold weather,,,5
ersû,N,ready one; (cloth) finisher,,,5
eslu,AJ,constipated,,,5
ezizzu,N,(an alliaceous vegetable),,,5
ezzetu,N,fury,,,5
eṣpu,N,doubled one,,,5
eṣīdu,N,reaper,,,5
eṭru,AJ,paid (off); taken away; safe,,,5
eṭṭēru,N,escaper; deserter,,,5
galaturru,N,junior lamentation-priest,,,5
gamartu,N,"totality; grammatical, of Sumerian morphemes",,,5
gamgammu,N,(a bird),,,5
ganānu,V,encircle; encircling,,,5
gappu,N,wing,,,5
garunnu,N,(a small cultic vessel); (small cultic vessel),,,5
garṣu,N,leprous one,,,5
gašrūtu,N,great power; great strength,,,5
gidimmu,N,(a spade or shovel); a bundle of reeds,,,5
gidubbû,N,stylus,GI.DUB,𒄀𒁾,5
gimuššu,N,reed pole,,,5
gitmāliš,AV,perfectly,,,5
gištuppu,N,plaque,,,5
guddanagadû,N,ox-herd,,,5
gulēnu,N,cloak,,,5
gummurtu,N,totality,,,5
gunnu,N,mass; (of troops) main force?,,,5
guršu,N,(ritual) sexual congress; chapel; wedding night,,,5
gusānu,N,(a leather sack),,,5
gâšu,V,vomit; run; running,,,5
gāmiru,AJ,strong; decisive,,,5
gāmirūtu,N,strength,,,5
halmatru,N,(kind of wood); (a kind of wood); part of a wagon,,,5
halāšu,V,scrape off; scraping off,,,5
hamištu,N,group of five,,,5
hamurītu,N,throat,,,5
hamāṣu,V,tear off; tearing off,,,5
hanqu,AJ,strangled; pressed; tightly attached; squeezed,,,5
harpu,N,early one,,,5
haslu,N,(a waterskin),,,5
hayyattu,N,terror; fit; (pathological) terror,,,5
hašû,V,crush; crushing; to be(come) dark; be(com)ing dark),,,5
haṣartu,N,greenness; (nasal) mucus; hair,,,5
helû,V,be(come) bright; illuminate; shine brightly,,,5
hetennu,N,(wooden part of chariot),,,5
hubūnu,N,(a small vessel),,,5
hummuru,AJ,crippled; crippled state,,,5
hurāṣānu,N,"goldie; bird; (a bird, perhaps) goldfinch",,,5
huršu,N,(kitchen) storeroom; pantry; storeroom,,,5
huṣannu,N,sash; belt,,,5
hādû,N,(malevolent) rejoicing; joy; (maleveolent) rejoicing; happy person,,,5
hēpû,N,breaker; worker breaking clods,,,5
ibbiltu,N,bird; (a bird),,,5
imbariš,AV,like fog,,,5
immugubbû,N,exercise tablet,,,5
ina pitti,AV,accordingly,,,5
innû,PP,ours,,,5
ishunnutu,N,bunch of grapes,,,5
išiktu,N,marshland; a type of ruler?; meaning unknown,,,5
iškaru,N,work assignment; series,,,5
iṣṣūr-ḫurri,N,rock-partridge?; bat?,,,5
kabartu,N,(part of foot); ankle-bone,,,5
kabittu,N,important one; honoured one; main body (of troops); left hand; weighty matter; main (army),,,5
kabru,N,thick one; fat one,,,5
kadru,AJ,"rearing up; aggressive; overbearing; rearing up, aggressive",,,5
kakkullu,N,mash-tub,,,5
kakkūsu,N,(leguminous vegetation),,,5
kamkissu,N,(part of body of animal),,,5
kamlu,AJ,angry,,,5
karallu,N,goad; designation of jewellery item,,,5
karku,AJ,rolled; bound; staying; accumulated,,,5
karurtu,N,hunger cramp,,,5
karābu,N,prayer,,,5
karṣa akālu,V,slander,,,5
katātu,V,quiver; be(com)ing disturbed; being disturbed; descend,,,5
kašurrû,N,of Gasur; basalt; one of Gasur,,,5
kaʾiššu,N,travelling merchant,,,5
kikallû,N,hard ground,,,5
kikkišu,N,reed fence; reed hut,,,5
kinburru,N,(nest)?; (a nest)?,,,5
kiribbu,N,(a garment),,,5
kirikaru,N,(a bird),,,5
kirinnu,N,clay lump,,,5
kissatu,N,(action of) gnawing; (an illness); fodder,,,5
kišdu,N,acquisition; limit,,,5
kubūsu,N,(handle)?; (a handle)?; reed treated in a specific way,,,5
kudimmu,N,(herb) yielding salt; (a herb),,,5
kullu,AJ,holding (back); holding,,,5
kulīlītu,N,dragonfly,,,5
kuppudu,AJ,planned; devised; plotted,,,5
kurgarrânu,N,(a kind of stone),,,5
kurkurru,N,(a bird); (a vessel),,,5
kurṣu,N,fetter,,,5
kuttumu,AJ,covered over; inaccessible,,,5
kāša,IP,to you; you,,,5
lahangiddû,N,(a slender flask),,,5
lahābu,V,rumble; rumbling,,,5
laqiu,AJ,taken; acquired; purchased,,,5
lattu,N,(a container of standard capacity); barrel,,,5
lazzu,AJ,enduring,,,5
lilibu,N,part of horse-trappings,,,5
limmubi,AJ,sign four times,,,5
lismu,N,running; race,,,5
littû,N,(a net),,,5
lummû,N,spider or snail,,,5
lušû,N,grease,,,5
lēmu,N,disobedient one,,,5
MA.GIL,N,(a medicinal plant),,,5
mahrātu,N,front part; bow (of boat),,,5
makallû,N,anchorage,,,5
makkītu,N,(processional) boat,,,5
malallû,N,(a type of freight boat),,,5
malkatu,N,ruler; queen,,,5
maltu,N,(a type of bowl),,,5
manûtu,N,count(ing); counting,,,5
maruštu,N,evil,,,5
marāsu,V,mix,,,5
masku,AJ,bad; ugly,,,5
mašaddu,N,(yoke-)shaft,,,5
mašallu,N,(a boat); groove; conduit; (a groove),,,5
mašgallu,N,billy goat,,,5
maškaru,N,waterskin,,,5
maškunu,N,tent; place,,,5
maʾʾuttu,N,subsistence (field); sustenance field,,,5
maṣḫatu,N,(a kind of flour),,,5
mehertu,N,produce; (woman) of equal rank; appeal,,,5
mešēltu,N,whetstone,,,5
meḫru,N,(a conifer); adversity,,,5
muhhuru,N,offering,,,5
mukammiru,N,one who piles; one who heaps up,,,5
mukīnu,N,one who establishes,,,5
mummidu,N,(meaning unknown); jester; meaning unknown,,,5
munahhišu,N,one who grants prosperity,,,5
mupaššiṭu,N,one who erases; one who obliterates,,,5
mupparkû,N,that which ceases,,,5
murteddû,N,guide; one who constantly pursues; constant escort; one who constantly follows,,,5
mušaklimu,N,one who reveals,,,5
muštālu,AJ,considering; thoughtful; deliberate,,,5
mušēniqtu,N,wet nurse,,,5
mušītiš,AV,during the night-time,,,5
muʾerrūtu,N,leadership,,,5
muṣṣibu,N,one who increases,,,5
mêburku,N,halfa grass,,,5
māhirtu,N,recipient; (boat) moving upstream; adversity(?),,,5
mānitu,N,(gentle) wind; breeze,,,5
mār ahi,N,nephew,,,5
mār damqi,N,chariot fighter,,,5
māt nakri,N,enemy land,,,5
nadānu,N,gift,,,5
nahbaṣu,N,(an oil flask); amphora,,,5
nahsu,AJ,(very) thin; sunken; sharp; meaning unclear,,,5
nakbasu,N,step of a staircase; (a mat),,,5
nakāšu,V,set aside; setting aside; setting fire to something,,,5
namaru,N,(a quiver)?,,,5
nambūbtu,N,wasp,,,5
namāṣu,N,(butter) churn,,,5
namšāhu,N,(leather container for cosmetics)?,,,5
namūtu,N,derision,,,5
namūṣu,N,(a tool),,,5
nappāṣu,N,wooden beater; club?,,,5
napīšu,N,breath(ing),,,5
napšu,N,life; breath,,,5
naqādu,V,be(come) in danger(ous) condition; be(com)ing anxious; be in danger(ous condition); being in danger(ous condition),,,5
nardappu,N,(a seeding apparatus); clamp,,,5
narṭabu,N,soaking vessel; beer mash; (soaking vessel),,,5
našāšu,V,shake; flap the wings; flap,,,5
naḫlaptu,N,cloak,,,5
nebû,N,bright one; shining one,,,5
nidītu,N,waste plot,,,5
niggulû,N,(something big)?,,,5
nigzanû,N,ear ornament,,,5
niklu,N,skill; device; deception,,,5
NIM,N,(after sunrise),NIM,𒉏,5
nipqū,N,excrement; breathing?,,,5
NU.LUH,N,(a plant),NU.LUH,𒉡𒈛,5
nuhar,N,ziggurat; high temple; ziggurrat,,,5
nuwāʾu,N,unitelligent one; unintelligent one; brute,,,5
nuʾʾudu,AJ,very praiseworthy,,,5
nâṣu,V,look down on; looking down on,,,5
nābutu,N,escaped one; escaped,,,5
nāmuru,N,watch-tower,,,5
nēburu,N,crossing,,,5
nēmattu,N,couch,,,5
nērubtu,N,flight,,,5
palhu,N,fearful one; reverent one; fearsome one,,,5
pappāsu,N,porridge,BA.BA.ZA,𒁀𒁀𒍝,5
paras,N,fraction,,,5
parziqqu,N,(a tool); part of harness for hanging,,,5
paskāru,N,(a headdress); headdress,,,5
pattūtu,N,open chariot,,,5
patû,AJ,open; distant,,,5
pašhu,AJ,resting; soothing; restful; peaceful,,,5
paʾû,N,(a bird),,,5
pelû,AJ,(light) red,,,5
pesēnu,V,cover up; hide; be(come) concealed; conceal,,,5
peṣu,AJ,white,BABBAR,,5
piqqannu,N,droppings; droppings (of sheep or gazelle),,,5
pirsānu,N,meaning unknown; detached,,,5
pitru,N,"unit; unit of weight, half a talent; (meaning unknown)",,,5
pitrusu,AJ,separate; ambiguous; cut off,,,5
puqqu,AJ,attentive,,,5
puṣû,N,unimproved plot; vacant plot,,,5
pālišu,N,borer; (a spear); drilling stone,,,5
pāšittu,N,obliterator; (an illness),,,5
pērūrūtu,N,mouse,,,5
qadilû,N,cloak; (a cloak),,,5
qalītu,N,parched grain; roasted barley,,,5
qardammu,N,enemy,,,5
qinû,N,envy,,,5
qirsu,N,cart,,,5
qulliu,N,(a vessel),,,5
qulālu,N,belittlement; disgrace,,,5
qumqummatu,N,(desig. of a sorceress); (a type of witch),,,5
qurbu,N,near one; group; relative,,,5
qutnu,N,thinness; neck (of gall bladder),SIG,𒋝,5
rabṣu,AJ,recumbent,,,5
rapāqu,V,rivet; fasten; put in fetters,,,5
redû,AJ,accompanied; followed; (meaning uncertain); accompanying,,,5
rugummû,N,claim,,,5
rušumtu,N,swamp; wet mud,,,5
rîšu,N,exultation,,,5
rāmu,AJ,(be)loved; loveable; loved one,,,5
rāpiqu,N,hoer,,,5
rāšû,AJ,rich; one who has; having; affected; acquired,,,5
rēštû,N,first one; firstborn,,,5
saharšubbû,N,leprosy,,,5
sahhû,N,(a stone),,,5
sakikkû,N,ailment; (title of omen series); (a muscular ailment); symptom(s),SA.GIG,𒊓𒍼,5
sakru,AJ,refined,,,5
saktu,AJ,silent,,,5
sallu,N,the sign SAL; tray?,,,5
sangilmud,N,(a bluish stone),,,5
sarāru,V,be(come) false; be(com)ing false; deceive,,,5
segû,V,roam; move; go off; move about,,,5
serhu,N,debris,,,5
sikiltu,N,acquisition(s); (hoarded) property,,,5
sinnišāniš,AV,into a woman,,,5
sissu,N,the sign ŠEŠ,,,5
suhhuru,AJ,curved; turned,,,5
sulhu,N,part of the hand,,,5
sunnuqu,AJ,checked; narrow,,,5
supurgillu,N,quince,,,5
surinakku,N,(a kind of bat),,,5
surāru,N,prayer,,,5
susbû,N,(a priest),,,5
sēkiru,N,(a canal worker); (a canal-worker),,,5
sīqu,N,narrow one; thigh; lap,,,5
sūq erbetti,N,fourways; crossroads; square,,,5
tabnītu,N,beautification; creation; offspring,,,5
tahāhu,V,pour (over)?; pouring over?; drench,,,5
taqnu,AJ,in order; good; safe,,,5
taqtītu,N,termination; end,TIL,𒌀,5
tarqītu,N,"oil-processing; perfume; oil-processing, perfume-making; perfume recipe",,,5
tarû,V,lead away; fetch; leading away; lift up; bring up,,,5
tattiktu,N,dripping,,,5
tatû,N,the sign TA,,,5
taʾû,V,eat; eating; foraging; grazing,,,5
teleʾû,AJ,very competent; capable; skilful,,,5
telītu,N,very competent (one); (a musical instrument),,,5
terinnu,N,cone (of conifer); cone; cone-shaped piece of jewelry,,,5
tespītu,N,prayer; petition,,,5
tillī,N,appendage; equipment,,,5
timru,AJ,buried,,,5
tišû,AJ,ninth,,,5
tubāqu,N,trap; a plant; root,,,5
tumahhu,N,(a ceremonial garment),,,5
tungallu,N,(a stringed instrument),,,5
tušaru,N,(a pouch); (a fence or weir); cocoon,,,5
tābiku,N,one who pours; one who pours out,,,5
tēkītu,N,complaint; excuse; unjust act or word; necessity,,,5
ubāru,N,(resident) alien; foreigner,,,5
uddu,N,log; beam; (a log),,,5
udukianakku,N,sheep for funerary sacrifice,,,5
uhultu,N,an alkaline salt; soda,,,5
ukkulu,AJ,very dark; darkened,,,5
ulluṣu,AJ,swollen; rejoicing,,,5
uppattu,N,mole-cricket?; mole cricket?,UB.PAD,𒌒𒉻,5
uqququ,AJ,tongue-tied; paralysed; dumb; that which is tongue-tied,,,5
uqqû,AJ,painted; something painted,,,5
urki,PRP,after; behind,EGIR,𒂕,5
ursūtu,N,"(a storeroom, deposit)?; magazine",,,5
ušalliš,AV,like lowland,,,5
uššuru,AJ,exempt; loose; abandoned,BAR,𒁇,5
watû,AJ,found,,,5
wāṣû,N,going out; one going out; going out one,,,5
wēdû,AJ,prominent; important,,,5
yakku,AJ,sign five times,,,5
yû,PP,mine,,,5
zadurû,N,(a clay object),,,5
zagingutumakû,N,(a kind of pale) lapis lazuli,,,5
zaqiptu,N,vertical; (a standard),,,5
zerru,N,(a reed fence),,,5
zibbutu,N,tail,KUN,𒆲,5
zibnu,N,(a reed mat); reed mat,,,5
zibītu,N,(a stone),,,5
zuāzu,V,divide; distribute,,,5
zāmânû,N,hostile; hostile one; enemy,,,5
zāʾerūtu,N,enmity,,,5
zīzu,AJ,divided,,,5
ādu,N,the sign AD,,,5
ālidu,N,one who begets,,,5
ēkânu,QP,where?; wherever,,,5
īn nūni,N,fish-eye stone,,,5
ša-lišāni,N,informer,,,5
ša-muhhi-bītāni,N,chamberlain,,,5
šabalbalû,N,(psychological) confusion; (a ritual),,,5
šabīhu,N,layer; dust storm,,,5
šagammu,N,upper door hinge?; door planking,,,5
šagikku,N,spleen; (a vessel),,,5
šaharru,AJ,porous?,,,5
šahšūru,N,apple (tree),,,5
šaklulu,AJ,complete; intact; completed; ungelded bull,,,5
šalamtiš,AV,like a corpse,,,5
šalbābu,AJ,wise?; wise,,,5
šaluppû,N,(part of intestines)?,,,5
šalussû,N,(part of intestines)?,,,5
šalṭu,N,authoritative one,,,5
šammu ēdu,N,asa foetida,,,5
šammāhu,N,large intestine,,,5
šanat rēš šarrūti,N,accession year,MU.SAG.LUGAL.LA MU.SAG.NAM.LUGAL.LA,𒈬𒊕𒈗𒆷,5
šangammāhu,N,(an exorcist); (exorcist),,,5
šannadu,N,(an illness),,,5
šanê ṭēmi,N,madness,,,5
šanūdu,AJ,illustrious; most famous; illustrous; illustrous one; brave,,,5
šapû,AJ,dense; sonorous; padded; thick,,,5
šapāṭu,V,give judgement; giving judgement; sweep?; inform strictly; punish,,,5
šarrāqiš,AV,like a thief,,,5
šartu,N,hair; falsehood,,,5
šatammūtu,N,post of šatammu; position of the chief temple administrator,,,5
šatû,AJ,knotted; woven,,,5
šaʾtu,N,(a type of thorny plant),,,5
šaʾūdu,V,take notice of; inform; indicate; spread tales,,,5
šaṭāru,N,written document,,,5
šerʾazu,N,(nut tree)?,,,5
šibšu,N,(an agricultural tax); straw tax,,,5
šilittu,N,split piece; splinter; scion,,,5
šimṭātu,N,(meaning unknown); (a cover),,,5
šinātu,N,urine,,,5
šinīt ṭēmi,N,madness,,,5
šitmuriš,AV,wildly; passionately,,,5
šitqultu,N,opposition; equinox,,,5
šiāšim,IP,to her,,,5
šišû,N,(person with eye disease),,,5
šubalkutu,AJ,sent; inciting; turned over; removed,,,5
šubšulu,AJ,boiled,,,5
šugītu,N,(a class of women),,,5
šuhṭu,N,anger,,,5
Šumma-izbu,N,(anomaly omen series),,,5
šumru,N,fury,,,5
šunamlullukku,N,'hand-of-a-human',,,5
šunūlu,AJ,laid down; buried,,,5
šuparruru,AJ,spread out,,,5
šurinnu,N,(divine) emblem,,,5
šurpu,N,burning; (a ritual),,,5
šushuru,N,(a dyed textile),,,5
šusummû,N,gift,,,5
šutashuru,AJ,surrounded,,,5
šutruṣu,AJ,spread; stretched out,,,5
šutāhû,N,paired (off) one; matching one,,,5
šušana,N,the sign ŠUŠANA,,,5
šuʾinannakku,N,'hand-of-a-goddess',,,5
ŠU₂,N,(before sunset),,,5
šāmiṭu,N,(an alkaline plant); (an occupation involving processing barley),,,5
šāpirūtu,N,post of šāpiru; post of šapiru; sovereignty,,,5
šāt-urri,N,(the watch) of dawn; morning watch,EN.NUN-UD.ZAL EN.NUN-UD.ZAL.LA EN.NUN-UD.ZAL.LI,,5
šūduru,AJ,frightened,,,5
šūlû,AJ,raised; happy; raised high; garrisoned,,,5
šūnuḫu,AJ,much troubled; exhausted,,,5
šūt pî,N,oral tradition,,,5
ḫabāšu,V,crush; smash,,,5
ḫarbu,AJ,deserted; deserted place; wasteland,,,5
ḫasīsu,N,ear; (sense of) hearing; wisdom,,,5
ḫašḫu,AJ,desirous,,,5
ṣabtu,N,captive; captured one,,,5
ṣaltu,N,combat; discord,,,5
ṣeḫru,AJ,small; young one; young,TUR,𒌉,5
ṣurpu,N,burning,,,5
ṣânu,V,fill up; bloat; filling up; be filled up,,,5
ṣābe qalti,N,archer,,,5
ṣālūtu,N,contest; conflict,,,5
ṣāssu,N,combat; dispute,,,5
abbūta ṣabātu,V,adopt cause,,,4
abdu,N,servant,,,4
abkininītu,N,(a bird),,,4
abku,N,captive; taken away; brought in; carried off,,,4
ablu,N,dry one,,,4
abrammu,N,(a bird),,,4
aburriṣānu,N,(meaning unknown),,,4
agašgû,N,youngest son; novice; junior,,,4
agittû,N,headband,,,4
agrūtu,N,hire (contract); status of hireling,,,4
ahulabakku,N,lamentation,,,4
ahzu,AJ,taken; grasped; inlaid; married,,,4
akullû,N,provisions; food,,,4
akû,AJ,weak,,,4
alluʾtu,N,(a plant),,,4
alāʾu,V,to lick,,,4
amu,N,raft; float,,,4
amāmû,N,(an eye cosmetic),,,4
amšālim,N,yesterday,,,4
ana mati,QP,when?; whenever,,,4
ana tarṣi,PRP,opposite,,,4
ana yâšim,IP,to me,,,4
anagmahhu,N,(a drinking vessel),,,4
anameru,N,(a plant),,,4
angāšu,N,plum (tree),,,4
annuharu,N,(a mineral),,,4
annîš,AV,here; hither,,,4
anqullu,N,(an atmospheric phenomenon); fiery glow; (a fiery glow); glow,,,4
anāḫu,V,be(come tired); weary oneself,,,4
appa labānu,V,show submission,,,4
appānu,N,(a bird),,,4
apâtu,N,numerous one; humanity,,,4
aqāru,V,be(come) rare; be(come) precious; be(come) expensive; make rare,,,4
arariānu,N,(a plant),,,4
ardadu,N,thief,,,4
arkītu,N,posterity; future; later (deed); later on,,,4
arâniš,AV,like eagles,,,4
asallu,N,(a copper vessel),,,4
asqiqu,N,(a bird),,,4
assammu,N,goblet,,,4
athû,N,companions,,,4
attartu,N,(military) cart,,,4
attû-,AV,belonging to; own,,,4
ayyiš,AV,where?,,,4
ayyāniš,QP,whither?,,,4
ašgagu,N,fight,,,4
ašša,PRP,because; inasmuch as,,,4
aššultu,N,(a plant),,,4
ašṭūtu,N,obduracy,,,4
aḫulap,J,(it is) enough!; have mercy on me!,,,4
aṣarru,N,(kind of clock)?; (a kind of clock)?,,,4
baliltu,N,rubbish tip?; waste land?; rubbish tip; waste land,,,4
balluku,N,(a tree),,,4
balāṣu,V,stare; presenting oneself to a deity; staring,,,4
balṣu,AJ,staring,,,4
bandû,N,quotient,,,4
bargallu,N,(a designation of sheep),,,4
barmu,N,multicolored one; variegated one,,,4
birbirrū,N,radiance,,,4
bitrāmu,N,multicolored one,,,4
bittu,N,(a kind of wool),,,4
biṣru,N,(meaning uncertain),,,4
bukurtu,N,daughter,,,4
bullulu,AJ,numb; stained; covered; smeared,,,4
buluggu,N,the sign BULUG; the sign PAP.PAP,,,4
buppānī-,AV,face down; flat on the ground,,,4
burrumtu,N,(a multicoloured bird),,,4
burziburzi,N,(a leather belt)?,,,4
burṣimtu,N,pivot-stone box,,,4
buʾʾû,AJ,sought,,,4
bāqilu,N,malster; maltster,,,4
bāqirānu,N,claimant,,,4
bāšītu,N,what is present; goods,,,4
bēl rīdi,N,male persecutor,,,4
bēl tidūki,N,male opponent,,,4
bēlet rīdi,N,female persecutor,,,4
bēlet tidūki,N,female opponent,,,4
bēt kutalli,N,Rear Palace,,,4
bēt nakkamti,N,treasury,,,4
bīt šammi,N,fodder store,,,4
dallu,N,small one,,,4
dammu,N,the sign DAM,,,4
damšillu,N,(a kind of cucumber),,,4
danāniš,AV,by force,,,4
dapānu,V,bear down violently on; bearing down violently on,,,4
daqqaqu,N,tiny ones,,,4
darru,N,the sign DAR,,,4
dayyaštu,N,threshing sledge,,,4
daʾummatu,N,gloom; darkness,,,4
didabû,N,scribal apprentice; apprentice; novice; pupil,,,4
didallu,N,ash(es),,,4
dimmakurrû,N,confusion,,,4
dimmuššatu,N,reed-thicket,,,4
dummuqu,N,very good thing; good quality one,,,4
dunnamû,N,person of lowly status,,,4
dunnuniš,AV,very firmly,,,4
duqququ,N,very tiny ones,,,4
durmāhu,N,mighty hawser; cosmic reed rope,,,4
dāmiqu,N,one that does good,,,4
dēpu,N,warp; (a thrusting weapon),,,4
dīhu,N,(a mark on the liver),,,4
Eaūtu,N,power of Ea,,,4
ebēlu,V,net; netting,,,4
elilu,N,(a type of song),,,4
elmeštu,N,(a kind of grass),,,4
emēru,V,swell; be bloated; swelling; be(come) swollen,,,4
emētu,N,mother-in-law,,,4
enēbu,V,fruit; bearing fruit,,,4
ereššānu,N,naked one,,,4
ergiṣu,N,type of locust,,,4
erhāniš,AV,provocatively,,,4
ewû,N,one who becomes; irresolute one,,,4
ezib,PRP,except (that); disregard (the fact) that; never mind; apart from,,,4
ešrētu,NU,one-tenth,,,4
ešû,N,loincloth; confusion,,,4
eššeʾu,N,touchwood,,,4
gabbatinnu,N,female pudenda,,,4
gabāṣu,N,contraction,,,4
gallu,N,the sign GAL,,,4
gallābūtu,N,function of barber; shaving,,,4
galtu,N,fearful one; terrible one,,,4
galādu,V,tremble; frighten,,,4
garu,N,the sign GAR,,,4
garû,V,be(come) hostile to; quarrel,,,4
gerrigû,N,(a reed rope),,,4
gerrānu,N,wailing,,,4
gerseqqû,N,"(palace, temple attendant)",,,4
gidirigû,N,the sign U,,,4
gihannu,N,(a basket for wool),,,4
gizgazû,N,beater,,,4
gišburru,N,releasing wood; (a ritual instrument),,,4
gišdilû,N,(a string of beads),,,4
gišginû,N,(a wooden closure?),,,4
gištaggû,N,offering,,,4
gudūdu,N,battle troop; patrol,,,4
gullu,N,bowl; (iron part of defensive grating),,,4
guqqû,N,(a monthly offering),,,4
gurguššû,N,(a big offering-vessel),,,4
gurištu,N,vulva,,,4
guzalūtu,N,female throne-bearer,,,4
guzāzu,N,kind of lettuce?,,,4
habaṣīrānu,N,(a constellation); mouse-like one,,,4
habbulu,AJ,indebted,,,4
habû,AJ,soft; (designation of pottery vessel),,,4
habāšu,V,crush; crushing,,,4
habṣu,AJ,plentiful; fertile,,,4
hadûtu,N,joy; rejoicing,,,4
hadānu,N,(a wooden appliance),,,4
halhallu,N,(a comestible); (a kind of beer); designation of beer,,,4
halīṣu,N,flayed (animal) skin,,,4
hamuštu,N,a fifth; (payment for) one-fifth period,,,4
hamīmu,N,(an aromatic plant),,,4
hamṭu,N,quick; Sumerian verbal tense,,,4
happu,AJ,stinking; stinking one,,,4
hapāpu,V,break up; smash,,,4
harmunu,N,(a plant),,,4
harpiš,AV,early,,,4
hasāpu,V,tear away; tear off; remove,,,4
hasāru,V,flake away; chipping off,,,4
hayyāṭu,N,surveyor; spy,,,4
hašūr,N,kind of cypress,,,4
haṣabtu,N,sherd (of pottery); potsherd,,,4
hereṣ ēri,N,(a precious stone),,,4
hillāni,N,portico(ed building),,,4
hiāpu,V,cleanse; purify; purifying,,,4
hālu,N,(black) mole (on skin); (black) mole,,,4
hāzû,N,croaker; (a bird),,,4
hītu,N,error; sin; (a bathing place)?,,,4
hīṭu,AJ,investigated,,,4
hūʾa,N,owl,,,4
ibu,N,the sign TUM,,,4
idugallu,N,head doorkeeper,,,4
imampû,N,(a kind of list),,,4
imgarrû,N,(a kind of list),,,4
imgurru,N,clay envelope,,,4
imigidû,N,(a kind of list),,,4
immikkarūru,N,(a kind of grass),,,4
immunedû,N,(a kind of list),,,4
imzidû,N,(a kind of list),,,4
imšuguppû,N,list of required materials,,,4
ina birti,PRP,between,,,4
ina muhhi mīni,QP,why?; for,,,4
inanna,SBJ,now,,,4
innu,N,the sign IN,,,4
inzahurētu,N,(a red dye),,,4
inītu,N,team of plough-oxen; (cost of hiring) plough-team,,,4
issi ēkalli,N,queen,,,4
itānu,N,(meaning unknown),,,4
išanû,N,important one,,,4
išibgallu,N,(a chief purification priest),,,4
ištartu,N,goddess,,,4
ištiššu,NU,once,KI,𒆠,4
išīnu,N,stalk,,,4
kadriš,AV,aggressively,,,4
kadru,N,rearing up one; aggressive one,,,4
kadāpu,V,(meaning unknown),,,4
kalkallû,N,(a bowl),,,4
kallabūnu,N,(kind of) locust,,,4
kallû,N,express messenger,,,4
kamdu,AJ,(designation of textile),,,4
kamuššakku,N,(a kind of chair or bed),,,4
kamâtiš,AV,to the outside; to outside,,,4
kamû,AJ,bound; outer,,,4
kanšiš,AV,submissively,,,4
kaptukkû,N,two seah container,,,4
kapšarru,N,stone-carver; engraver,,,4
kararû,N,midday heat,,,4
karbu,AJ,in a gesture of adoration; blessed,,,4
karimgaldu,N,quiver?,,,4
karku,N,rolled one; soaked one,,,4
karpāniš,AV,like a pot,,,4
kartappu,N,(animal) driver; groom,,,4
karātu,V,slice; cut off,,,4
kassibu,N,(a medicinal plant),,,4
kasāmu,V,cut up,,,4
katimtu,N,secret,,,4
keltu,N,(a disease),,,4
kibaltu,N,(a kind of semiprecious stone),,,4
kibalû,N,rebel land,,,4
kigullû,N,place of destruction; dilapidated place,,,4
kilkillu,N,(a reed structure),,,4
kilzappu,N,footstool,,,4
kinku,N,sealing,,,4
kinsikku,N,late afternoon; late afternoon (meal),KIN.SIG,𒆥𒋝,4
kipputu,N,circle; perimeter,,,4
kirbanu,N,lump (of earth),,,4
kirītu,N,(a rope),,,4
kitmuru,AJ,piled up,,,4
kiūšu,N,step; tread,,,4
kudādu,AJ,very small,,,4
kukkubu,N,offering vessel,,,4
kukkudru,N,sheep's stomach,,,4
kumāṣu,N,bush offering refuge?,,,4
kunnušu,AJ,subjected; bent,,,4
kuppuru,N,wiped one,,,4
kurartu,N,(a skin complaint); boil; eczema,,,4
kurdillu,N,(a kind of cucumber),,,4
kursimtu,N,"scale; a snake; scale, plate",,,4
kurunu,N,(a kind of beer),KURUN.NA KURUN.NAM,,4
kusīpu,N,(a plant); (a snake),,,4
kuttimmu,N,charcoal-burner,,,4
kušartu,N,repair,,,4
kuštību,N,(a kind of shovel),,,4
kušāru,N,reed stalk; (a shelter),,,4
kuššikku,N,a clay,,,4
kuṣṣudu,N,cripple(d) one; crippled one,,,4
kāpidu,N,planner; one who plots,,,4
kāpišu,N,(a cultic performer),,,4
kūnu,AJ,firm; righteous; firmly,,,4
kūṣāyu,AJ,of winter?,,,4
laharuhšu,N,quiver (on chariot),,,4
lakû,AJ,weak; suckling,,,4
lamû,V,surround; keep company; divert,,,4
lamāmu,V,chew; chewing,,,4
larsīnu,N,hoof; foot condition,,,4
lasqu,N,(a king of pastureland?),,,4
laššu,N,absent one,,,4
laʾātu,V,swallow (up); swallow; swallowing (up),,,4
libbānu,N,inside,,,4
lilītu,N,(a demon),,,4
limmukku,AJ,sign four times,,,4
lipium,N,(animal) fat,,,4
litmudu,AJ,learned,,,4
lubādu,N,(a disease),,,4
lurrakkû,N,(a culinary profession),,,4
lusan,N,(a musical instrument),,,4
luʾtu,N,(a wooden implement),,,4
lāqittu,N,female collector; that which collects,,,4
lēta nadû,V,give attention; incline head,,,4
līmû,NU,one-thousandth,,,4
mahu,N,the sign MAH,,,4
makrû,N,red one,,,4
makûtu,N,destitution; destitution?; poverty,,,4
makānu,N,emplacement?,,,4
malani,AV,once,,,4
malhu,N,plucked one,,,4
mallāhu,N,sailor; boatman,,,4
mammanu-,XP,whosoever,,,4
manahtu,N,weariness,,,4
mandû,N,(a pole); (a pole)?,,,4
mangagu,N,fibres of the date palm,,,4
mangu,AJ,stiff,,,4
mannummê,XP,who(so)ever,,,4
marhallu,N,(a variety of carnelian?),,,4
marhalu,N,(a variety of carnelian?),,,4
marmarru,N,strong one,,,4
masku,N,bad one; evil one,,,4
matqanu,N,stand,,,4
matqû,N,(an iron object),,,4
mazru,N,felted one,,,4
mazzālu,N,(a pouring vessel),,,4
mašhulduppû,N,scapegoat,,,4
mašû,N,twin; (meaning unknown),,,4
mašīru,N,(a wheeled vehicle),,,4
mašʾaltu,N,questioning,,,4
maḫirtu,N,(a bone of the leg),,,4
mehsû,N,(a metal cup with a lid)?; a wooden tool,,,4
merrutu,N,(a medicinal plant),,,4
messētu,N,distance,,,4
meštû,N,drying (process),,,4
milʾu,N,saltpetre; (a stone),,,4
minâmma,QP,why?,,,4
miqit ṭēmi,N,loss of reason,,,4
mirqu,N,(a type of flour); (a fine glass),,,4
misissam,N,sheep's stomach,,,4
mišeʾtu,N,forcible removal; pillage,,,4
miḫḫu,N,(a type of beer); (a type of liquid),,,4
miṭītu,N,decrease,,,4
mud,N,the sign MUD,,,4
muddeššû,N,one who always causes to flourish,,,4
mugdašru,AJ,powerful,,,4
mugerru,N,two-wheeled vehicle; chariot; wheel,,,4
muhaldimmu,N,the sign MU,,,4
muhhuṣu,N,one provided with fittings; a type of comb; unknown meaning,,,4
mullīlu,N,purifier,,,4
mumaššihu,N,(a measuring instrument); cutting tool,,,4
muppištu,N,sorceress,,,4
muqarrinu,N,one who stacks up,,,4
muqarrirtu,N,one who rolls; a kind of container,,,4
murtappidu,AJ,wandering; roving,,,4
musahhiptu,N,(a hunting net),,,4
musarriru,N,traitor,,,4
mussiḫu,N,one who assigns,,,4
muttaddinu,N,saleman; one who repeatedly gives; salesman; repeated giver,,,4
muttaʾdu,N,attentive one,,,4
muttû,N,(a pole); one who discovers,,,4
muzibbu,N,letting flow; designation of a water clock; dribbling one,,,4
mušallimu,AJ,that delivers safely,,,4
mušapridu,N,one who make someone flee,,,4
mušpardû,N,one who illuminates,,,4
mušpêlu,N,one who overturns; one who switches,,,4
muštarhu,AJ,presumptuous,,,4
muštābilu,N,one who considers; one who discusses,,,4
muštētinu,N,one who sets against each one,,,4
mušērtu,N,overlooking window,,,4
muṭṭû,N,very little one,,,4
mārat šarri,N,princess,,,4
mēru,N,the sign DUN₃@g@g,,,4
mīṣu,AJ,few,,,4
nagītu,N,district,,,4
nahbu,N,type of container,,,4
nahāru,V,snort; snorting,,,4
nakaru,AJ,strange; enemy,,,4
nalmu,N,foundation,,,4
nambaṭu,N,(a bright mark),,,4
namrāṣiš,AV,with hardship,,,4
nanduru,N,intertwined one,,,4
nangugu,N,anger?,,,4
napalû,N,interpreter,,,4
napalṭû,V,pass; passing,,,4
naparkû,N,ceasing one,,,4
nappaṣu,N,wooden beater?,,,4
naptû,N,key,,,4
napuštu,N,life,,,4
napšurtu,N,dissolution; release,,,4
naqbaru,N,burial place,,,4
naqmītu,N,burning,,,4
narbaṣu,N,lair (of an animal),,,4
narkabu,N,(upper) grindstone; pounding stone,,,4
nassu,AJ,groaning; wailing; wretched,,,4
nasāru,V,saw; sawing,,,4
nayyāku,AJ,promiscuous,,,4
nazāmu,V,moan; complain; complaining; keep complaining,,,4
našraptu,N,burning; crucible?,,,4
našru,N,eagle,,,4
naʾduru,AJ,darkened; apprehensive,,,4
naʾāru,V,roar; roaring,,,4
naḫarmuṭu,V,dissolve; melt,,,4
naṣraptu,N,crucible,,,4
nerpû,N,pole or part of a well,,,4
nešbû,N,satiety; satisfaction,,,4
neʾellû,V,roam around; roaming around,,,4
ni,N,the sign NE,,,4
nibʾu,N,swelling up; wild growth,,,4
nibṭu,N,brightness; radiance,,,4
nigdimdimmû,N,physical form; (physiognomic omen series),,,4
nigzalladû,N,(a copper object),,,4
ninmudu,AJ,continually joined,,,4
nipšu,N,tuft; breathing; breath,,,4
nitahu,N,the sign UŠ,,,4
nizqu,N,creaking; groaning,,,4
nišḫu,N,diarrhoea,,,4
nuhhuṭu,V,hiccup?; hiccuping,,,4
nukkusu,AJ,cut (in pieces); cut (in piece); breached,,,4
nunû,N,the sign NA₂,,,4
nâdu,AJ,praised,,,4
nādu,AJ,sharp?,,,4
nāgurtu,N,hire?; hire,,,4
nāziqu,AJ,creaking; howling,,,4
nēseptu,N,(a container),,,4
padakku,N,(a grain storage facility); silo; grain silo,,,4
pahāzu,V,(meaning unclear); boast; leave loose; boast(?),,,4
paltingu,N,(travelling-chair); (a travelling-chair),,,4
pannigu,N,(a pastry or bread),,,4
paqdu,N,trusted one; overseer; deputy,,,4
paqqāyu,N,mat-weaver,,,4
parrû,N,kind of emmer broth,,,4
patlu,AJ,entwined,,,4
patnu,AJ,tough,,,4
paḫāru,N,potter,,,4
paṣādu,V,cut into; slicing; break up; shatter; crack,,,4
piriktu,N,opposition; technical term in brewing; obstacle,,,4
pirṣatu,N,deceit; lie(s); lie,,,4
puhmahu,N,blind worm?,,,4
pulluqu,AJ,slaughtered,,,4
pussulu,AJ,crippled,,,4
puḫru,N,assembly; entirety,UKKIN,,4
qallupu,N,peeled one,,,4
qalpu,N,stripped one; worn one,,,4
qan-ṭuppi,N,writing reed; stylus,GI.DUB.BA,𒄀𒁾𒁀,4
qanû,V,acquire; redeem,,,4
qaqqadû,N,headband,,,4
qarāšu,V,chop up; chopping up,,,4
qarību,N,(an edible bird),,,4
qašittu,N,(a net),,,4
qerbiš,AV,instantly; inside,,,4
qummānu,N,a sheep,,,4
qurrubu,AJ,brought near,,,4
quššudu,AJ,very holy,,,4
qātā-,AV,in person,,,4
qību,V,command,,,4
qīlu,N,burning,,,4
rab bīti,N,major-domo,,,4
rab nuhatimmi,N,chief cook,,,4
raggimtu,N,(an oracle priestess); prophetess,,,4
rahīṣu,N,threshing-floor,,,4
rakkābu,N,sailor; (part of a harrow),,,4
ramāku,N,bathing,,,4
rapšiš,AV,expansively; widely,,,4
raqqatu,N,river-flats; (a fine garment); thin part of a plow; swamp,,,4
rašûtu,N,credit,,,4
raṣmu,AJ,loud-voiced; powerful,,,4
rehû,AJ,drenched; ejaculating,,,4
reḫû,V,pour out; (meaning uncertain); impregnate,,,4
rigim Adad,N,thunder,,,4
rimûtu,N,(kind of paralysis); limpness,,,4
rimūtu,N,gift,,,4
riqdu,N,(meaning unclear); dance,,,4
riāmu,V,present to; excuse,,,4
riāšu,N,rejoice,KUR,𒆳,4
riṣiptu,N,construction; masonry; revetment,,,4
riṭibtu,N,wetness,,,4
ruggubu,AJ,roofed; having a second floor,,,4
ruṣṣunu,N,beautiful one,,,4
rāʾiūtu,N,shepherdship,,,4
rēʾû,AJ,shepherd,SIPA,,4
rūbu,N,anger; turmoil; setting; adulthood,,,4
sabāru,V,bend; bending; spinning,,,4
sadru,N,regular one; in order one,,,4
SAG,N,(a medicinal plant),,,4
saharmuddû,N,body?,,,4
saharu,N,the sign IŠ,,,4
sahharu,N,(an offering bowl),,,4
sahsahhātu,N,(meaning unknown); meaning unknown,,,4
sakātu,V,be(come) silent,,,4
salkuttu,N,the sign DI,,,4
saltu,AJ,trimmed; split,,,4
samsammu,N,(a drum),,,4
samû,N,undecided one,,,4
samāḫu,V,mix,,,4
sanḫulḫazû,N,(a demon),SAG.HUL.HA.ZA,,4
sarmāšu,N,grain heap,,,4
sarruru,V,pray to; praying; pray,,,4
sarādu,V,tie up; tying up,,,4
saḫru,AJ,turned; sought out,NIGIN,,4
sepû,V,pluck; plucking,,,4
serrēmānu,AJ,onager-coloured,,,4
sikidû,N,(a kind of sheep),,,4
sikšu,N,(side-pole of chariot cab)?,,,4
simmagir,N,(a minister of the Babylonian king),,,4
sinku,N,discarded wool,,,4
sir,N,the sign ŠIR,,,4
sisalhu,AJ,"designation of sheep, cattle",,,4
siāru,V,plaster; plastering,,,4
sudūru,N,ornament; precious stone inlay,,,4
suhīru,N,foal,,,4
sukkalmahhu,N,chief minister,SUKKAL.MAH,,4
sullû,N,impudence; deception; disloyal speech,,,4
SUM.NINDA,N,(a festival),SUM.NINDA,,4
sumaktar,N,half-bred; resident alien; fatherless one,,,4
summu,N,(male) dove; pigeon,,,4
sumāšu,N,(a sea-fish),,,4
supūrītu,AJ,(lamb) of the fold,,,4
surrû,N,plectrum?; (a lamentation-priest),,,4
susapinnu,N,best man,,,4
suššuru,N,(a bird),,,4
suḫsu,N,bed; private parts,,,4
sābu,N,(a red stone),,,4
sāʾu,N,(a tree); mud,,,4
sūmu,N,redness,,,4
sūqāqû,N,street; lane,,,4
tabbu,N,the sign TAB,,,4
tabīnu,N,shelter,,,4
tadmīqu,N,good quality dates,,,4
tahanātu,N,succor; battle succor,,,4
takkiptu,N,battering,,,4
takṣiṣītu,N,(a type of bird),,,4
takṣīru,N,attachment; string of amulet stones,,,4
talmāhu,N,prime tallu-vessel,,,4
talʾazu,N,(a bird),,,4
tamhīṣu,N,overlay; overlay?,,,4
tamkīru,N,irrigated land,,,4
tammāmû,N,one who swears oaths,,,4
tarbûtu,N,novice; foster child; adoptive childhood; adoptive child,,,4
tardennītu,N,younger daughter; (woman) of second rank; (a kind of chair or stool),,,4
targumānu,N,interpreter,,,4
tarāpu,V,be(come) covered with colour; coating with; (meaning uncertain),,,4
tasniqtu,N,test,,,4
tawītu,N,response,,,4
tašrītu,N,beginning,,,4
taššītu,N,insult,,,4
tenû,N,substitute; change (of clothing),,,4
terdītu,N,addition; additional delivery; reinforcement,,,4
terhu,N,(a beer vase),,,4
tindû,N,(a lyre)?,,,4
tišû,NU,ninth; one-ninth,,,4
tuballaṣ-qinnassa,N,she ...s her rump; (a bird),,,4
tuddû,AJ,marked,,,4
tumbunātu,N,(a fatty pastry),,,4
tuptu,N,footstool; footstool?,,,4
turtu,N,turning; reversion,,,4
tusiggû,N,(a kind of soup),,,4
tālu,N,young date palm,,,4
tīb šāri,N,Rising of Wind (on liver),,,4
tīnānu,N,fig-like; (kind of apple tree),,,4
ubbulu,AJ,dried (out); parched person,,,4
ubû,N,unit; half iku,,,4
udukiutukku,N,(a kind of sacrificial sheep),,,4
ukkinnu,N,assembly,,,4
ukkudu,N,aggressive,,,4
ukû,N,(part of loom); shuttle,,,4
ullulu,AJ,purified; cleansed,,,4
ulluḫu,AJ,tufted; adorned,,,4
ulmu,N,ax; axe,,,4
ultu ullânu,AV,thereupon,,,4
ulušinmahhu,N,first-class emmer-beer; first-class emmer beer,,,4
umandu,N,(part of human insides); (a plant),,,4
umbisaggu,N,the sign UMBISAG,,,4
umunnedukku,N,letter,,,4
umunnû,N,blood,,,4
unnutu,N,faint one,,,4
unnušu,N,weakened one,,,4
unzarhu,N,(a class of person); house-born slave,,,4
unīnu,N,chest; trunk,,,4
upāṭu,N,(nasal) mucus; exudation,,,4
urqu,N,yellow-green,,,4
utemenakku,N,(a wooden object),,,4
utulgallu,N,chief herdsman,,,4
uznānātu,N,"eary (plant), phps plantain",,,4
uzun lalê,N,kid's ear (a plant),,,4
uzuntu,N,ring or attachment on implements; ring,,,4
uzuzzu,AJ,standing; present,,,4
uzzatu,N,anger,,,4
ušmedû,N,(a kind of meat)?,,,4
uḫultu,N,soda; soda ash,,,4
waššābu,N,tenant,,,4
wuššurtu,N,release; abandonment,,,4
wēdišši,AV,he/you (etc.) alone,,,4
yarru,N,pond,,,4
yarūru,N,lament,,,4
zababu,N,grain?,,,4
zabaru,N,(meaning unknown),,,4
zarbābu,N,(a drinking vessel),,,4
zarranu,N,lyre,,,4
zazû,N,the sign ZA,,,4
zaʾû,N,(aromatic)resin; (aromatic) resin,,,4
zibtu,N,(a stone),,,4
zimru,N,song,,,4
zinû,N,rib of palm-frond,,,4
ziqipta,AV,vertically,,,4
zurzu,N,sack,,,4
zāninu,AJ,providing,,,4
zāʾeru,AJ,hostile; enemy,,,4
ālittu,N,one who gives birth,,,4
ālūtu,N,of the city,,,4
āmânû,N,talker; gossiper,,,4
ē,MOD,not,,,4
ēdēnu,AJ,alone; single,,,4
ēkâ,AV,where?,,,4
ēkâ,QP,where?; wherever,,,4
ēpiru,N,provider,,,4
ša-daʾāni,AV,by force,,,4
ša-muhhi-bēti,N,overseer of the household; household overseer,,,4
ša-qašti,N,bowman; archer,,,4
ša-rēš šarri,N,royal eunuch,,,4
šaddattunu,N,stool?; (meaning unknown),,,4
šagubbu,N,(a vessel),,,4
šagû,N,the sign ŠA₃,,,4
šahahu,V,fall out; crumble,,,4
šakintu,N,(a female official); governess,,,4
šakirūtu,N,(a type of ritual equipment),,,4
šakkurû,N,drunkard,,,4
šalânū-,PRP,without,,,4
šamru,N,furious one; (a plant),,,4
šandalu,N,(a copper vessel),,,4
šapputu,N,(a pottery vessel); jar,,,4
šapītu,N,(a bird),,,4
šaqummu,AJ,quite silent,,,4
šarbillu,N,storm,,,4
šarbu,N,rainy season; cold; cold weather,,,4
šarāṣu,V,clutch?; clutching?; clutch; clutching; (meaning unknown),,,4
šassāʾu,N,shouter; wailer,,,4
šasû,AJ,shouted; read,,,4
šaṣbutu,N,supplies; preparation,,,4
šebru,N,broken one,,,4
šemēru,N,ring; shackle,HAR,,4
šengallu,N,(a cooking vessel),,,4
šešgallūtu,N,post of šešgallu,,,4
šidaḫu,N,healthy appearance?; healthy glow?,,,4
šiddatu,N,(a stand for a large vessel); meaning unknown,,,4
šihhatu,N,disintegration,,,4
šikkurratu,N,(a reed or rush),,,4
šilihtu,N,(a plant); (part of a canal); offshoot,,,4
šiliqqu,N,(a bird),,,4
šimbizidû,N,antimony paste,,,4
šinnû,AV,two each,,,4
šiqītu,N,irrigation; irrigation channel; irrigation canal,,,4
šitmāru,AJ,very wild; impetuous,,,4
šubbû,AJ,cast,,,4
šubšulu,N,heating,,,4
šuharratu,N,deathly hush,,,4
šuhhuṭu,AJ,attacked; pulsating; stripped off; torn down,,,4
šuhhû,V,have (illicit) sexual intercourse; spoil; remove; removing,,,4
šuhhû,AJ,destroyed,,,4
šuhāru,N,cultic summit building,,,4
šukbusu,N,ramp; step,,,4
šuknušu,AJ,humble,,,4
šukānu,N,ornament; burial gift; jewellery,,,4
šuluša,NU,three each,,,4
šum,N,the sign TAG,,,4
šumamtu,N,parched grain,,,4
šumēnu,N,(a stone),,,4
šumšû,AJ,made equal; decorous,,,4
šunzuru,AJ,made detestable,,,4
šupqudu,AJ,handed over; appointed,,,4
šurbu,AJ,brought in,,,4
šušlušu,N,trebled one,,,4
šušrātu,N,(a type of) leek,,,4
šušānu,N,horse-trainer,,,4
šâṭru,AJ,written,,,4
šāgigu,N,who stiffens,,,4
šāru,V,(meaning unknown),,,4
šītu,N,reins,,,4
šūdû,AJ,made known; made recognizable,,,4
šūlu,N,cough; (a demon),,,4
šūluku,N,one brought to readiness,,,4
šūnuhiš,AV,with much trouble,,,4
šūpîš,AV,in order to make apparent; openly,,,4
šūzuzu,AJ,very fierce,,,4
ūmakkal,AV,for one day,,,4
ḫabtu,AJ,robbed; taken captive,,,4
ḫalāšu,V,scrape off; scratch off,,,4
ḫarrānu,N,way; X; road,KASKAL,𒆜,4
ḫayyattu,N,(pathological) terror,,,4
ḫimṣu,N,fatty tissue; caul fat,,,4
ḫiṭītu,N,shortfall; crime; defect; sin,,,4
ḫubbu,AJ,buzz(ing); creaking,,,4
ḫuṣābu,N,twig; stick,,,4
ṣabru,N,blinker; blinking,,,4
ṣamādu,N,team,,,4
ṣanāhu,V,excrete (fluid); having diarrhoea,,,4
ṣarhu,N,hot one,,,4
ṣayyādu,N,vagrant; hunter,,,4
ṣerratān,N,(a pair of wooden objects); nose-rope,,,4
ṣililītu,N,(a bird),,,4
ṣirû,N,brim,,,4
ṣiʾûtu,N,(meaning unknown),,,4
ṣiṣṣippu,N,water-clock,,,4
ṣuhhutu,N,squeezed-eyed one; squeezed one; eye condition,,,4
ṣuhurtu,N,young,,,4
ṣummuru,N,desire,,,4
ṣû,N,(meaning unknown),,,4
ṣāpītu,N,watch-tower; (siege tower); watch-tower (for siege),,,4
ṭabāḫu,V,slaughter,,,4
ṭapāpu,V,be(come) very full; be(com)ing very full,,,4
ṭarrūtu,N,beardedness,,,4
ṭēnu,AJ,ground; milled,,,4
ṭīpu,N,addition,,,4
aban dāmi,N,(a stone),,,3
abarakkatu,N,stewardess; housekeeper,,,3
abattu,N,pebble; river-gravel; pestle,,,3
abbunnu,N,(a kind of bird),,,3
abku,AJ,thrown face down,,,3
adammû,N,conflict; battle,,,3
adi muhhi,PRP,until; to,,,3
adriš,AV,dimly; darkly,,,3
adīriš,AV,fearfully,,,3
agāmu,V,be(come) furious; be(com)ing furious; be(come furious); to be infuriated,,,3
ahurrû,AJ,junior; social inferior,,,3
akannaka,AV,there; here,,,3
akkanu,N,wild ass; (a bird),,,3
akkullānu,N,(a copper object)?; (a copper object?),,,3
akukūtu,N,firebrand; red glow,,,3
alandimmû,N,physique; (physiognomic omen series),,,3
allaku,AJ,always moving,,,3
aluzinnu,N,buffoon,,,3
alīlu,AJ,powerful,,,3
ammartu,N,overseer,,,3
ammat šarri,N,a unit of length,,,3
amrummu,N,outlet,,,3
amû,N,palate; the sign GA₂×AN,,,3
amšāli,N,yesterday,,,3
ana balāṭ,AV,within a lifetime; next year,,,3
ana kīma,PRP,like; if; as soon as; when,,,3
ana pitti,AV,accordingly,,,3
ana pānišu alāku,V,advance; grow larger,,,3
ana šum,PRP,on account of,,,3
annummiš,AV,here; hither,,,3
anumma,AV,now,,,3
anāqutu,N,she-camel,,,3
arbānu,N,(a plant),,,3
arka,AV,afterwards,EGIR,𒂕,3
arkānu,AV,later; afterwards,,,3
arurtu,N,famine; drought,,,3
atmanu,N,cella,,,3
attū-,PRP,belonging to,,,3
ayumma,XP,any; anyone,,,3
ayyaka,QP,where?,,,3
ayālu,N,ally; help,,,3
ayīlu,N,bond,,,3
azannu,N,quiver; (a type of vessel),,,3
azugallatu,N,chief physician,,,3
azû,V,sigh; ring,,,3
ašamšāniš,AV,like a dust storm,,,3
ašarettu,N,crack troops,,,3
ašratu,N,heaven; firmament,,,3
ašru,AJ,submissive; taken care of,,,3
aḫāmiš,AV,each other; one another,,,3
aṣūdu,N,(a dish of food),,,3
baddudu,V,waste; squander,,,3
bahû,AJ,thin,,,3
batqu,N,cut (off) one; damage,,,3
baštu,N,dignity; importance,,,3
baḫru,AJ,boiling hot,,,3
bibinakku,N,(a bird),,,3
biršu,N,felt; felted; (a coarse fabric),,,3
bišbišu,N,pith,,,3
biʾiltu,N,(a container),,,3
buqurrû,N,legal claim,,,3
burūmītu,N,sky-blue lapis lazuli,,,3
butiqtu,N,(water flow from) dam breach; (water-flow from) dam breach; water conduit,,,3
buʾʾu,V,seek,,,3
bâtu,V,spend the night,,,3
bāntiš,AV,like a mother,,,3
bēlet awāti,N,female litigant,,,3
bīt-rimki,N,ablution ritual,,,3
bīt-salāʾ-mê,N,(ritual of purification),,,3
daddu,N,sole,,,3
dakkannu,N,doorway?; bedroom,,,3
dakû,V,raise; mobilize,,,3
dalihtu,N,disturbance; disturbed thing,,,3
dannutu,N,fortified (place); stronghold; binding document,,,3
dapīnu,AJ,overbearing; heroic,,,3
darû,AJ,lasting (for ever); living forever; lasting,,,3
darāšu,V,trample; overthrow,,,3
derû,V,intercalate; intercalation,,,3
dimātiš,AV,like towers,,,3
dinnûtu,N,bedstead,,,3
dugsigakku,N,(a vessel),,,3
dulbu,N,plane tree; plane tree (Platanus orientalis),,,3
dullu,AJ,wandering around in despair,,,3
dulluhiš,AV,in confusion,,,3
durgallu,N,(reed) rope,,,3
dâṣu,V,treat unjustly; treating unjustly,,,3
dāwû,AJ,convulsive?; in convulsions,,,3
dēkû,N,raiser; summoner,,,3
edhu,AJ,covered with; spotted with; (meaning uncertain),,,3
edēdu,V,be(come) pointed; do something quickly; be(com)ing pointed,,,3
egru,N,transverse one,,,3
egītu,N,negligence,,,3
ellipu,N,(a plant); (meaning unknown); (a leather object),,,3
elēhu,V,strew; adorn; adorning,,,3
elēnu,PRP,above; over,,,3
elēḫu,V,strew; decorate; scatter,,,3
emṣu,N,sour one; sour beer; hungry one,,,3
engiṣu,N,(a temple cook),,,3
epellu,N,body fluid,,,3
eppešu,AJ,clever,,,3
eqīdu,N,cheese,,,3
eribîš,AV,like locusts,,,3
erimmu,N,mole (on skin),,,3
erpu,AJ,clouded; clouded over,DUNGU,,3
eršemmakku,N,(an Emesal cult lament),,,3
esēru,N,confinement; cage,,,3
etāku,V,be on guard; be alert,,,3
etēmu,V,be(come) smitten; mixing (ingredients),,,3
ešrû,N,20th day (of month),,,3
eṣpu,AJ,doubled,,,3
eṣāpu,V,double,,,3
eṭlūtu,N,manliness,,,3
eṭû,AJ,dark,,,3
gabīdu,N,liver,,,3
gabʾu,N,(mountain) pick; (mountain) peak; pit,,,3
galītu,N,deportation,,,3
gana,N,the sign GAN₂,,,3
gangannu,N,potstand,,,3
ganzer,N,underworld,,,3
garbu,AJ,leprous; leprous one,,,3
gardu,N,mangy,,,3
garû,N,cream,,,3
gazzu,AJ,shorn,,,3
gerginakku,N,library,,,3
geršippu,N,a tame bird,,,3
geršānu,N,(a kind of leek),,,3
gigû,N,the sign GI,,,3
gipšūtu,N,fullness; multitude,,,3
girûtu,N,hostility,,,3
gisandassû,N,reed figure,,,3
gizinakku,N,offering place for Sin,,,3
gizzu,N,shearing,,,3
gubbuhu,AJ,bald,,,3
gubibātu,N,roasted grain,,,3
gubru,N,(a kind of lance),,,3
gugguru,N,(a clay vessel),,,3
gulbūtu,N,(a kind of cereal); (a kind of legume),,,3
gullutu,AJ,frightened,,,3
gungulīpu,N,(camel's) hump,,,3
gurrudu,AJ,mangy; bald,,,3
gurābu,N,sack; wrapping,,,3
gutappû,N,(part of a donkey harness),,,3
gīriš,AV,like Gira; like fire; like fire(-god),,,3
gūru,N,foliage,,,3
habību,N,happy hubbub; gossip; murmurer,,,3
hahhašu,AJ,hot; burning (with fever),,,3
halbukkatu,N,(a plant),,,3
hamru,N,"holy place; chosen one; holy place (of Adad, Aššur)",,,3
hanšu,AJ,submissive,,,3
hargallu,N,locking ring; clasp,,,3
harhasannu,N,"(outer) ear; pelvis, pelvic girdle?",,,3
harziqqu,N,(a ring with inset stone),,,3
hasarratu,N,(a kind of grass),,,3
hawû,V,howl; growling; howling; howl?; howling?,,,3
hazannūtu,N,office of mayor,,,3
hašūtu,N,lung,,,3
haṭû,AJ,defective; malign; sinful,,,3
hiburnu,N,(a grain-container),,,3
hublillu,N,(a kind of grain),,,3
huluppaqqu,N,(a vessel); brazier,,,3
humīru,N,lump?,,,3
hurrupu,AJ,(very) early?; fresh?,,,3
husû,N,(a kind of owl),,,3
hušê,N,(metal) scraps; scrap metal,,,3
hērû,N,digger,,,3
idi ana idi,PRP,on each side,,,3
igibû,N,reciprocal of reciprocal; reciprocal,IGI.BI,𒅆𒁉,3
ildakku,N,(a type of poplar),,,3
illandû,N,trap,,,3
illurê,J,(an exclamation),,,3
iltappu,N,loincloth,,,3
immertu,N,ewe,,,3
imnû,AJ,(lying) on the right; right side; right-handed person,DA.ZI.DA.AN.NI,𒁕𒍣𒁕𒀭𒉌,3
ina harammāma,AV,later,,,3
ina kūm,PRP,instead of,,,3
ina libbi mīni,QP,why?; by what means?,,,3
ina matimeni,AV,ever,,,3
ina šalšūmi,AV,the day before yesterday,,,3
inimmû,N,word,,,3
iptennu,N,meal(-time),,,3
itirtu,N,(a milk product),,,3
ittī,AV,in addition; on top of that,,,3
ittīlimūt,N,he lay down and died; owl,,,3
itūdu,AJ,attentive,,,3
ištu annaka,AV,from here,,,3
ištu haramme,AV,recently,,,3
ištuhhu,N,whip,,,3
ištēnšerû,AJ,eleventh,,,3
iṣ pišri,N,magic staff; tree-of-releasing,,,3
iṣṣūru rabiu,N,duck,,,3
kabburu,AJ,very thick; thick,,,3
kabrūtu,N,thickness,,,3
kadāru,V,rear up; rising in opposition; delimit; labour; toil,,,3
kakkabtu,N,star,,,3
kal ūme,AV,all day,,,3
kalūmiš,AV,like lambs,,,3
kalṣu,N,contracted one; impotent one,,,3
kamantu,N,(an edible plant); (a medicinal plant),,,3
kamullu,N,(a plant),,,3
kanagurru,N,(a circular threshing-floor path),,,3
kandurû,N,(designation of terrain); a vessel,,,3
kannušu,AJ,assembled; gathered in; harvested,,,3
kanzūzu,N,gums; chin,,,3
karintu,N,(meaning unknown),,,3
karriru,N,(a criminal),,,3
karānû,AJ,(red) wine-coloured,,,3
karāsu,V,tie up; tying up,,,3
karšānû,AJ,(designation of bison); with a large belly,,,3
kasītu,N,(magical) constraint; binding,,,3
kasīyā,N,(a plant),,,3
katammu,N,lid; wooden cover,,,3
katappātu,N,(part of an animal's breast),,,3
kašāpu,V,cast spells; bewitch,,,3
kaṣāṣu,N,rain; rain?,,,3
kerşu,N,pinched-off piece,,,3
kezēru,V,give someone a (special kind of) hair-do; giving someone a (special kind of) hair-do,,,3
kešed,N,the sign KEŠ₂,,,3
kibrāt erbetti,N,four edges (of the world),,,3
kibšu,N,(a bird),,,3
kidinnû,N,protégé(e); protégé,,,3
kiksu,N,splinter of wood; splinter,,,3
killu,N,meaning unclear,,,3
kilsukku,N,(part of plough); (part of a plough),,,3
kimkimmu,N,wrist (joint),,,3
kirru,N,(a big jar),,,3
kirādu,N,(leather container),,,3
kisiggû,N,funerary offerings,,,3
kitītu,N,linen robe,,,3
kiššanu,N,(a leguminous vegetable),,,3
kiṣir libbi,N,anger,,,3
kiṣṣuru,AJ,interlocked; entwined; gird with,,,3
kubtu,N,lump,,,3
kubuttû,N,abundance; abundant wealth,,,3
kulmašītu,N,(a cultic prostitute),,,3
kungu,N,(a kind of rush),,,3
kunninu,N,(a basin for liquid); (a basin for liquids),,,3
kunnû,N,cared for one; well-finished one,,,3
kuriu,AJ,short,,,3
kurkurrānu,N,(designation of a sheep),,,3
kurādu,N,(an implement),,,3
kutum libbi,N,stomach tissue,,,3
kutummu,N,cover(ing),,,3
kuṣīmu,N,(a bent stick); hatchet,,,3
kuṣṣu,N,coldness,,,3
kīdānu,N,outside,,,3
kīnūtu,N,loyalty; righteousness; trust,,,3
lahiyānātu,N,(a kind of shell),,,3
lakādu,V,run; running,,,3
lallaru,N,(professional) mourner; wailer; mourner,,,3
lalânû,AJ,flourishing; luxuriant,,,3
laptānû,AJ,turnip-coloured,,,3
lašû,N,(part of body),,,3
laʾšu,AJ,polluted; bothered,,,3
laḫābu,V,rumble; growl,,,3
lezû,V,continue; continuing,,,3
leʾû,AJ,powerful; competent,,,3
libba našû,V,wish; desire,,,3
lihšu,N,whisper(ing); whispering,,,3
liligû,N,colocynth,,,3
lipi magarri,N,axle grease,,,3
lubbušu,AJ,clothed; dressed,,,3
lubussu,N,clothing; clothes,,,3
lugalaraussû,N,(a royal retainer),,,3
luhhumu,AJ,with long-haired coat,,,3
lullubūtu,N,(a plant),,,3
lulmû,N,earring; type of metal?,,,3
lummakku,N,(a minor priest),,,3
lumā,MOD,meaning unknown,,,3
lurmû,N,pomegranate,,,3
luʾʾubu,AJ,infected,,,3
lāʾiriānu,N,standing water,,,3
madāru,V,(meaning unknown); flooding?,,,3
magguru,V,tear down,,,3
magrû,N,insulting one,,,3
magurgurru,N,ark,,,3
mahhalu,N,(a basket or box),,,3
mahhu,AJ,soaked; swollen; exalted,,,3
mahriš,AV,in front; in front of,,,3
maksû,N,(medical) bandage,,,3
malātu,V,meaning unknown; tearing off,,,3
mamma,XP,somebody; anyone,,,3
mammû,N,frost; ice,,,3
mandattu,N,payment; tribute,,,3
mandītu,N,surprise (attack); surprise attack; warrant,,,3
mangāru,N,(a large basket),,,3
marqu,AJ,ground,,,3
maru,N,son,,,3
masdaru,N,duration; permanence; (a knife)?,,,3
masiktu,N,badness,,,3
maturru,N,(little) boat,,,3
matēma,AV,ever,,,3
mazāqu,V,suck; suck out,,,3
mašgubbu,N,sexually mature goat,,,3
maštu,N,(an itching skin condition),,,3
mašāšu,V,wipe off; wipe clean,,,3
mašīhu,N,measure,,,3
maššartu,N,deduction; @i{maššartu}-delivery,,,3
mašʾu,AJ,taken by force; destitute; robbed,,,3
maʾādu,V,be(come) many; amass; making more numerous,,,3
maḫru,AJ,received,,,3
maḫrû,AJ,first; previously; older,,,3
mehratu,N,copy; likeness,,,3
merītu,N,pasture,,,3
mihhu,N,(a type of beer),,,3
mimmāmu,XP,everything,,,3
minduhru,N,residue,,,3
mitgurtu,N,agreement,,,3
mitguru,AJ,agreeing; (previously) agreed; agreed,,,3
mudeššû,N,life-giver; one who supplies copiously; provider,,,3
muhammiṣu,N,one who strips,,,3
mukabbû,N,stitcher; tailor,,,3
mukanzibtu,N,(a water clock),,,3
mulabbiru,N,one who makes lasting,,,3
munabbû,N,(a lamentation priest),,,3
muparku,N,one who places athwart; one who puts something in opposition,,,3
muqqu,N,weakened one,,,3
murakkisu,N,binder of sheaves,,,3
murriku,N,one who lengthens; one who makes long,,,3
murīšu,N,one who gives cause for rejoicing; one who makes exult,,,3
musallimtu,N,one who reconciles,,,3
musallitu,N,one who slits,,,3
musku,N,something bad?; (a tree),,,3
mutaqqinu,N,one who puts in order,,,3
muttakpu,AJ,goring,,,3
muttalliktu,N,regularly moving; rails; course; way,,,3
muttaprišu,N,flying one,,,3
muttašrabbiṭu,N,drifter; drifting about,,,3
muttaššû,N,one who supports,,,3
mutēr gimilli,N,avenger,,,3
mutūtu,N,status of husband; manliness,,,3
muzaʾʾizu,N,one who divides,,,3
mušabšû,N,one who calls into existence; creator,,,3
mušaddilu,N,one who expands something,,,3
mušakmisu,N,one who makes someone kneel,,,3
mušakṣiru,N,one who organizes; one who causes to organize,,,3
mušalqû,N,one who causes to take; one who brings,,,3
mušamhiṣu,N,inciter to fight; instigator; troublemaker,,,3
mušannû,N,meaning unknown; one who repeats,,,3
mušaqqiru,N,that which pierces,,,3
mušardû,AJ,leaking,,,3
mušihhu,N,(water-clock); (a water-clock); (awater-clock),,,3
mušnammiru,N,illuminator,,,3
mušparzihu,N,one who makes abundant,,,3
muštapiku,N,one who piles up,,,3
muštaškinu,N,designation of god; potter's tool,,,3
muštaʾʾû,AJ,idle; at leisure,,,3
mušātiru,N,one who expands,,,3
muššuru,AJ,exempt; abandoned,,,3
muṣabbitu,N,one who seizes,,,3
muṣṣāltu,N,"(a term for the gall bladder); (a mineral); (a term for the gall bladder, perhaps) gallstone",,,3
māgiru,AJ,submissive; obedient (person),,,3
mākālû,N,meal,,,3
mānahu,N,earnings; hard labour,,,3
mār ahāti,N,sisterʾs son; nephew,,,3
mēleṣu,N,excitement; joy,,,3
mūdûtu,N,knowledge,,,3
nabrû,N,(a copper vessel)?; (part of plough),,,3
nabāsiš,AV,like red wool,,,3
nahbû,N,(a drinking vessel),,,3
nahbātu,N,(a leather or reed carrying-case),,,3
nahlu,N,stream; wadi,,,3
naklu,AV,skilful; elaborate,,,3
naktamtu,N,"cover; cover, lid",,,3
nalbubu,AJ,furious,,,3
nalāšu,V,(fall as) dew; (falling as) dew,,,3
nammušīšu,AJ,mobile; dead,,,3
namruqqu,N,(medical plant); (a medicinal plant),,,3
namsuhu,N,crocodile,,,3
namurru,AJ,awe-inspiringly radiant,,,3
naparqudu,V,lie on someone's back; lie down; lie on one's back,,,3
napdû,N,"fastening (rope, band?)",,,3
naprahtu,N,(a fermenting vessel),,,3
napû,N,sieved one; sieved,,,3
napādiš,AV,for the purpose of separating,,,3
napāgu,V,go into hiding; going into hiding,,,3
napḫu,AJ,blown on; kindled; risen,,,3
naqdu,N,one in critical state,,,3
naqrabu,N,closeness; fight(ing zone),,,3
narpasu,N,threshing shovel?; threshing shovel; shovel,,,3
narqītu,N,perfume; place of refuge,,,3
nashapu,N,(a basket),,,3
natallu,N,(part of the body),,,3
nattullu,N,(part of harness); donkey harness,,,3
nazarbubu,V,(tremble with) rage; (trembling with) rage; to tremble with rage,,,3
nazru,AJ,cursed; malicious,,,3
našbaṭu,N,trimmed palm-frond; palm branch,,,3
naṣbaru,N,(a door mounting),,,3
naṣpadu,N,floating rib of a sheep,,,3
naṭpu,AJ,torn out; (meaning unknown),,,3
nekelmû,AJ,frowning,,,3
nepṣû,N,(an intestinal illness),,,3
nešmû,N,hearing,,,3
nikittu,N,anxiety,,,3
nindû,AJ,known; knowledgeable,,,3
nipṣu,N,smashing,,,3
nisḫu,N,extract(ion); extract,,,3
niāru,N,papyrus,,,3
niʾšu,N,difficulty in breathing,,,3
nuggatu,N,rage,,,3
nuḫšu,N,abundance,,,3
nādintu,N,giver,,,3
nārūtu,N,profession of musician,,,3
nēmel,SBJ,because,,,3
nērebtu,N,entrance; pass,,,3
nēru,N,(dimension of a field); (a bird); (a bird?),,,3
nīpu,N,dried wood,,,3
nūbu,N,(a cucurbitaceous plant),,,3
palḫu,AJ,fearful; frightened,,,3
panû,V,face; go in front; proceed,,,3
parasrab,N,five-sixths,,,3
parriktu,N,strut; crossbar,,,3
paruššu,N,(a sharp stick); goad,,,3
pasehtu,N,(part of) the intestines; (part of) the intestine,,,3
passu,AJ,erased,,,3
passurtu,N,message; good news,,,3
pasāmu,V,veil; veiling,,,3
pattû,AJ,open(ed); dismissed,,,3
pašku,N,(a bird),,,3
piqtatti,AV,perhaps; surely,,,3
piriggunû,N,(a coloured stone),,,3
piriku,N,chatterer,,,3
pisnuqu,AJ,feeble,,,3
purdātu,N,(gem-stones)?,,,3
purruru,AJ,scattered,,,3
pursāsu,N,(rear) lock of hair,,,3
pusummu,N,veil; veiled one,,,3
putru,N,animal droppings,,,3
puššuṭu,AJ,erased,,,3
puʾē,N,chaff; hay,,,3
puṭāru,N,grazing bull?,,,3
pāliku,N,divider?; one who processes textiles,,,3
pān šatti,N,spring,,,3
pāṭiru,N,releaser,,,3
qabūtu,N,bowl,,,3
qadmu,N,pre-eminent one?; former time,,,3
qan ṭuppi,N,stylus,GI.DUB.BA.A,𒄀𒁾𒁀𒀀,3
qarhu,N,ice,,,3
qatānu,V,be(come) thin; make thin,,,3
qatāpu,V,pluck; pluck off,,,3
qaššu,AJ,holy,,,3
qaṭû,V,come up; approach,,,3
qebru,AJ,buried,,,3
qenû,V,be(come) jealous,,,3
qiddat ūmi,N,evening,,,3
qiddu,N,vault (of sky),,,3
qitrubu,AJ,close together,,,3
qubūru,N,grave; burial place,,,3
qudmû,AJ,primordial,,,3
qumāru,N,shoulder,,,3
qurunniš,AV,into a heap,,,3
qûʾiš,AV,like threads,,,3
qāt māmīti,N,(a disease),,,3
qība šakānu,V,make statement; make prediction,,,3
rab bīrti,N,fort commander,,,3
rabbu,AJ,soft; gentle,,,3
rabûtu,N,greatness,,,3
rabūtešu,AV,for the fourth time,,,3
rabṣu,N,recumbent one,,,3
rakkabu,N,sailor; ready to mount (sexually),,,3
ramāṣu,V,enclose; mounting?; enclosing,,,3
raqû,AJ,hidden,,,3
ratātu,V,tremble,,,3
rašdu,AJ,firmly founded,,,3
raṭbu,N,damp one; trim,,,3
redîš,AV,in succession,,,3
ribku,N,concoction; infusion,,,3
ritkubu,N,copulating with each other; copulating,,,3
ritmuku,AJ,bathed,,,3
ruppušu,AJ,very wide,,,3
ruššušu,AJ,heated up; incensed,,,3
ruṣṣunu,AJ,loud-voiced; beautiful?; loud-voiced?,,,3
rādi kibsi,N,tracker,,,3
rāhû,N,pourer; inseminator; inseminating,,,3
rāmimu,N,roarer,,,3
rāqūtē-,N,emptiness; empty-handed,,,3
rāʾimānu,N,one who loves,,,3
rēhu,N,rest; remainder; remaining,,,3
rēš eqli,N,destination,,,3
rēša šuqqû,V,support,,,3
sadāhu,V,unknown meaning,,,3
salû,AJ,sick; despised,,,3
samahhu,N,(net)?; (a net)?; (a net),,,3
samhu,AJ,mixed; assorted?,,,3
samānû,NU,eighth; one-eighth,,,3
sanānu,V,(meaning unknown); making flow in channel?; making flow,,,3
sapādu,V,mourn; mourning,,,3
sarmāʾu,N,(fore)arm; yoke,,,3
sassaptu,N,eyelashes,,,3
saʾuru,N,(an ornament),,,3
sepīru,N,parchment scribe; interpreter scribe (of Aramaic),,,3
sikarû,N,(palm-bark spikes)?,,,3
sillatu,N,(a type of) shell,,,3
silʾu,N,sprinkling; lustration,,,3
simkurru,N,(a hunted animal),,,3
sinniltu,N,woman,,,3
sinnurbû,N,weak-sighted person?; weak-sighted person,,,3
sisȗ,N,horse,KUR,𒆳,3
siāmu,V,be red; dye red; be(come) red,,,3
subbutu,NU,one seventh,,,3
summuhu,AJ,mixed; various; miscellaneous,,,3
suparinnu,N,(a bronze object),,,3
suʾālu,N,cough; phlegm,BAR.ZI.LUH,𒁇𒍣𒈛,3
sāhiru,AJ,convoluted; turning,,,3
sākipu,N,pusher away; one who overthrows,,,3
sāḫiru,N,turning; sorcerer,,,3
sīku,N,powder,KU.KU,𒆪𒆪,3
tabrību,N,red wool,,,3
tabāštānu,N,excrement,,,3
takkittu,N,(a leather object),,,3
takṣâtu,N,cold weather; frost; cooling?,,,3
tallulu,AJ,equipped; laid,,,3
talʾītu,N,ointment dressing; (absorptive) dressing,,,3
tamhuṣu,N,battle; clash,,,3
tamirtu,N,(a type of) meadow; meadow,,,3
tangagtu,N,(a knife?),,,3
tappištu,N,plucking (of wool),,,3
tapzertu,N,concealment,,,3
tarabānu,N,(a plant),,,3
tarbû,N,alumnus; trainee; apprentice,,,3
tardennu,N,secondary one; secondary meal; second(ary) one,,,3
tarmīku,N,(a tree seedling),,,3
taslimtu,N,(re)conciliation; malicious talk,,,3
tattūru,N,superfluity; profit,,,3
tašnû,N,repetition; tongs?,,,3
teknītu,N,loving care,,,3
temru,AJ,buried; covered; sunken,,,3
tibbutti eqli,N,field-drum (a plant); 'field-drum'-plant,,,3
tikātu,N,(meaning unknown),,,3
tilimtu,N,(a drinking vessel),,,3
tilmuttu,N,(a musical instrument),,,3
titennu,N,hay fork,,,3
titurru,N,bridge,,,3
titāpû,N,beer mash,,,3
tubku,N,ruin heap; (ruin) heap,,,3
tublu,N,foundation trench; pilaster,,,3
tugāru,N,deposited material,,,3
tuklu,N,help,,,3
tumāru,N,textile,,,3
tuniqānu,N,(a shorn sheep),,,3
tuqnu,N,(meaning unknown); good order,,,3
turruṣu,AJ,directed; pointing; (meaning uncertain),,,3
tâmû,N,(type of apple-like tree); (a type of apple-like tree),,,3
tānēḫu,N,moaning; sigh,,,3
tāwītu,N,response; (malicious) speech; response (to omen query); (a type of sheep); oracle query,,,3
tūamu,N,twin,,,3
ubbubu,AJ,cleansed,,,3
ubbutu,AJ,completely destroyed,,,3
uddulu,AJ,shut; locked,,,3
uduggu,N,the sign ŠITA₂,,,3
uhhurtu,N,rear bar; grammatical term; rear bar under chariot,,,3
uhummu,N,mountain,,,3
ukkudu,AJ,(physically handicapped),,,3
ukurbalû,N,(a vinegar jar); vinegar jar,,,3
ullîš,AV,at that place; over there; later,,,3
ullû,AJ,exalted; very high; very tall,,,3
ullūtu,N,garrison; levied troops,,,3
umma,AV,saying,,,3
ummultu,N,sparkling one; (a designation for beds),,,3
umunnu,N,the sign IMIN,,,3
uppû,N,(a bird),,,3
uqquru,N,(a handicapped person); with twisted (feet),,,3
uqūpu,N,(a kind of monkey),,,3
urdu ēkalli,N,palace servant,,,3
urdānūtu,N,servitude,,,3
urrû,AJ,trimmed,,,3
urummu,N,(meaning unknown),,,3
urzababītu,N,(a lyre)?,,,3
usmû,N,two-faced being,,,3
ussulu,N,crippled one; paralyzed one,,,3
utlu,N,lap,,,3
ušuzzu,AJ,standing,,,3
uʾʾurtu,N,commission; behest; order,,,3
uḫulgallu,N,unfavourable day; evil day,,,3
wāšibtu,N,inhabitant; attender,,,3
yarahhu,N,(a kind of good quality grain),,,3
yāruttu,N,(a bush); aromatic substance from it,,,3
zahaṭû,N,battle-axe,,,3
zammāru,N,singer,,,3
zaqtu,N,pointed one; person with ziqtu disease,,,3
zarû,N,shaft,,,3
zazakku,N,(a registry official),DUB.SAR.ZAG.GA,𒁾𒊬𒍠𒂵,3
zihhu,N,(a mark on the liver); a mark on the liver,,,3
zilullû,N,vagrant,,,3
ziqittu,N,young cattle,,,3
zukkû,AJ,purified,,,3
zērūtu,N,hatred,,,3
zēʾirānu,N,enemy,,,3
zūqutu,N,(a small metal dish),,,3
âdu,V,take notice of; inform,,,3
āribu,N,raven,,,3
ēdānīu,AJ,single; lone horse,,,3
ēkīam,AV,where?,,,3
ēqūtu,N,(a cultic practice),,,3
ēru,AJ,awake,,,3
ēṭiru,N,saviour,KAR,,3
ša bīt ṣibitti,N,prisoner,,,3
ša-bēti-šanie,N,domestic servant,,,3
ša-huṭāri,N,staff-bearer,,,3
ša-muhhi-bīti,N,overseer of the household,,,3
ša-šēpi,N,(kingʾs) personal guard,,,3
šabābu,V,glow; glowing,,,3
šaddihu,AJ,far-reaching,,,3
šaggāšu,N,murderer,,,3
šaglû,AJ,deported; deportee,,,3
šagšu,N,slain one,,,3
šahappu,N,(a fish),,,3
šahhītu,N,provided with sails one; sailing boat,,,3
šahrartu,N,devastation,,,3
šahānu,V,be(come) hot; being hot; heat up,,,3
šahšahhu,N,slanderer; (a disease),,,3
šakin ṭēmi,N,(a minor administrator); provincial governot,,,3
šakkulu,V,wipe,,,3
šakāru,V,be(come) drunk; being drunk,,,3
šakṣu,AJ,scowling,,,3
šallutu,N,booty; captives,,,3
šaluššēni,AV,the year before last,,,3
šalāšû,N,thirtieth day of the month; thirtieth,,,3
šalāšû,NU,thirtieth day of month; thirtieth day of the month,,,3
šalšatu,NU,third,,,3
šalṭu,AJ,authoritative; authorized,,,3
šamnu ṭābu,N,sweet-scented oil,,,3
šamšatu,N,(sun-)disc; sun disc,,,3
šanduppu,N,ring; (an ornament); (an ornamental ring in stone),,,3
šannu,AJ,rivalled; rivalling; equal,,,3
šanûtī-,AV,for the second time,,,3
šanāṣu,V,sneer; sneering,,,3
šaplīu,AJ,lower,,,3
šapātu,V,be(come) malicious; be(com)ing malicious,,,3
šarbû,N,rabid one,,,3
šarhullu,N,(a metal implement); (a metal object),,,3
šarrû,V,begin; start,,,3
šarābu,V,wander about; wandering about,,,3
šatqu,AJ,cracked; split,,,3
šatti,AV,therefore; thereupon,,,3
šeleppāyu,N,(a type of craftsman); architect,,,3
šeššig,AJ,sign with added cross-hatching,,,3
šeʾtu,N,mattress,,,3
šibiṭ šāri,N,(a disease),,,3
šihiṭ šamši,N,sunrise,,,3
šihlu,AJ,second-rate,,,3
šikkūtu,N,string of beads,,,3
šinūnūtu,N,(type of) swallow; swallow,,,3
šipassu,N,clay sealing; sealed bulla,,,3
šipšatu,N,(length of) wood; beam?,,,3
šitiptu,N,excision?,,,3
šitnuntu,N,combat,,,3
šitpuru,V,outfit; outfitting,,,3
šitpuṣu,AJ,quarrelsome,,,3
šišnu,N,(a grass),,,3
šiššu,N,silence,,,3
šuhnu,N,heat,,,3
šukbutu,AJ,made heavy,,,3
šukāmu,N,scribal art,,,3
šullāmu,N,(a type of horse),,,3
šuluṭṭu,N,(a preparation of aromatics),,,3
Šumeru,N,Sumerian language; Sumerian (language); Sumerian,,,3
šunuʾtu,N,two(-animal) plough,,,3
šupuḫru,N,(a variety or part of the cedar),,,3
šupšuhu,AJ,relaxed,,,3
šupšuqiš,AV,very laboriously,,,3
šurdû,AJ,allowed to flow; flowing; allow to flow; overflowing,,,3
šurru,AJ,bowing oneself down; descending,,,3
šuzuzzu,AJ,caused to stand up; forced to endure; stationed,,,3
šuʾillû,N,(a ritual object),,,3
šêru,V,rise early; rising early; do something in the morning,,,3
šābulu,N,dried one,,,3
šēlu,AJ,sharpened,,,3
šēlūʾutu,N,upward consignment; scum,,,3
šūhuzu,AJ,caused to seize; instructed,,,3
šūṣû,AJ,made to leave; revealed; protrduing; brought out,,,3
ūm eššēši,N,(a feast day),,,3
ūm mašil,N,midday,,,3
ḫabālu,V,do wrong; be(come) harmed; be(come) wronged,,,3
ḫašḫūrakku,N,'apple' bush; 'apple'-bush,,,3
ḫīqu,AJ,mixed; diluted beer,,,3
ṣabābu,V,flutter (about); care for; teaching (fledglings) to spread (wings),,,3
ṣabību,N,(a wooden object),,,3
ṣalpu,AJ,sliced; crooked; wicked,,,3
ṣalāpu,V,cut (at an angle); cutting (at an angle); crossing out,,,3
ṣelû,V,insult; betray; ignite; burning,,,3
ṣemru,AJ,swollen,,,3
ṣemēru,V,swell up; swelling up,,,3
ṣimertu,N,swollen state; distension,,,3
ṣudduru,AJ,squinting,,,3
ṣurhu,N,heat,,,3
ṣurrupu,AJ,crying out loudly; refined; burnt; dark red,,,3
ṣurrānītu,N,ṣurru-like stone,,,3
ṣālilu,AJ,sleeping; resting,,,3
ṣēlû,AJ,"on its side; on its side, sideways",,,3
ṣēlānû,AJ,with prominent ribs,,,3
ṭaplu,N,slandered one,,,3
ṭapāru,V,press towards; drive away; drive off,,,3
ṭarīdūtu,N,condition of fugitive,KUR,𒆳,3
ṭebû,AJ,sunken,,,3
ṭibhu,N,(meaning uncertain); (object on wheel),,,3
ṭubbuhu,AJ,slaughtered,,,3
ṭupullû,N,slander,,,3
ṭēmūtu,N,of order,,,3
ṭīru,N,(a kind of tree or shrub); (kind of tree or shrub),,,3
aban tasniqti,N,touchstone,,,2
aban zuqiqīpi,N,(a precious stone),,,2
aban-ṣerri-peṣû,N,white 'snake stone',,,2
abati,N,(meaning unknown),,,2
abbuttānu,N,wearer of abbuttu hair-style; (a fish),,,2
abriš,AV,like a stack of wood,,,2
adarburtu,N,(a bird),,,2
adi libbi,PRP,until,,,2
adi mati,QP,how long?,,,2
agadibbu,N,hand seeder-plough,,,2
agargarītu,N,(a mineral),,,2
aggu,N,furious one; fury,,,2
agru,AJ,hired,,,2
agugiltu,N,sorceress; (a type of witch),,,2
ah abi,N,uncle,,,2
ahamma,AV,apart,,,2
ahrûtu,N,descendants,,,2
ahû,V,fraternize; fraternizing,,,2
akiltu,N,expended goods; consumption,,,2
Akkadû,N,Akkadian language,,,2
akkilu,N,eater,,,2
akûtu,N,disablement; state of being crippled,,,2
akīlu,N,eater,,,2
alahhinu,N,miller?,,,2
alamgû,N,seal-cutter,,,2
alapû,N,(an aquatic plant),,,2
allakkāniš,N,Kaniš-oak,,,2
allallu,AJ,powerful; brave,,,2
almīn,AV,without number,,,2
alūtu,N,(a kind of soup),,,2
amahhu,N,enceinte; city wall,,,2
amaluktu,N,(a cultic functionary),,,2
amandēnu,N,(a farm tool),,,2
amhara,N,(a medicinal plant),,,2
amišu,N,enemy,,,2
ammûri,AV,at that time; likewise,,,2
ammīni,QP,why?,,,2
amrû,N,beam; timber,,,2
amīru,N,obstruction of the ear one,,,2
amšāla,AV,yesterday,,,2
amšāli,AV,yesterday,,,2
ana mala,AV,altogether; utterly,,,2
ana surri,AV,forthwith,,,2
andurunna,N,heavenly abode,,,2
anhu,N,tired one; dilapidated section(s),,,2
annikīam,AV,here,,,2
ansamullu,N,(a class of person),,,2
antu,N,ear of barley,,,2
Anu,DN,1,,,2
anubu,N,(unknown meaning),,,2
anummīkê,AV,there,,,2
apiš,AV,like reed-beds; like reeds,,,2
appatiš,AV,as with a bridle,,,2
aqru,AJ,rare,,,2
arariyānu,N,(a plant),,,2
arattû,N,(a kind of throne),,,2
Arbail,SN,Arbela,,,2
arbīšu,AV,four times,,,2
argukku,N,roller,,,2
arhānû,N,(an intestinal disorder),,,2
ariḫu,N,(a plant); (a kind of milkweed),,,2
arkabinnu,N,half-door,,,2
arkillaya,N,(an animal figure)?,,,2
arkillâ,N,(animal figure)?; (an animal figure)?,,,2
arku,N,long one,,,2
arnabanu,N,type of wine?,,,2
arraku,AJ,very long,,,2
arwiu,N,male gazelle,,,2
arû,AJ,pregnant,,,2
arāqu,V,be(come) green-yellow; be(come) pale,,,2
arāru,N,curse; curser,,,2
arūtu,N,(clay) pipe,,,2
asmātu,N,(a type of horse trappings),,,2
assaru,N,charioteer,,,2
atnu,N,prayer,,,2
atti,IP,you (f.),,,2
attimannu,XP,whoever you are,,,2
awīl narkabti,N,charioteer,,,2
ayalum,N,(a special cubit measure),,,2
ayyarahi,N,gold,,,2
ayyaʾūtu,N,function of the goddess Aya,,,2
ayyiš,QP,where?,,,2
ayyānu,QP,where?,,,2
azal,N,(meaning unknown),,,2
azangunû,N,(a bird),,,2
azibatu,N,help,,,2
azugallu,N,chief physician,A.ZU.GAL,𒀀𒍪𒃲,2
azupuru,N,(a medicinal plant),,,2
azuru,N,meaning unknown,,,2
ašarēdūta alāku,V,take first place,,,2
ašnu,N,(a bowl); cup,,,2
ašû,AJ,distinguished,,,2
aššišu,N,ordered one?,,,2
āriru,N,miller,,,2
aḫê,AV,separately,,,2
aṣābu,V,add,,,2
badāmu,V,(meaning unknown),,,2
bahû,V,be(come) thin; be(com)ing thin,,,2
bakkītu,N,wailing woman,,,2
balaggu,N,the sign BALAG,,,2
balû,V,extinguish; exterminating,,,2
banûtu,N,distinction; beauty,,,2
baqālu,V,malt; malting,,,2
barbartu,N,she-wolf,,,2
barumtu,N,coloured wool,,,2
bayyātu,N,nocturnal offering ritual,,,2
bašītu,N,what is present; goods,,,2
baʾāšu,V,smell bad; besmirch,,,2
baʾūlu,AJ,great; very large?,,,2
berîš,AV,in hunger,,,2
berû,N,hungry one,,,2
berûtu,N,hunger; starvation,,,2
bibītu,N,(a demon or disease),,,2
birhu,N,(meaning unknown),,,2
birihhu,N,string,,,2
birmu,AJ,multicoloured,,,2
birûtu,N,divination,,,2
bitru,N,(meaning uncertain),,,2
bitrumu,AJ,very colourful; piebald,,,2
buhru,AJ,cooked state,,,2
buhru,N,cooked state; hot dish,,,2
bulīli,N,(a species of crested bird),,,2
buppāni,AV,face down,,,2
burallu,N,(a stone object); beryl,,,2
burbāni,N,(meaning unknown),,,2
BurDama,N,(a plant),,,2
burmu,N,colour(ed) part,,,2
buršašillu,N,(a stone bowl); (a stone),,,2
bussuru,AJ,reported,,,2
butinnu,N,button,,,2
butuqqû,N,loss(es),,,2
bušālu,N,what has been cooked,,,2
bâšu,AJ,ashamed,,,2
BÍL.LÁ,N,(meaning unknown),,,2
bābānu,AV,at the gate; outside,,,2
bānû,AJ,creator,,,2
bēl egerrî,N,male slanderer,,,2
bēl nakri,N,enemy,,,2
bēl ṣāssi,N,legal opponent; opponent,,,2
bēlet dīni,N,female accuser,,,2
bēlet egerrî,N,female slanderer,,,2
bēlet lemutti,N,female adversary,,,2
bēt dūri,N,fortified site,,,2
bēt kāri,N,port of trade,,,2
bēt mardīti,N,road station,,,2
bēt rimki,N,ablution ritual; ablution chamber,,,2
bēšu,N,far apart one,,,2
bīdiya,AV,with my (own) hand,,,2
bīt kimahhi,N,burial chamber,,,2
bīt kunukki,N,sealed storeroom,,,2
bīt mayyāli,N,bedroom,,,2
bīt musâte,N,lavatory,,,2
bīt rēʾî,N,shepherd's hut,,,2
bīt-rēdûti,N,succession palace,,,2
bītanû,N,inner; interior,,,2
dabûiš,AV,like a bear,,,2
dahru,N,angry one,,,2
dahru,AJ,angry,,,2
dakiu,AJ,raised; mobilized,,,2
dakāšu,V,press in; pressing in,,,2
dalpu,N,sleepless one; (designation of gold),,,2
dalāmu,N,(designation of the underworld)?,,,2
damiqtu,AJ,good,,,2
dannat kūṣi,N,depth of winter,,,2
dannina,N,nether world,,,2
dappānu,N,warlike one,,,2
dayyaltu,N,(hunting) foray,,,2
dayyiqu,N,siege wall(s),,,2
dayyānūtu,N,judicature,,,2
dayāltu,N,(hunting) foray; raid; (synodic) revolution,,,2
dibdibbu,N,waterclock,,,2
digir,N,the sign AN,,,2
digirû,N,god,,,2
dilpu,N,effort,,,2
dilu,N,(meaning unknown),,,2
dimmatu,N,wailing,,,2
dimmu,N,the sign DIM; the sign PAP.PAP,,,2
diqārūtu,N,(a small bowl),,,2
dirratu,N,lash (of whip),,,2
dišarru,N,oats,,,2
dukdu,N,(kind of nuts); pistachio nuts,,,2
dukkumu,AJ,worn down,,,2
duluhhû,N,disturbance,,,2
dumāqī,N,jewellery,,,2
dunsānu,N,(a vessel),,,2
duppuru,AJ,moved away,,,2
durdû,N,goddess,,,2
durāʾu,N,arm,,,2
dušû̂,N,quartz,,,2
duāru,V,surround; encircle,,,2
duʾʾumu,N,very dark one,,,2
dâdānu,N,tendon of the neck,,,2
dêpu,V,lay the warp; laying the warp,,,2
DÍDA.GU.LA,N,'large' beerwort,,,2
dû,N,the sign LAGAR@g,,,2
dāgil iṣṣūri,N,augur,,,2
dārû,N,lasting one; old age,,,2
dāʾikānu,N,murderer,,,2
dīnu,AJ,judged,,,2
dūšu,N,(meaning unknown),,,2
ebhu,N,(a rope or girdle); belt,,,2
ebēhu,V,gird; belt up,,,2
edammû,N,(a dream interpreter),,,2
eddēšu,N,constantly self-renewing one,,,2
edqu,AJ,dressed; tied on,,,2
edullû,N,(an administrative building?); (an administrative building),,,2
edēnû,AJ,single,,,2
egru,AJ,transverse,,,2
ekkēmu,N,robber,,,2
eklu,N,dark one; dark place,,,2
ekṣiš,AV,insolently,,,2
Elamtaš,AV,to Elam,,,2
eliu,N,perfume,,,2
ella-mê,N,pure in divine powers; 'Pure Powers',,,2
ellarūtu,N,(meaning unknown),,,2
Ellillatu,N,(designation of supreme goddess),,,2
elûtu,N,(a garment),,,2
elēnû,N,upper one; superior person,,,2
elīu,N,upper part,NIM.MA,𒉏𒈠,2
emmu,N,hot one,,,2
emēṣu,V,be(come) hungry; be(coming) hungry,,,2
engurru,N,subterranean waters,ENGUR,,2
Enlil,DN,1,,,2
ennakku,N,(meaning unknown),,,2
enû,N,loincloth,,,2
enūma,XP,when,,,2
epipītu,N,pupil,,,2
eppešu,N,clever one,,,2
epru,N,earth; dust,SAHAR SAHAR-HI.A,,2
eprūtu,N,covering?,,,2
epû,AJ,baked,KI.LIB KILIB.BA,,2
erbēšerīšu,AV,fourteen times,,,2
erešu,N,the sign NIN,,,2
errerû,N,given to cursing,,,2
errēšūtu,N,cultivation,,,2
erî,N,copper; bronze,URUDU,,2
eršaḫungû,N,(an Emesal cultic prayer); (a lamentation to soothe the heart),,,2
esertu,N,confined woman; concubine,,,2
esigu,N,ebb,,,2
esru,N,confined one,,,2
etellu,AJ,pre-eminent,,,2
ezbu,AJ,abandoned; disregarded,,,2
ezēhu,V,gird on; girdle,,,2
ešartu,NU,group of ten,,,2
ešqu,N,solid one,,,2
ešrētu,N,chapel; one-tenth,,,2
ešēʾu,V,muzzle; muzzle?; muzzling?,,,2
eʾʾēlu,N,binder,,,2
eṣidītu,N,provisions,,,2
gaba,N,the sign GABA,,,2
gabarahhu,N,breast-beating; panic,GABA.RA.AH,,2
galam,N,the sign GALAM,,,2
gallabtu,N,female barber,,,2
galālu,N,stone(s),,,2
gamarru,N,infantry,,,2
gamliš,AV,like a bent (throwing-)stick,,,2
gamlu,AJ,spared,,,2
gammu,N,the sign GAM,,,2
gangiṭṭu,N,(a type of song); gangiṭṭy-hymn,,,2
garbānu,AJ,leprous; leper,,,2
garāšu,V,move towards; copulate,,,2
garṣu,AJ,broken off; pinched off,,,2
gazamānu,N,(a pole),,,2
gaširūtu,N,appurtenances,,,2
gašīšiš,AV,on stakes,,,2
gaṣṣatu,N,firewood,,,2
gerayabbakku,N,a fish,,,2
gergiddu,N,a fish,,,2
gergiššu,N,strawberry tree,,,2
gergīlu,N,(a bird),,,2
geriddakku,N,a fish,,,2
gešpu,N,the sign U,,,2
gešû,V,belch; belching,,,2
gibarrû,N,reed fibres,,,2
gibbu,N,(meaning uknown),,,2
gibillû,N,tinder,,,2
giddagiddû,N,(an eye complaint); protruding (eyes),,,2
gigurdû,N,(a carrying basket); basket,GI.GUR.DA,𒄀𒄥𒁕,2
gilgidānu,N,bat,,,2
giriṣtu,N,(a fruit),,,2
girtablilu,N,scorpion-man,,,2
girīṣu,N,(a kind of fruit),,,2
gizzutu,N,deduction?; yield of wool,,,2
giškurrû,N,(a mountain tree),,,2
gišlammu,N,mullein,,,2
gudapsû,N,(a priest),,,2
gudšuginakku,N,sacrificial bull,,,2
guggirinakku,N,sweet cake,,,2
gullubu,AJ,shorn; shaven (clerics); shaven,,,2
gullutu,N,column-base,,,2
gumgumšû,N,(an altar),,,2
gumānu,N,(part of a plant)?; (a medicinal plant),,,2
gurgūgu,N,roller,,,2
gurru,N,(a metal object),,,2
gurummaru,N,(a kind of tree),,,2
guzallu,N,ruffian,,,2
guḫḫu,N,cough(ing),,,2
gâʾu,V,spit; vomit,,,2
gāgu,N,ring; necklace,,,2
gūštu,N,whirling dance; hymn of Gušaya,,,2
habarattu,N,noise,,,2
habbaqūqu,N,(a garden herb),,,2
habbu,N,(a pit)?,,,2
habburu,N,(a kind of wine),,,2
hablu,AJ,wronged; wronged (person); indebted,,,2
haddânu,N,(malevolent) rejoicer,,,2
hadādu,V,rustle; roaring; incise deeply,,,2
hadālu,V,tie up; tying up,,,2
hahhinu,N,(a thorny plant),,,2
haliqtu,N,lost one; missing one,,,2
haliqtu,AJ,lost; loss,,,2
hallupu,AJ,armoured; covered donkey,,,2
halpiu,N,(a kind of cistern); bucket,,,2
haltappānu,N,(a plant),,,2
halwû,N,boundary wall,,,2
hamadīri,AJ,parched,,,2
hamadīru,AJ,parched; withered,,,2
hamiššeret,NU,fifteen,,,2
hammiššeret,NU,fifteen,,,2
hammūtu,N,function of family head,,,2
hamāru,V,become dry; becoming dry,,,2
hamāṭu,N,haste,,,2
hamṭūtu,AV,hastily; quickly,,,2
handašpiru,N,(a thorny plant),,,2
hannahuru,N,(a stone),,,2
hannāqu,N,strangler; kind of clasp of reed or wood,,,2
hanzabu,N,(potter's waste product),,,2
hanāṣu,V,lift lips; scowl; baring teeth,,,2
hapātu,V,triumph; prevail; prevailing,,,2
haramma,AV,later; thereafter,,,2
harhazinnu,N,(outer) ear,,,2
harpū,N,(early) autumn; early summer,,,2
harpūtu,N,earliness,,,2
harsapnu,N,larva,,,2
harāmu,V,separate; cutting off,,,2
harāṭu,V,feed on?; infest,,,2
harību,N,ruination?,,,2
haršu,N,bound one,,,2
harṣu,N,meaning unclear,,,2
harṭibi,N,(Egyptian) diviner,,,2
hatû,N,decorated one,,,2
hašhūrû,AJ,apple-coloured,,,2
hašiānu,N,thyme?,,,2
hašû,AJ,dark,,,2
haššu,N,(a sweet meat); type of soup?,,,2
haššāʾu,N,(a cripple),,,2
haššāʾum,N,(a cripple),,,2
haṣbattiš,AV,like a pottery bowl,,,2
haṣāru,N,(a place where dates were delivered),,,2
haṭāmu,V,stop up; block; muzzling,,,2
haṭīru,N,animal pen,,,2
haṭṭi rēʾi,N,(a plant),,,2
haṭṭāʾu,N,sinner; wrong doer,,,2
herru,N,(a kind of furrow),,,2
hesû,AJ,covered up; flogged; mistreated,,,2
hibšu,N,(a rough wool),,,2
hibṣu,N,swelling,,,2
hiddu,N,(a bead); (meaning uncertain),,,2
hinhinu,N,(a kind of spice); particulates; (a kind of spice?); (a kink of spice?),,,2
hinqu,N,constriction; narrows,,,2
hinziribu,AJ,(blue-green colour),,,2
hipindû,N,(stone)?; (a stone)?,,,2
hirûtu,N,(act of) excavation,,,2
hitbuṣu,AJ,very joyful,,,2
hitmuṭu,N,burning one,,,2
hišiltu,N,crushings; course flour,,,2
hiššāʾum,N,superb one; thoroughbred,,,2
hiṭṭu,N,lintel,,,2
huballu,N,pit,,,2
hubbušu,AJ,swollen up,,,2
huddudu,AJ,deeply incised; deep,,,2
hulbunu,N,type of wine?,,,2
hultuppu,N,evilly striking one; (a demon),,,2
huluqqāʾu,N,(commercial) loss,,,2
hulāl īni,N,(a stone),,,2
hulālu-pappardaliu,N,(a valuable stone),,,2
humbiṣūtu,N,swollen lump,,,2
hummumu,AJ,gathered,,,2
hummušu,N,snapped off one,,,2
hummuṭu,AJ,very hot; quick; swift,,,2
hunnuṭu,N,state of ripening,,,2
hunābu,N,thriving one,,,2
huprû,N,(meaning unknown),,,2
hupû,N,fragment,,,2
hurhurātu,N,(a red dye),,,2
hurruru,AJ,deeply incised,,,2
huruppu,N,(metal) dish,,,2
husāru,N,haematite?,,,2
hutanubbu,AJ,luxuriant,,,2
hutūlu,N,(an object); piled up clay,,,2
huzīru,N,pig,,,2
huṣṣutu,N,reed hut,,,2
huṭartu,N,stick; staff,,,2
huṭṭû,AJ,spoiled; ruined; destroyed,,,2
hābiṣu,N,pulverizing,,,2
hādilu,N,knotter; designation of spider,,,2
hāmu,N,raft,,,2
hānibu,AJ,luxuriant,,,2
hāwû,N,howler,,,2
hīp libbi,N,distress,,,2
hīp-libbi,N,distress; depression,,,2
hūl šarri,N,royal road,KASKAL-LUGAL,𒆜𒈗,2
hūlalam,N,(designation of horse); (a bird),,,2
iaʾû,N,the sign NI,,,2
ibrētu,N,radius and ulna,,,2
idītu,N,(a kind of mash),,,2
igitappû,N,blinkers (for equids),,,2
ihzu,AJ,mounted,,,2
ikkû,PP,your(s),,,2
iklu,N,victim,,,2
ilimmu,N,the sign ILIMMU,,,2
illaru,N,(a maltster's tool),,,2
illurtu,N,handcuffs,,,2
IM.GE₆,N,black paste,,,2
imeru,N,(meaning unclear),,,2
imhur-ešra,N,(a climbing plant),,,2
imikānu,N,(female animal that has given birth),,,2
immerū,N,sheep,,,2
immû,N,tablet; record,,,2
imriqqu,N,clay sealing,,,2
imû,N,tuft of black hair,,,2
ina herrētišu maqātu,V,get back home,,,2
ingallu,N,sickle,,,2
inimma,J,oh!,,,2
innabu,AJ,luxuriant,,,2
ipiš pî,N,utterance,,,2
irta nêʾu,V,put to flight,,,2
isihtu,N,allocation,,,2
isikku,N,hard one?,,,2
issi ahāʾiš,AV,together,,,2
issu mar,SBJ,ever since; since,,,2
itaddu,AJ,covered; set,,,2
itallu,AJ,shouted,,,2
ithuzu,AJ,well-versed,,,2
išdiḫu,N,profit(able business),,,2
iškur,N,testicle,,,2
iškuru,N,the sign AN.IM,,,2
ištu libbi,SBJ,since,,,2
ištu maṣi,SBJ,since; as if,,,2
ištēnû,AJ,single; the one,,,2
ištēnû,N,single one,,,2
ištēnšeret,NU,eleven,,,2
išānu,N,important one,,,2
išānû,N,important one,,,2
išānû,AJ,important,,,2
išātiš,AV,on fire,,,2
išūtu,N,(meaning unknown),,,2
iṣ-pišri,N,magic staff; 'wood of release',,,2
iṣṣūrtu,N,female bird,,,2
kabarru,AJ,very thick,,,2
kabbartu,N,(part of foot),,,2
kabūt Šeriš,N,(a stone),,,2
kabūt-Šēriš,N,ox-dung; 'ox dung',,,2
kakkaltu,N,(an irrigation device),,,2
kaksallû,N,(a kind of wooden peg),,,2
kal,N,the sign KAL,,,2
kalab urṣi,N,badger,UR.KI,𒌨𒆠,2
kaldu,AJ,achieved; conquered,,,2
kallutu,N,daughter-in-law,,,2
kalāṣu,V,contract o.s.; rolling up,,,2
kamru,N,piled up one,,,2
kamādu,V,beat cloth(?); weave,,,2
kamālu,V,(be)come angry,,,2
kamāṣu,N,rest period,,,2
kanakku,N,(meaning unknown),,,2
kanšūtu,N,submissiveness,,,2
kapkapu,N,powerful one,,,2
kapāṣu,V,bend back; bending back,,,2
karaphu,N,fallow land,,,2
karāṭu,V,be(come) merciful; meaning unknown; to be merciful,,,2
karūbu,N,reverently greeted one,,,2
karṣillu,N,"knife, scalpel",,,2
kassupu,AJ,broken,,,2
kasânītu,N,(a red stone),,,2
kasītu,AJ,(magical) constraint,,,2
kasūsu,N,(hunting) falcon,,,2
katmu,N,covered one,,,2
kawāru,N,ramp,,,2
kayyāntu,N,reliable statement,,,2
kašittu,N,success,,,2
kaʾādu,V,(meaning unknown),,,2
kāru,N,quay,,,2
kaṣru,N,firmly joined one; knotted one,,,2
kaṣâtu,N,early morning,,,2
kaṣṣidakku,N,miller,,,2
kepû,V,bend (back); make whirl around,,,2
kezru,N,with (special kind of) hair-do; person with curled hair,,,2
kibarru,N,boat of inflated skins?,,,2
kikittu,N,(meaning unknown),,,2
kikurrû,N,temple foundation; chapel,,,2
kimru,N,layer(ing); heap(ing),,,2
kipkippu,N,(a bird of prey),,,2
kirlammu,N,container,,,2
kisalluhhu,N,courtyard sweeper,,,2
kislahû,N,threshing floor,,,2
kizirtu,N,lock of hair; emblem,,,2
kiāšu,N,assistance,,,2
kiāšu,V,help,,,2
kišid eperi,N,(an illness),,,2
kiṣiptu,N,calculation; plan,,,2
kiṣrūtu,N,of the cohort,,,2
KU,N,herdsman,KU,𒆪,2
kubarinnu,N,(a vessel),,,2
kubbû,N,sewn one,,,2
kubbû,AJ,sewn; (meaning unknown),,,2
kudādu,N,very small one,,,2
kukkubānu,N,part of the animal stomach,,,2
kukūsu,N,part of body,,,2
kullānu,N,(a metal item),,,2
kuluppû,N,(a bird),,,2
kumirtu,N,(a priestess),,,2
kummusu,N,fearsome one?,,,2
kummusu,AJ,kneeling,,,2
kunibhu,N,(a garden plant)?; (a garden plant?),,,2
kunnu,N,fixed one,,,2
kunnūtu,N,care; fosterling; certainty,,,2
kuptu,N,(part of a throne),,,2
kupātu,N,corn(field)?; (type of plant),,,2
kurdinnu,N,(an evil-smelling plant),,,2
kurku,N,goose,,,2
kurmittu,N,butterfly?,,,2
kurrû,AJ,short; very short,,,2
kuruppu,N,(vegetable) basket,,,2
kuruštû,N,(fodder for fattening); animal-fattener,,,2
kurūbu,N,(a bird),,,2
kurṣipti eqli,N,nettle,GI.ZU.LUM.MA,𒄀𒍪𒈝𒈠,2
kurṣû,N,fetter,,,2
kutattumu,AJ,clothed; covered,,,2
kutlu,N,rail,,,2
kutlānu,N,(a bird),,,2
kutultu,N,(meaning unknown); constrictor,,,2
kuzbānu,N,(a bird),,,2
kušabku,N,(a thorny tree),,,2
kušru,N,(a plant),,,2
kuṣimtu,N,(a medicinal plant),,,2
kêsu,V,(meaning unknown),,,2
kî maṣi,QP,how many?,,,2
KÚR,N,(indicating a textual variant),,,2
kû,IP,your,,,2
kādû,N,meaning unknown,,,2
kāmidu,N,fabric-beater,,,2
kāmisu,N,one who kneels,,,2
kāru,AJ,rubbed,,,2
kāšišu,N,creditor,,,2
kāšunu,IP,you,,,2
kāṣirtu,N,female 'knotter'; woman who binds,,,2
labaṭu,N,(an illness); (a plant),,,2
labniš,AV,as (if using) throwsticks,,,2
lahmu,AJ,hairy,,,2
lalangu,N,(a leguminous vegetable),,,2
lallāru,N,white honey,,,2
lalāʾiš,AV,like kids,,,2
lamnu,AJ,bad; evil,,,2
lamutānu,N,slave; serf; slave(s); retainer(s),,,2
laʾiṭu,AJ,confined; encircled,,,2
lehēmu,V,consume,,,2
lekû,V,go; going,,,2
lemû,AJ,unwilling,,,2
libbi gišimmari,N,date-palm bud?; date-palm bud,,,2
libīt šarri,N,royal entourage,,,2
ligittu,N,crooked furrow,,,2
lillūtu,N,idiocy,,,2
limmu,NU,four,,,2
limītu,N,packaging; vicinity,,,2
lipit qāti,N,handiwork,,,2
lukšu,N,conifer needles?,,,2
lullakku,N,(a beer vat),,,2
lullu,N,the sign LUL,,,2
lumahhu,N,(a purification priest),,,2
luqqutu,AJ,gathering together hastily; plunder; gathered,,,2
luʾu,N,throat,,,2
luʾʾû,V,sully; defile,,,2
luṭṭu,AJ,split,,,2
lânīhu,N,one who does not become tired,,,2
lâsāmu,V,run,,,2
lêku,V,lick (up),,,2
lēmu,AJ,disobedient,,,2
lēʾîš,AV,powerfully,,,2
līp-līpi,N,descendant,,,2
madallu,N,(a precious stone),,,2
madbareš,AV,into the steppe,,,2
maddānu,N,(a bread basket),,,2
magīrtu,N,challenge,,,2
mahhuru,AJ,adverse,,,2
mahhūtu,N,female ecstatic; ecstasy,,,2
mahra,PRP,in front,,,2
mahṣu,N,beaten one,,,2
makkû,N,(a pole)?,,,2
makrû,AJ,red,,,2
malallê,N,(a type of freight boat),,,2
malmalu,N,(a type of beer),,,2
mangāgu,N,date-palm fibres,,,2
manānu,N,nerves?,,,2
manṭaru,N,fibre; bast,,,2
mardannu,N,porridge or pudding,,,2
mardatu,N,rug; curtain,,,2
marsu,N,mixed one,,,2
maslahu,N,(a libation tube),,,2
maslaqtu,N,(a cooking pot),,,2
massaku,N,tow-rope,,,2
massūtu,N,washing,,,2
matimeni,AV,ever,,,2
matāqu,V,be(come) sweet; be(coming) sweet,,,2
mazrūtu,N,basket (of a gardener etc.),,,2
mazzāz pāni,N,entourage,,,2
mazû,AJ,pressed; squeezed,,,2
mazāru,V,(treat wool); treating wool,,,2
mašattu,N,(a metal weapon?); lance,,,2
mašdu,N,edge,,,2
mašdû,N,(a stone),,,2
mašhaṭu,N,stairs,,,2
mašlu,N,half,,,2
mašmaššūtu,N,exorcism,,,2
mašqalillu,N,suspension?; (a vessel); suspension,,,2
mašītu,N,forgotten thing(s); twin sister,,,2
maššu,AJ,polished,,,2
maʾdūtum,N,numerousness,,,2
maʾʾû,N,(meaning uncertain),,,2
maṣi,SBJ,since; much; (but) since; already,,,2
maṣi,AV,(but) since,,,2
maṣiru,N,(meaning unknown),,,2
maṣrahtu,N,(an emblem),,,2
maṣrāhu,N,socle for (divine) symbols,,,2
maṣādu,N,(a melting pot),,,2
maṭrû,N,(handle)?,,,2
medû,V,be(come) visible; known,,,2
mekû,N,(a bitter plant),,,2
memēni,IP,somebody,,,2
mezu,N,type of wine?,,,2
mešiltu,N,whetstone,,,2
mešēqu,N,strickle,,,2
midlu,N,process of salting; salted meat,,,2
milhu,N,(a type of stone),,,2
millû,N,word,,,2
mimma šumšu,XP,everything,,,2
mimma šumšu,N,possessions,,,2
miqqu,N,hole,,,2
miriqtu,N,damaged part; crushed materials,,,2
mirānu,N,(a plant); (a medicinal plant),,,2
mitluku,AJ,circumspect,,,2
mitluku,N,advice,,,2
mitru,N,strong one,,,2
mizru,N,felt?,,,2
muballiṭṭu,N,cage; life?-boat,,,2
mubarrû,N,commentary; (a temple official),,,2
mudallihu,N,one who is troubled; that which is blurred,,,2
muddû,V,notify; (meaning uncertain),,,2
mudeššû,AJ,making flourish,,,2
mudidlû,N,individual line,,,2
mudulu,N,(a pole)?,,,2
mugdašru,N,powerful one,,,2
mugdašu,N,powerful one,,,2
muhattitu,AJ,louse-ridden; infesting,,,2
mukannû,N,one who looks after something,,,2
mukarrisu,N,(a metal vessel for liquids),,,2
mukazzibu,AJ,flattering; playing up to someone,,,2
mukillum,N,holder; support,,,2
mukinnūtu,N,testimony,,,2
mukkallu,N,(a priest or scholar),,,2
mukru,N,(a loincloth),,,2
mukīl kutalli,N,supporter,,,2
mulemmittu,N,evil-doer,,,2
mullu,N,the sign MUL,,,2
multaškinu,N,pole,,,2
mumaggiru,N,one who make someone submissive; one who makes someone submissive,,,2
munahhiš,N,one who grants prosperity,,,2
munakkimu,N,one who accumulates,,,2
munawwirtu,N,brightening one,,,2
mundultu,N,(a type of bed),,,2
munessû,N,one who takes away; one who deports,,,2
munnahzu,N,one who has spread; roaring,,,2
munnišu,AJ,weakening,,,2
munziqqu,N,raisin,,,2
mupaddû,N,(sheep) offering for the naming (of someone); promised gift,,,2
mupaqqidu,N,one who entrusts,,,2
muparrû,N,one who cuts through,,,2
muppaširu,AJ,calming,,,2
muppišu,N,one who does something; dealer?,,,2
muppišūtu,N,witchcraft; machination,,,2
muqabbû,N,who laments,,,2
muqattertu,N,censer,,,2
muqqelpītu,N,(vessel) going downstream,,,2
muraqqiu,N,maker of perfumes,,,2
murrihu,AJ,urgent,,,2
murruhu,N,one who is very spoiled,,,2
murtaṣnu,N,thunderous one,,,2
murtâmu,AJ,loving each other; lover,,,2
murudû,N,lattice; (golden) filigree,,,2
musakkiru,N,one who blocks up,,,2
museppû,AJ,supplicant; adoring,,,2
musukannu,N,Magan tree,,,2
musukkû,N,poor quality silver?,,,2
mutlellû,N,that rises; exalted one,,,2
muttabiltu,N,female servant; furniture,,,2
muttaggišu,N,bustling one,,,2
muttakkipu,AJ,goring; one who butts,,,2
muttalku,N,deliberate one,,,2
muttalūtu,N,superiority,,,2
muttaʾidu,N,one who is attentive,,,2
mutuššu,N,(a warrior),,,2
muwassû,N,inspector of slaves,,,2
muzzerrū,N,enemies,,,2
mušahbiru,N,one who causes disruption,,,2
mušahli,N,one who makes bright,,,2
mušahlû,N,illuminator,,,2
mušahmitu,N,one who burns,,,2
mušahsisu,N,one who makes someone remember,,,2
mušalbiratu,N,one who makes long,,,2
mušalbiru,N,one who makes long,,,2
mušallimānu,N,delivery man?; healer,,,2
mušamhiru,N,one who makes receive,,,2
mušappiktu,N,(a vessel for pouring); (vessel for pouring); (vessel for pouring) oil?,,,2
mušapših,N,one who causes to rest; one who pacifies,,,2
mušapširu,N,one who dispels,,,2
mušaqqû,N,that raises; who raises,,,2
mušatbû,N,one who raises up,,,2
mušbīʾu,N,one who makes move along,,,2
mušebru,N,one who makes see,,,2
mušehrû,N,one who causes something to be dug,,,2
mušhalṣītu,N,slippery place?,,,2
muškēnūtu,N,palace-dependence; poverty,,,2
mušlahhūtu,N,art of the snake charmer,,,2
mušlalahhu,N,snake charmer,,,2
mušnawru,AJ,causing to shine; illuminating; illuminator,,,2
mušpêlu,AJ,overturned,,,2
mušpēlu,N,one who overturns,,,2
muštabriqu,N,one who repeatedly causes lightning to strike,,,2
muštamrištu,N,one who is constantly ill,,,2
muštashiru,N,one who surrounds something on all sides,,,2
muštemkû,N,one who pacifies?,,,2
mušteṣbû,N,one who carries out according to plan,,,2
mušēdû,N,that informs; informer,,,2
mušētiqu,N,that lets pass,,,2
muššar īni,N,(a stone),,,2
muššarû,N,(royal) inscription,,,2
muššulu,N,made to resemble; mirror,,,2
muṣallû,N,liar,,,2
muṣû,N,(a garment),,,2
muṭappilu,N,slanderer,,,2
muṭebbû,N,one that submerges,,,2
mânu,V,supply (with food); provide,,,2
mâru,V,buy corn; purchase,,,2
mādidu,N,measuring official (for grain etc.); one who measures; measuring official,,,2
māhiṣu,AJ,barbed?,,,2
mākalu,N,meal,,,2
māliku,AJ,adviser; advisor; counselor,,,2
māqittu,N,missile,,,2
mār banê,N,free man; nobleman,,,2
mār harrāni,N,traveller,,,2
mār nagî,N,local,,,2
māširu,N,teaseler; teaseller of cloth,,,2
māʾu,V,be(come) willing; be(com)ing willing,,,2
māʾu,N,ruler; victorious one,,,2
māḫāzu,N,place of taking; shrine,,,2
mēdedu,N,thorn,,,2
mēkiru,N,irrigator,,,2
mēlelu,N,play; dancing,,,2
mēlulāyu,AJ,playful; playful one,,,2
mēlītu,N,step,,,2
mērītu,N,musical instrument from Mari,,,2
mīs-pî,N,mouth-washing; mouth-washing (ceremony),,,2
mīsu,M,washing,,,2
mīšu,N,oblivion,,,2
mūdânūtu,N,knowledge,,,2
mūraddu,N,descent,,,2
nabhatu,N,(a leather or reed carrying-case),,,2
nablaltu,N,mixing vat,,,2
nabriu,N,(an offering); (a copper vessel)?,,,2
naburriš,AV,like battlements,,,2
nadušu,N,scion; offspring; scion?,,,2
nadāqu,V,meaning unknown,,,2
nagāru,V,denounce,,,2
nahanṣû,N,(a type of wine),,,2
naharšušu,V,collapse; collapsing,,,2
nahnahatu,N,(nasal) septum?; (nasal) cartilage,,,2
nahālu,V,(pass through a) sieze; sifting,,,2
nahātu,V,be(come) small; diminishing,,,2
nahīṣu,N,(a profession); an activity concerning textiles,,,2
nakmû,N,roasting implement,,,2
nakpu,AJ,pushing; piercing,,,2
nakuppu,N,circumference,,,2
nakāru,N,enemy,,,2
nalbābu,N,rage,,,2
namdālu,N,millipede,,,2
namerim,N,curse,,,2
namkaru,N,irrigation canal,,,2
namû,N,(a copper object),,,2
namārītu,N,daybreak; dawn-watch,,,2
nanduqu,AJ,dressed in,,,2
nanhuzu,AJ,inflamed; burning,,,2
nannû,N,command,,,2
napalsahtu,N,low stool,,,2
napalsuḫu,V,fall to the ground; prostrate oneself,,,2
napaltu,N,answer,,,2
naplu,AJ,demolished; fallen,,,2
nappaṭu,N,"(a small oven, brazier); brazier",,,2
nappû,N,sieve,,,2
nappāḫu,N,smith,,,2
napû,AJ,sieved,SIM,,2
napṭaru,N,(type of) acquaintance; reed altar,,,2
naqû,AJ,poured,,,2
narṭapu,N,soaking vessel; beer mash,,,2
nashiptu,N,(a shovel),,,2
naspanu,N,(a leveling tool),,,2
nasqu,N,chosen one,,,2
nasīhu,N,displaced person,,,2
nasīkātu,N,faraway lands,,,2
nayyālu,AJ,reclining,,,2
nayyālu,N,(person dispossessed of land); (a tenant),,,2
nazuzzu,AJ,standing,GUB,,2
našmaṭu,N,plucked item?,,,2
naššû,N,carrier; (a lever)?,,,2
naʾdiš,AV,attentively,,,2
naʾduru,N,darkened one,,,2
nebû,V,shine; shining,,,2
nemsētu,N,wash-basin,,,2
nemēšu,V,(meaning uncertain),,,2
neštu,N,lioness,,,2
nigginu,N,the sign NIGIN,,,2
niggirgiddû,N,(a watering can)?,,,2
ninurtû,N,the sign AN.SAL.TUG₂.IB,,,2
niqqu,N,fig seed?; (a type of flour),,,2
nisaba,N,grain (goddess); grain,,,2
niāši,IP,to us; us,,,2
niāʾu,IP,our,,,2
nišru,N,(meaning unknown),,,2
nuazu,N,(a variety of dates),,,2
nubû,N,lament,,,2
nuhhušu,AJ,very thriving,,,2
nuhāru,N,(a flower)?,,,2
nukarribu,N,gardener,,,2
nukušû,N,a door fitting; door fitting,,,2
nungulû,N,(a copper object),,,2
nuppušu,AJ,very wide,,,2
nuppuṣu,N,crushed one,,,2
nuqāru,N,low-quality wool,,,2
nurbu,N,soft place,,,2
nurruṭu,AJ,quivering,,,2
nāliš,AV,like a deer,,,2
nāpassu,N,answer,,,2
nāqû,N,pourer,,,2
nāramu,N,blanket,,,2
nāṣiru,AJ,protecting,,,2
nēhiš,AV,calmly; quietly,,,2
nēsepu,N,shovel,,,2
nīd libbi,N,stillborn baby,,,2
nīš ili,N,oath,MU-DINGIR,,2
padattu,N,figure,,,2
pagūgu,N,(meaning unknown),,,2
pahhāru,N,potter,,,2
pahāhu,V,be(come) weakened; be(com)ing weakened,,,2
palku,N,divided one,,,2
pandunu,N,(a pastry or bread),,,2
pannugu,AJ,meaning unknown,,,2
panītu,N,earlier (time); front,,,2
pappaltu,N,porridge; (designation of discharged semen),,,2
papparḫû,N,(a herb); (a garden plant),,,2
papātu,V,break in small pieces?,,,2
paras ṣehru,N,one third (of a shekel),,,2
pardu,N,afraid one,,,2
pariangu,N,(a weapon),,,2
parraʾu,AJ,sprouting; sprouting one,,,2
parrisānu,N,rowers,,,2
parsu,N,divided one; distinctive one,,,2
parûtu,N,baseness,,,2
parāṭu,V,tear away; flicker,,,2
parṣu,AJ,lying,,,2
pasû,V,(meaning unclear); chop up,,,2
pasālu,V,turn around,,,2
pathu,AJ,holed; pierced,,,2
patāhu,V,pierce; run through (with a sword),,,2
paštu,N,"axe, adze",,,2
pašṭu,AJ,obliterated,,,2
paʾaṣu,V,break up; breaking up,,,2
paṣānu,V,cover up; veil,,,2
paṣāṣu,V,meaning uncertain; disappearing?; (meaning uncertain); withdraw,,,2
paṭru,N,released one,,,2
pehû,N,sealed one,,,2
peqqû,N,colocynth,,,2
perniqqu,N,(name of a mark on the liver or lung),,,2
pingūtu,N,meaning unknown,,,2
pinigu,N,(a cereal or cereal product),,,2
pinnanāru,N,type of cheese?,,,2
pinnāru,N,rennet cheese?,,,2
pippilû,N,sin,,,2
piriṣtu,N,falsity; lie(s),,,2
pisanduppu,N,tablet container,,,2
pisnuqiš,AV,wretchedly; like a weakling; powerlessly,,,2
pit,N,pit,,,2
pituššu,N,(meaning unknown),,,2
pitūtu,N,(a headdress); diadem; headband,,,2
pizzer,N,cobweb; (female genitalia); (a plant),,,2
piṣṣu,N,small pieces,,,2
puggulu,N,strong one,,,2
puhhuru,AJ,assembled; gathered; gathering,,,2
pullušu,AJ,perforated,,,2
puqdu,N,(part of a plough); goad?,,,2
purkullūtu,N,craft of the stonecutter,,,2
purruru,N,dispersed,,,2
purzu,N,concealment,,,2
puršumtu,N,old woman,,,2
puršumu,N,old (man),,,2
pusku,N,unit; a unit of length,,,2
pussumu,AJ,covered up; veiled,,,2
pussusu,N,erased one; (a fish); smashed one,,,2
puttuqu,AJ,shaped,,,2
putursūqi,N,bird,,,2
puḫādu,N,lamb,,,2
pêṣu,V,break up; breaking up; grinding,,,2
pā,N,the sign PA,,,2
pāliḫu,N,one who reveres,,,2
pān šakānu,V,have the appearance of,,,2
pērti ḫarrāni,N,'hair-of-the-wayside'-plant,,,2
pēti īni,N,opener of the eyes,,,2
pētû pāni,N,one who brings happiness,,,2
pīgu,N,trickery; deceit,,,2
pūgu,N,net,,,2
pūhtu,N,item of exchange; substitute,,,2
pūt upni,N,prayer bowl,,,2
pūḫu,N,exchange; as a substitute,,,2
qablu,AJ,central; of medium quality,,,2
qaddadāniš,AV,bowed down; hunched,,,2
qallalu,AJ,very small; small girl; tiny,,,2
qallu,N,light one,,,2
qamhurû,N,palm pith or bud,,,2
qamû,AJ,burnt,,,2
qamāmu,V,to stand up; dressing hair?,,,2
qan šalālu,N,(a type of reed),,,2
qannu,AJ,built,,,2
qaqqadānu,AJ,with large head,,,2
qaqqullu,N,(a plant),,,2
qaqānu,N,(sea-bird); (a sea-bird),,,2
qarbu,N,(meaning unknown),,,2
qarradūtu,N,heroism,,,2
qarrišu,N,(a caterpillar),,,2
qarrutu,N,(meaning unknown),,,2
qarû,V,call; invite,,,2
qarādu,V,(meaning unknown); be(come) warlike; encourage,,,2
qarāhu,V,freeze,,,2
qatinnu,N,(a rural class); tiller,,,2
qattanu,AJ,very thin,,,2
qattinu,N,(a rural class); tiller,,,2
qatû,N,ended one,,,2
qerbēnum,AV,inside,,,2
qitpu,N,gathering,,,2
qitrudu,AJ,very warlike,,,2
qiālu,V,fall; crush,,,2
qudāšu,N,(ear)ring; earring,,,2
qullulu,AJ,despised,,,2
qulqulliānu,N,cassia,,,2
qummanû,N,leprous one,,,2
qummālu,N,(a skin complaint),,,2
qunnunu,AJ,rolled up; curly,,,2
qurqurratu,N,female metal-worker,,,2
qurqurû,N,(soup)?; (a soup)?,,,2
qutrēnum,N,incense (offering); incense,,,2
quttunu,AJ,very thin,,,2
quttû,AJ,completed,,,2
qâdu,AJ,ignited,,,2
qāru,N,(an ornament),,,2
qātipu,N,(cloth-)plucker; shearer (of cloth),,,2
qīru,N,bitumen,,,2
qīšu,AJ,given,,,2
q̄qīštu,N,gift,,,2
rab banî,N,date palm gardener,,,2
rab līm,N,commander-of-thousand,,,2
rab urdāni,N,slave master,,,2
rab āpie,N,chief baker,,,2
rab āšipi,N,chief exorcist,,,2
rab ṭupšarri,N,chief scribe,,,2
rabbiš,AV,gently,,,2
rabrabānī,N,high-ranking officers,,,2
rabušēni,AV,(in) fourth year; three years ago,,,2
rahāhu,V,mix; mixing,,,2
ramkūtu,N,post of @ramku priest,,,2
ramû,N,slack one,,,2
ramānu,RP,self,,,2
rapšu,N,winnowing shovel,,,2
raqququ,AJ,very thin,,,2
raš,N,the sign KASKAL,,,2
rašbu,N,terrifying one,,,2
rašubbu,N,terrifying one,,,2
rašābu,V,be(come) terrifying; be(com)ing terrifying,,,2
raʾi,AV,definitely?,,,2
raʾāzu,V,inlay?; inlaying?,,,2
raʾūmtu,AJ,beloved,,,2
rigimtu,N,claim,,,2
rimmu,N,roaring; murmur,,,2
riqû,N,(meaning uncertain),,,2
ritkusu,AJ,permanently bound,,,2
ritūmu,N,love-making,,,2
riāhu,V,remain; be left over,,,2
rišibtu,N,terror; awe,,,2
rubūtu,N,(divine) queen,,,2
ruṭbu,N,dampness,,,2
ruṭṭupu,N,wetted through one,,,2
râṣu,V,rush (to help),,,2
rākibu,V,rider,,,2
rēqu,N,far one,,,2
rēšiš,AV,subserviently; like a slave,,,2
rīqiš,AV,empty-handed,,,2
rīšiš,AV,joyfully,,,2
sabsû,N,sack-maker,,,2
sabû,V,brew beer; brewing beer,,,2
sabītu,N,(kind of) lyre,,,2
saddinu,N,(a tunic?),,,2
sadirtu,N,battle line; battle array,,,2
sagrikku,N,straw bale,,,2
sagulû,N,(a snare),,,2
sagummargû,N,(musical instrument)?; (a musical instrument)?,,,2
sah,N,the sign GU%GU,,,2
sahalu,V,prick,,,2
sahharru,N,(an offering bowl),,,2
sahharu,AJ,convoluted,,,2
sahhu,N,(water-) meadow; like a meadow,,,2
sahlu,AJ,pierced; pricked,,,2
sahār ūmi,AV,in the evening,,,2
sakpu,AJ,pushed away; rejected,,,2
sakpu,N,pushed away one; rejected one,,,2
sakāku,V,block; blocking,,,2
salāmu,N,amity; ally,,,2
samāmu,N,(a skin disease); a worm,,,2
samīnu,N,(a garden herb or spice),,,2
sandâniš,AV,like a bird-catcher,,,2
sandû,N,bird-catcher; fowler,,,2
sangu,N,the sign SAG; (mountain track)?,,,2
sankullamahhu,N,main bolt,,,2
sanāpu,V,tie on; tying on,,,2
sanāšu,V,stick in; drive in,,,2
sappandu,N,(resinous tree)?,,,2
sappihu,AJ,wasteful,,,2
sapāriš,AV,like a net,,,2
sapīnatu,N,boat,,,2
saqālu,V,take away?; taking away?,,,2
sarriš,AV,in the manner of grain heaps,,,2
sarrāru,N,criminal,,,2
sarrūtu,N,dishonesty; treachery,,,2
saḫpu,AJ,overthrown; covered,,,2
sehšu,AJ,gathered-up; invalidated tablet,,,2
sekru,N,warmed one,,,2
sekû,AJ,deaf,,,2
seḫlu,N,thorn; piercing pain,,,2
sihtu,N,part of a saddle,,,2
silagazû,N,(an offering vessel),,,2
silu,N,the sign SILA₄,,,2
simirtu,N,(a ring on the plough),,,2
Sinnaya,EN,of Sinnu,,,2
sinnišat ēkalli,N,queen,,,2
sinnišu,N,female one; effeminate one,,,2
sinnišānu,N,(an effeminate cult performer),,,2
sirqu,N,offering (of aromatics of foodstuffs),,,2
siʾšu,N,canal in spate?,,,2
suddû,NU,one-sixth of a shekel,,,2
sugāru,N,(a type of clay),,,2
suhurû,N,the sign SUHUR,,,2
suhātu,N,armpit,,,2
sulladû,N,(a kind of meat)?,,,2
sullunu,V,make plentiful; making plentiful,,,2
sullunu,AJ,very plentiful,,,2
sulummê,N,peace-making; peace,,,2
sumuntu,N,plough with team of eight,,,2
suppuhu,AJ,scattered,,,2
surgallu,N,large plectrum,,,2
surmahhu,N,chief lamentation-priest,,,2
surri,AV,as soon as; perhaps,,,2
surruqu,AJ,strewn,,,2
surû,N,(a foreigner); eye disease,,,2
sussullu,N,chest,,,2
susānu,N,(a vessel),,,2
suʾlu,N,(a glass-making tool),,,2
sâdu,V,smite,,,2
sêru,N,plaster,,,2
sādu,N,(a gold alloy); meadow; pasture,,,2
sāhertu,N,favourer; reflex bow,,,2
sāmidu,N,grinder; miller,,,2
sāmūtu,N,red wool,,,2
sāridu,N,packer,,,2
sāru,N,fan; broom,,,2
sēlu,N,rib,,,2
sību,N,brew (of beer),,,2
sīru,AJ,exalted; that which is exalted,,,2
sīrāsu,N,(a kind of) beer,,,2
sītu,N,projection; parapet,,,2
tabbilu,N,(an object),,,2
tabiltu,N,(a pottery vessel),,,2
tabāqu,N,greenery,,,2
tahlappānu,N,covered with abundant fleece,,,2
tahlapānu,AJ,covered with abundant fleece,,,2
tahlīptu,N,covering,,,2
tahsistu,N,reminder; recommendation,,,2
tahû,AJ,quality of wool,,,2
takdīru,N,(meaning unknown); spirited one?,,,2
takkalātu,N,clever behaviour,,,2
takkasû,N,(a bakemeat for cult)?,,,2
takku,AJ,depressed,,,2
takkīru,N,(a garment); (part of shoe),,,2
taklu,N,reliable one,,,2
takrīṣu,N,gnawing away,,,2
talbû,N,meaning unclear,,,2
taltallu,N,pollen of date palm; stamen of date palm,,,2
tamgītu,N,rejoicing,,,2
tamhû,N,evening,,,2
tammamû,N,one who swears oaths,,,2
tamrirtu,N,checking,,,2
tappātum,N,(female) companion,,,2
tapsû,N,(a covering),,,2
taqqītu,N,libation,,,2
tarkubtu,N,mount,,,2
tarmazilu,N,edible bird,,,2
tarmāṣu,N,butterfly,,,2
tarsītu,N,prayer,,,2
tarû,AJ,turned,,,2
tarīku,N,darkness?,,,2
tatidūtu,N,(kind of partridge)?,,,2
tazbiltu,N,prolongation,,,2
taškintu,N,allegation,,,2
tašlimtu,N,completed handover; reimbursement,,,2
tašpiltu,N,lowering; difference,,,2
tašrīhū,N,glorification,,,2
taʾʾumu,AJ,double,,,2
taṣmertu,N,wish; goal,,,2
terterru,N,(a bird),,,2
tešqītu,N,(income from a prebend?),,,2
tešēnu,N,(kind of buffalo?),,,2
tibuttu,N,(a musical instrument),,,2
tidintu,N,gift,,,2
tilgūtu,N,(meaning unknown); hugeness,,,2
tillūtu,N,(military) assistance,,,2
timāli,N,yesterday,,,2
tirimtu,N,(a drinking vessel),,,2
tirtu,N,(an architectural element),,,2
titipu,N,(a fruit tree and its fruit),,,2
tizqaru,N,exalted one,,,2
tiṣabbutu,AJ,constantly seized,,,2
tubbuku,N,lame one; (designation of a lame person),,,2
tubbû,AJ,raised,ZI.GA,𒍣𒂵,2
tugānu,N,(an illness),,,2
TUG₂.DU₈.A,N,(a textile),,,2
tuhhu,N,residue,,,2
tukkupu,AJ,spotted,,,2
tullugu,AJ,(meaning unknown); huge,,,2
tullugu,N,(meaning unknown); huge person,,,2
tuqqunu,AJ,of appropriate quality; adorned,,,2
turru,N,the sign TUR,,,2
turruku,AJ,beaten,,,2
turzu,N,butterfly,,,2
tuttubu,N,(a woollen fabric?),,,2
tuttubû,N,(woollen fabric)?,,,2
tuzahannu,N,(a kind of soup),,,2
tuziznakku,N,(a fish sauce),,,2
tuʾimmeuzubalû,N,(a meat sauce),,,2
têlu,V,pronounce (exactly); pronouncing,,,2
tûzubalû,N,(a meat sauce),,,2
tābû,AJ,raised,,,2
tāntu,N,sea; lake,,,2
tārû,N,male nursemaid; (child) minder; warden,,,2
tēhirtu,N,residue,,,2
tēšertu,N,muster,,,2
tīdû,AJ,knowing,,,2
tīšāriš,AV,into a desert,,,2
tūmulu,N,advantage; advantage(?),,,2
tūru,N,return; reply; (meaning unknown),,,2
ua,J,oh,,,2
ubbuhu,AJ,surrounded,,,2
ubsaharrakku,N,(a cultic location),,,2
uddû,N,exuberance,,,2
udīnu,N,(a mountain bird),,,2
ugallu,N,big weather-demon; storm demon,,,2
ugudilû,AJ,"single, solitary; single one",,,2
uh,N,the sign HI×NUN,,,2
ukkušu,AJ,driven off; expelled; driven off?,,,2
ulillu,N,(meaning unknown),,,2
ultu,SBJ,as soon as,TA,𒋫,2
Ululu,MN,1,KIN.DIRI,,2
ulṣāniš,AV,delightedly,,,2
ummulu,N,twinkling one; stifled one,,,2
ummuru,N,(a kind of bronze),,,2
ummuru,AJ,chosen,,,2
umuššu,N,the sign TUG₂,,,2
umūšu,N,strength,,,2
unnātu,N,land,,,2
uppulu,V,delouse; delousing,,,2
uppuṭu,AJ,blind; blind one,,,2
uppû,AJ,appearing; veiled; clouded,,,2
upurtu,N,(a form of wig or headgear),,,2
uriggallu,N,(divine) standard,,,2
uriṣu,N,male goat,,,2
urkītu,N,posterity; rearguard,,,2
urnakku,N,(sanctuary)?,,,2
urqu,AJ,green,,,2
urriš,AV,at daytime; by day,,,2
ursû,N,(meaning unknown),,,2
uruthu,N,(a utensil),,,2
uruti,N,(a plant),,,2
urīzu,N,(a stone),,,2
ushamu,N,(a pole for boats),,,2
ussu,N,the sign USSU,,,2
ussulu,AJ,crippled,,,2
usurtu,N,encirclement; confinement; siege,,,2
uttartu,N,(military) cart; large-wheeled chariot,,,2
uttuku,N,calculating device; garment,,,2
utukkiš,AV,like an utukku-demon,,,2
uzaglalû,N,(meaning unknown),,,2
uzna šakānu,V,pay attention,,,2
uššušu,N,(part of a reed),,,2
uṣṣudu,N,(a handicapped person),,,2
uṣṣāru,N,storehouse,,,2
warhišam,AV,monthly,,,2
warhussu,AV,every month; monthly,,,2
warkat,PRP,after; behind,,,2
waršu,N,dirty one; dirty part(s),,,2
warḫu,N,month,ITI,,2
wasmu,N,fitting one,,,2
watrû,N,exaggerator,,,2
wašāmu,V,meaning unknown,,,2
wašāṭu,V,be(come) stiff; stiffen,,,2
wuddû,AJ,made known,,,2
wuššuru,N,exempt one; released man,,,2
wuṣṣû,AJ,spread out,,,2
wābilu,N,carrier,,,2
wālidu,AJ,begetting; bearing; mother,,,2
wātû,N,finder,,,2
wāṣûtu,N,departure,,,2
wēdiššu,N,aloneness,,,2
yahudû,AJ,simple; special,,,2
yanzu,N,(a plant),,,2
yarhu,N,pond; pool,,,2
yarzibnu,N,(an aromatic plant),,,2
yaʾašu,AJ,having,,,2
yānu,MOD,(there) is not,,,2
zabbu,N,(an ecstatic),,,2
zabbīlu,N,basket,,,2
zadrāʾu,N,(a kind of sheep),,,2
zaginnu,N,lapus lazuli,,,2
zaguduarû,N,(a cut of mutton),,,2
zakû,N,pure one; clear one,,,2
zalhu,N,gold,,,2
zanānūtu,N,provisioning,,,2
zaqānu,V,to wear a beard; wearing a beard,,,2
zerqatu,N,female desert lynx,SA.A.RI.RI,𒊓𒀀𒊑𒊑,2
zimzimmu,N,(a red onion),,,2
zirqu,N,"bedding, litter",,,2
zizibu,N,milk; suckling,GA,𒂵,2
zubuttû,N,(a fish),,,2
zuhuššu,N,a plant,,,2
zukkurūtu,N,(meaning unknown),,,2
zummû,V,be(come) deprived of; crave; yearn for,,,2
zummû,AJ,deprived; yearning,,,2
zuntu,N,(a door in a city gate),,,2
zunzunu,N,(a locust),,,2
zunzurahhu,N,(a military groom)?; (a member of the cavalry),,,2
zupru,N,scowl?,,,2
zuqaqīpu,N,scorpion,,,2
zuqiq̄qīpu,N,scorpion,,,2
zāmânû,AJ,hostile,,,2
zārutu,N,tent,,,2
zēr kitê,N,linseed,,,2
zīqtu,N,torch,,,2
zūzâ,AV,from time to time,,,2
êš,QP,whither?; where?,,,2
ābiku,N,one who overturns,,,2
ālānû,AJ,living in a (foreign) place; exile; abroad,,,2
ālānû,N,living in a (foreign) place one,,,2
āridu,N,descender; venturer,,,2
ārimānu,N,(a kind of axe)?,,,2
āriru,N,curser; one who curses,,,2
āḫizu,N,one who takes,,,2
āṣītu,N,exit; (an export duty); exit troops,,,2
ēdilu,N,one who shuts,,,2
ēdû,AJ,prominent; notable,,,2
ēdēnu,N,alone person,,,2
ēkal māšarti,N,review palace,,,2
ēkallû,N,palace official,,,2
ēlû,N,one who goes up; one who raises,,,2
ēma,PRP,wherever,,,2
ēpir,N,provider,,,2
ēpû,N,baker,,,2
ērib-ēkallim,N,(a palace official),,,2
ēṣiru,N,(stone) carver; needle worker,,,2
īlu,N,reed bundle,,,2
īn šahî,N,pig-eye stone,,,2
īn ṣerri,N,snake-eye stone,,,2
ša pēthalli,N,cavalryman,,,2
ša-bīrāti,N,garrison troops; troops,,,2
ša-kallî,N,express messenger,,,2
ša-muhhi-huluhhi,N,overseer of white frit,,,2
ša-šarri,N,man of the king; servant of the king; king's people,,,2
ša-ṣilli,N,parasol,,,2
šabbasû,AJ,very angry,,,2
šabiṭṭu,N,staff,,,2
šabsiš,AV,angrily,,,2
šabû,V,seal?; sealing?,,,2
šaddidu,N,hauler; boat-tower,,,2
šagassu,N,robber,,,2
šagunnu,N,vessel,,,2
šaguṣṣu,N,(a vessel),,,2
šagšu,AJ,slain; oppressed,,,2
šahan,N,(unknown meaning),,,2
šakin ṭēmūti,N,commandership,,,2
šakkanakkūtu,N,governorship,,,2
šakkarû,N,(a stone tool of the reed worker); drunken one; drunkard,,,2
šakku,AJ,harrowed; threaded,,,2
šaklu,AJ,withheld,,,2
šakru,AJ,drunk; drunkard,,,2
šakrānû,N,drunkard; drunk,,,2
šalbubu,AJ,furious,,,2
šaluštu,N,group of three,,,2
šalšu,N,third,,,2
šaman-rūšti,N,fine oil,,,2
Šamaš,DN,1,,,2
šamhūtu,N,(meaning unknown),,,2
šammi Šamaš,N,sunflower,,,2
šamruṣu,AJ,very painful; suffering,,,2
šanabakku,N,the sign NIMIN,,,2
šanûte,N,deputyship,,,2
šanûti-,AV,for the second time,,,2
šanûtī,AV,for the second time,,,2
šapargallu,N,(a large fishing net),,,2
šapattu,NU,15th day of month,,,2
šaplāniš,AV,underneath; below,,,2
šapāḫu,V,sprinkle,,,2
šapīku,N,piling up,,,2
šapṭu,N,that which is of high quality,,,2
šarqu,AJ,stolen,,,2
šarrahu,AJ,very proud; splendid,,,2
šarriru,AJ,deferential; arrogant,,,2
šarrum,N,king,,,2
šarû,AJ,rich; luxuriant,,,2
šarāḫu,V,take pride in; glorify; praise,,,2
šaršarrānu,N,rebel,,,2
šarūriš,AV,with brilliance,,,2
šatpu,N,excavation,,,2
šatta,N,this year,,,2
šattišam,N,year by year; annually,,,2
šatû,N,knotted one,,,2
šatāpu,V,cut out; cutting out,,,2
šaziga,N,potency,,,2
šaḫluqtu,N,destruction; disaster; ruin,,,2
šaḫānu,V,be(come) hot; warm oneself in,,,2
šaṭāpu,V,preserve (life); preserving (life),,,2
šegunû,N,grain crop,,,2
šehṭu,AJ,angry,,,2
šem,N,the sign ŠIM,,,2
šemmiu,N,that constantly hears; who constantly hears,,,2
šendētu,N,barley groat soup?,,,2
Šeriš,DN,1,,,2
šerkugû,N,(a Sumerian song); šerkugû-hymn,,,2
šeršerru,N,link (in chain),,,2
šerṭu,N,cloth strip,,,2
šettu,N,sin,,,2
šeštu,N,meaning unknown,,,2
šeššeku,N,(a bird),,,2
šeššīšu,AV,six times,,,2
šeṭṭu,N,crime,,,2
šibūbu,N,spark,,,2
šigguštu,N,(a garden plant),,,2
šikkukūtu,N,'little mongoose' (part of the arm),,,2
šiktu,N,slag,,,2
šilangītu,N,(a freshwater fish),,,2
šilūtu,N,(meaning unknown),,,2
šinintu,N,equality?,,,2
šinipu,N,two-thirds,,,2
šinīšu,NU,twice; second time,,,2
šinšariu,AJ,twelfth,,,2
šiqittu,N,almond tree,,,2
širku,N,temple oblate,,,2
šita,N,the sign ŠITA,,,2
šitadarru,N,Orion,,,2
šitahhuṭu,AJ,continually jumping about,,,2
šitarhu,N,very proud one,,,2
šiteʾʾû,V,seeking constantly,,,2
šitpuṣu,N,quarrelsome one,,,2
šitpû,AJ,surging; flaring,,,2
šitpû,N,surging one,,,2
šitʾāru,N,variegated one,,,2
šizbānu,N,(a plant); milkweed,,,2
šiāṣu,V,decline; get less,,,2
šiššiktu,N,(a stone),,,2
šubakku,N,the sign ŠUBA,,,2
šubarrûtu,N,release,,,2
šubaru,N,(a wood),,,2
šubšû,AJ,brought into being,,,2
šubṭulu,AJ,interrupted,,,2
šudluhu,AJ,disturbed,,,2
šudutinnu,N,(architectural term),,,2
šugguru,V,cheat,,,2
šuhhu,AJ,very long,,,2
šuhurru,N,porous vessel,,,2
šukkû,N,the sign PAD,,,2
šuklulu,N,perfect one,,,2
šukênu,N,prostrate oneself; gift of homage,,,2
šulbû,N,(part of a door-lock),,,2
šulluṭu,AJ,triumphant,,,2
šulputu,N,defiled,,,2
šulummû,N,good condition; favorable,,,2
šuluštu,N,one-third,,,2
šulšu,NU,one-third,,,2
šummaman,MOD,if,,,2
šummuṭu,N,trimmed off one,,,2
šumšû,V,spend the night; make spend the night,,,2
šumṣulu,V,spend the day in rest,,,2
šunbuṭu,AJ,made shine,,,2
šunzuqu,AJ,upset,,,2
šunāya,NU,two each,,,2
šunāšunu,IP,to them; them,,,2
šunāʾa,AV,two each,,,2
šupalkû,AJ,being wide open,,,2
šuprusu,AJ,blocked,,,2
šuptu,N,crush,,,2
šuqammumu,AJ,silent,,,2
šuquppu,AJ,allowed to collapse,,,2
šurbu,N,cold,,,2
šurhungû,N,appeasement of anger; (a ritual),,,2
šurqiš,AV,secretly,,,2
šurruṭu,AJ,torn up; torn up of garments,,,2
šurruṭu,N,torn up one,,,2
šuršiš,AV,to the roots; to/by the roots,,,2
šuršudiš,AV,firmly,,,2
šurḫungû,N,appeasement of anger; soothing-of-anger magic,,,2
šutaddunu,AJ,intermingled; exchanging,,,2
šutalbuš,AJ,clothed with,,,2
šutarkubu,AJ,layered,,,2
šuttūtu,N,woven stuff,,,2
šutābulu,N,mixed one,,,2
šutēlupu,AJ,interlocked,,,2
šušlušu,AJ,trebled,,,2
šušmû,AJ,made heard; read aloud,,,2
šušqû,AJ,very exalted,,,2
šuššû,N,(meaning unknown),,,2
šušʾuru,V,make dirty?,,,2
šuʾiginakku,N,barber,,,2
šuʾu,N,chick-pea?,,,2
šuṣbutu,AJ,set up; provided,,,2
šuṣlumu,AJ,caused to become dark,,,2
šuṣu,N,(an inferior quality of dates),,,2
šuṭubbu,AJ,(made) pleasing,,,2
šâši,IP,to her,,,2
šênu,V,put on (shoes); putting on (shoes),,,2
šāgu,N,the sign ŠA₃,,,2
šākussu,N,feeding,,,2
šāpiku,N,one who heaps up,,,2
šārum,N,wind,,,2
šārītu,N,(a metal beam or bar),,,2
šāt mūši,N,night watch; night-time,,,2
šāši,IP,to her; her,,,2
šāʾiṭu,N,one who pulls,,,2
šāṣû,N,croaker,,,2
šāṭiru,N,one who writes,,,2
šētiš,AV,as with a net,,,2
šēṭu,AJ,careless; negligent,,,2
šīpu,AJ,discolored,,,2
šūbu,N,rush,,,2
šūbulu,AJ,sent,,,2
šūludu,AJ,causing birth,,,2
šūlulu,AJ,exulting,,,2
šūmu,N,garlic,,,2
šūrišam,AV,(meaning unknown),,,2
šūtēmuqu,AJ,supplicating,,,2
šūzubtu,N,(a gift),,,2
šūšubu,AJ,installed,,,2
šūšurātu,N,sweepings,,,2
ūla,AV,or; (meaning uncertain),,,2
ūṭānu,N,half-cubiter,,,2
ḫabībū,N,happy hubbub,,,2
ḫadû,N,joy,,,2
ḫadāqu,V,press together,,,2
ḫalāpu,V,slip into; clothe someone with,,,2
ḫamû,AJ,paralysed,,,2
ḫamṭiš,AV,quickly,,,2
ḪAR.ḪU.BA.ŠIR,N,(a stone),,,2
ḫarmunu,N,(a plant); (a medicinal plant),,,2
ḫazallūnu,N,(a plant); (a medicinal plant),,,2
ḫebû,AJ,drawn,,,2
ḫitbuṣu,AJ,dilated (with joy),,,2
ḫûratu,N,madder,,,2
ḫātinu,N,protector,,,2
ṣabru,AJ,blinker; twittering bird; bent,,,2
ṣabû,AJ,wished for,,,2
ṣabû,N,the sign ERIN₂,,,2
ṣadû,V,receive as sustenance; supplying with food,,,2
ṣamû,AJ,thirsty,,,2
ṣarbu,N,poplar,,,2
ṣawāru,N,neck,,,2
ṣayyāhu,N,laugher (a bird),,,2
ṣeraššu,N,(meaning unknown),,,2
ṣerpētu,N,(a barley soup),,,2
ṣibāru,N,sparrow,,,2
ṣilbu,N,(a cultic item); (a poultice),,,2
ṣillūlu,N,shelter; protection,,,2
ṣindītu,N,(a wooden ring on plough)?,,,2
ṣinnarabû,N,(a large grasshopper),,,2
ṣubabû,N,conifer bud,,,2
ṣubbubu,AJ,spread,,,2
ṣubātiš,AV,with a garment; into a garment,,,2
ṣuhru,N,youth(s); young,,,2
ṣullulu,AJ,roofed; obscure,,,2
ṣulultu,N,roofing,,,2
ṣummudu,AJ,equipped,,,2
ṣumurtu,N,meaning unknown,,,2
ṣurrû,AJ,split,,,2
ṣurtu,N,flint (blade),,,2
ṣāhu,N,oven (for oil processing),,,2
ṣāmidu,N,one who harnesses,,,2
ṣāpiu,N,dyer,,,2
ṣāḫitu,N,oil-presser,,,2
ṣēriš,PRP,toward; into; towards,,,2
ṣī-šamši,N,sunrise,,,2
ṣūhiš,AV,laughingly; passionately; with laughter,,,2
ṭabhu,AJ,slaughtered,,,2
ṭanīpu,N,rotten dates,,,2
ṭardu,N,fugitive,,,2
ṭarru,N,bearded one,,,2
ṭarru,AJ,bearded,,,2
ṭarû,V,(meaning unknown),,,2
ṭebû,N,sunken one,,,2
ṭeʾīnu,N,grinder,,,2
ṭummumu,N,deaf one,,,2
ṭuplu,N,slander(ing),,,2
ṭuppi,AV,some time (past or future),,,2
ṭupšar bēt ili,N,temple scribe,,,2
ṭābtānu,N,doer of good; benefactor,,,2
ṭāhu,N,adjacent to,,,2
ṭīmu,N,yarn; twine,,,2
aban alādi,N,birth-stone,,,1
aban rēmi,N,(a stone),,,1
aban šamê,N,hailstones,,,1
abarikku,N,divine title; priest,,,1
abaru,N,(a kind of clamp); embrace,,,1
abkūtu,N,defeated state,,,1
abrūtu,N,abru-priesthood,,,1
abtātu,N,ruins,,,1
Abšegeda,N,(an almanac),,,1
abšu,N,(a legume),,,1
abūsātu,N,forelock,,,1
ada,N,(meaning unknown),,,1
adaburtu,N,(a bird),,,1
adattum,N,succulent part of reed,,,1
adi,SBJ,until,,,1
adi pān,PRP,until; to,,,1
adi ulla,AV,forever,,,1
aduššu,N,enclosure wall,,,1
agurrutu,N,ewe,,,1
ahrītiš,AV,for the future,,,1
ahullâ,AV,on the other bank,,,1
ahurtu,N,social inferior woman,,,1
ahāmiš,PRP,one another,,,1
akkadattu,AV,in Akkadian,,,1
akkullakku,N,(a vegetable),,,1
akkullātu,N,clods?,,,1
akkāʾi,AV,how?,,,1
akī ahāmiš,AV,together,,,1
aladiru,N,(a plant),,,1
alamgātu,N,sculptures,,,1
allalu,N,(meaning unknown),,,1
allapak,CNJ,when,,,1
alliʾayya,N,driveller,,,1
allu,AJ,hung up,,,1
almīn,AJ,without number; innumerable,,,1
alpu,AJ,threatening,,,1
alulūtu,N,(a kind of mineral); copper slag,,,1
amat šarri,N,king's word,,,1
ambatu,N,wetland,,,1
ammartû,N,eaglet,,,1
ammu,N,people,,,1
ammušmu,N,(meaning unknown),,,1
ammānu,N,(meaning uncertain),,,1
ammēša,AV,there,,,1
amurrû,N,one from Amurru,,,1
amurrû,AJ,Amorite,,,1
amēru,N,"that see, reads",,,1
amšu,AJ,paralysed?,,,1
ana ahāmiš,AV,together,,,1
ana dāt,PRP,behind; afterwards,,,1
ana ūme elû,V,rise acronychally,,,1
andunānu,N,substitute,,,1
angallu,AJ,wise,,,1
annāma,AV,there,,,1
annāya,N,(meaning uncertain),,,1
anu,N,a synonym for wood or tree; utensil,,,1
anzanunzû,N,water-table; subterranean water,,,1
anzâniš,AV,like Anzû,,,1
anīna,AV,now; hear me!,,,1
anūnu,N,fear,,,1
api,N,reed-bed,,,1
apisalû,N,(a cripple?),,,1
apkīsu,N,furrow,,,1
apluhti,N,armour,,,1
appiš,CNJ,since,,,1
appātūti,N,of bridle,,,1
apuhhu,N,fear,,,1
apusamikku,N,(a geometrical shape),,,1
apû,AJ,veiled,,,1
apāniš,AV,through the window,,,1
arabānû,N,(a bird),,,1
arbu,N,fugitive,,,1
arbu,AJ,waste; uncultivated,,,1
arbūta šūluku,V,make desolate; lay waste,,,1
arbūtiš,AV,into a barren land,,,1
arhišam,AV,monthly,,,1
arkabu,N,(a type of decoration),,,1
arkatišu,N,sequel,EGIR-BI,𒂕𒁉,1
arkīši,AV,thereafter,,,1
arru,AJ,convulsed,,,1
arruku,AJ,very long,,,1
arrūtu,AV,role as decoy,,,1
arsikku,N,(a kind of millet),,,1
aruppu,N,(a part of the neck),,,1
arību,N,raven,,,1
arūru,N,outlet of a canal,,,1
arṭiš,AV,(meaning unknown),,,1
asakkiš,AV,like something tabooed,,,1
asakkum,N,taboo,,,1
asmatti,AJ,appropriate,,,1
asmu,AJ,fitting; verdant,,,1
assurri,MOD,(if) perchance; hopefully not,,,1
asuppu,N,out-building; porch,,,1
asâtu,N,female doctor,,,1
asūnakka,V,(meaning unknown),,,1
atmartu,AJ,(title of a goddess); all-seing,,,1
atru,AJ,huge; additional,,,1
attamannu,XP,whoever you are,,,1
attaʾu,N,meaning unknown,,,1
attu-,AV,belonging to,,,1
awāta ṣabātu,V,convey a message,,,1
ayakku,N,(a type of sanctuary); shrine,,,1
ayulu,N,stag; deer,,,1
ayyabāš,AV,let me not put to shame,,,1
ayyišamma,AV,to anywhere,,,1
azamru,N,fruit,,,1
azāru,V,help; helping,,,1
ašagu,N,(a common spiny plant); camelthorn,,,1
ašahhu,N,granary,,,1
ašannu,N,(an emblem),,,1
ašaršani,AV,elsewhere,,,1
ašdānu,N,(a medicinal plant),,,1
ašpaltu,N,social inferior,,,1
ašrinnu,N,wooden structure,,,1
ašāšum,V,catch; catching,,,1
ašītu,N,metal band; strap,,,1
aššakku,AJ,sign six times,,,1
aššurû,AJ,Assyrian,,,1
aʾû,N,ferryman,,,1
aḫennâ,AV,each by it; separately,,,1
aṭṭû,N,collar?,,,1
babbanûtu,N,excellence,,,1
bahru,AJ,boiling hot,,,1
bakkû,AJ,tearful,,,1
bakkāʾu,N,wailer,,,1
banbillu,N,(a dwarf cucumber),,,1
baqmu,N,plucked one; one with thinning hair,,,1
BAR.GÙN.GÙN.NU,N,(a type of stone),,,1
bari-,PRP,between,,,1
bariu,AJ,hungry,,,1
barru,N,(meaning unclear),,,1
barīru,N,radiance,,,1
baršu,N,one with patchy hair,,,1
battubattu,PRP,all round; around,,,1
bayyašû,N,modest one; decent one,,,1
bazku,N,cry of a duck,,,1
bazūšānu,N,(meaning uncertain),,,1
baʾlu,N,large one; great number,,,1
baʾû,V,(meaning uncertain),,,1
baʾāru,V,catch,,,1
baʾʾû,AJ,sought for; searched,,,1
baḫû,V,be(come) thin,,,1
baṣiltu,N,(a type of headcloth),,,1
baṣīhu,N,inhabitant of the marshes; marsh dweller,,,1
baṭlu,N,ceased one; one who is likely to stop work,,,1
berû,AJ,hungry; hungry person,,,1
bibil libbi,N,favourite,,,1
bibu,N,(meaning unknown),,,1
bidru,N,(meaning unknown),,,1
biltu,AJ,fruit-bearing,,,1
binût nūni,N,fish roe,,,1
birimmu,N,(a colourful bird),,,1
Bit-Amukkani,GN,1,,,1
bitrāmu,AJ,multicoloured,,,1
biʾāru,N,spot on the skin; blotch,,,1
biṣṣu,N,droplet,,,1
biṭiltu,N,(meaning unknown),,,1
bubbūtu,N,hunger,,,1
buddudu,AJ,wasted; squandered,,,1
budû,N,(a cake?),,,1
buhhu,N,very thin one,,,1
buhhuru,V,heat,,,1
bunbullu,N,cone?,,,1
buntu,N,daughter; girl,,,1
buppāni-,AV,face down,,,1
burrušu,AJ,bald?,,,1
bursallû,N,(a stone bowl),,,1
burtu,N,cow,,,1
burzaggû,N,(a stone bowl),,,1
buršuzaggû,N,(a stone bowl),,,1
buttu,AJ,staying overnight,,,1
buttuqu,AJ,cut (off); cut off,,,1
buṣaṣû,N,trifles,,,1
buṣinnû,AJ,mullein-like,,,1
buṭnānu,N,(a garden plant),,,1
bêlu,AJ,ruling; majestic,,,1
bāb kamî,N,outer gate,,,1
bāqiru,N,one who perforates; (a bird),,,1
bāšû,N,what exists,,,1
bāʾiltu,N,ruler,,,1
bāṣiš,AV,like sand,,,1
bēl adê,N,vassal; treaty partner,,,1
bēl dāmē,N,mortal enemy,,,1
bēl dēni,N,legal adversary,,,1
bēl mugirri,N,chariot owner,,,1
bēl sīhi,N,insurgent,,,1
bēl šammī,N,(a plant),,,1
bēt danni,N,main building,,,1
bēt giṣṣiti,N,firewood container,,,1
bēt šarri,N,royal residence,,,1
bētu eššu,N,new palace,,,1
bētūtu,N,of the house,,,1
bēʾišu,N,thresher,,,1
bīriš,AV,over; to the other side,,,1
bīt,PRP,where; concerning the fact that,,,1
bīt,SBJ,where,,,1
bīt ammušmu,N,storehouse?,,,1
bīt bīrti,N,fort,,,1
bīt harbi,N,waste land,,,1
bīt karāni,N,wine cellar,,,1
bīt kīli,N,prison,,,1
bīt makkūri,N,treasury,,,1
bīt nakkamti,N,treasury,,,1
bīt napṭarti,N,barrack,,,1
bīt papāhi,N,cella,,,1
bīt unqi,N,sealed building,,,1
bīt urinni,N,(a treasury),,,1
bīt šerʾāni,N,box of sinews,,,1
bīt-nathi,N,(a chapel),,,1
būltu,N,shame; dignity,,,1
daddarû,N,one who smells badly?,,,1
dakku,N,(meaning unknown),,,1
dakšu,AJ,pressed down,,,1
dalāpiš,AV,awake,,,1
dalāqu,V,burn,,,1
dalḫu,AJ,troubled; disturbed,,,1
damqa-īna,N,good eye,,,1
damātu,N,(a dark-yellow paste); red earth paste,,,1
damāšu,V,wipe?; wiping?,,,1
dannatānu,N,powerful man,,,1
darku,N,following one; successor,,,1
darru,AJ,intercalary,,,1
darrû,N,sacrificial sheep,,,1
darû,V,last (for ever); make live forever,,,1
darīku,N,(a container),,,1
daršiš,AV,as if trampled,,,1
datūtu,N,(meaning unknown),,,1
dašnu,AJ,mighty,,,1
daʾku,AJ,killing; beating,,,1
daʾtu,N,(part of a plough),,,1
daʾummiš,AV,in pitch dark,,,1
derû,AJ,intercalary,,,1
dibiru,N,calamity,,,1
dilihtu,N,disturbed condition,,,1
dimmetu,N,(a vegetable),,,1
dukkušu,AJ,pressed down; pierced,,,1
dulbānūtu,N,passageway,,,1
dulluḫu,AJ,very disturbed,,,1
duluhtu,N,concern,,,1
dumāqū,N,jewellery,,,1
duqdu,N,almond (tree),,,1
duqququ,AJ,very tiny,,,1
durû,N,(a stone),,,1
duwwû,AJ,convulsive; troubled,,,1
duššuptu,N,sweetness,,,1
dâ,N,the sign DA,,,1
dâku,AJ,killed,,,1
dâmu,V,wander about; wandering about,,,1
dābibānu,N,plotter,,,1
dādu,AJ,favourite,,,1
dālihu,N,one who disturbs; one how stirs,,,1
dārûtu,N,long lasting life,,,1
dāwû,N,convulsive one?,,,1
dāʾiku,AJ,killing,,,1
dāʾišu,AJ,thresher,,,1
dīdū,N,(a female garment),,,1
dīšu,AJ,trampled down,,,1
dūmu,AJ,darkened,,,1
dūr appi,N,cheeks; cheek,,,1
e,J,oh!,,,1
ebru,AJ,painted; made up,,,1
edešu,N,bud?,,,1
edpu,AJ,inflated; swollen,,,1
ehrinnu,N,neck-stock(?),,,1
ehūla,AV,(meaning unknown),,,1
ekallû,N,palace official,,,1
ekdūtu,N,slander,,,1
ekit,N,(meaning unknown),,,1
ekliš,AV,gloomily,,,1
ekēṣu,V,meaning unknown,,,1
elleya,J,no!; hooray!,,,1
elligu,N,(a stone),,,1
elliš,AV,purely,,,1
elpu,AJ,sprouted,,,1
elītu,AJ,that which is above; upper,,,1
emdu,N,(an aromatic tree),,,1
emmūtu,N,heat,,,1
emūtu,N,relatives by marriage; marriage ceremony,,,1
enenuru,N,magic formula,,,1
enimgallû,N,(legal) claim?,,,1
enimtarru,N,rejection of claim,,,1
eninnu,N,favor,,,1
eništu,N,weak one,,,1
ennenu,AJ,always merciful,,,1
ensû,N,dream interpreter,,,1
enšūtu,N,weakness; dilapidated section(s),,,1
enūru,N,(a type of incantation),,,1
eperiš,AV,with earth,,,1
epištu,V,deed; fabrication,,,1
epištum,N,deed; machinations,,,1
Ereqqu,CN,Wagon,,,1
erhu,V,aggressive,,,1
erinakku,N,(part of a building),,,1
errēbu,N,intruder; one that enters,,,1
errēšû,AJ,(persistently) demanding,,,1
erēb-šamši,N,sunset; west,,,1
eshu,AJ,assigned,,,1
esikillu,N,(a temple building),,,1
etellūtu,N,supremacy,,,1
etlupu,AJ,bound cross-wise; interlocked,,,1
etpušu,AJ,effective?,,,1
etû,N,gatekeeper,,,1
etʾulu,AJ,hung up,,,1
ezhu,N,tied round one,,,1
ezub,PRP,except,,,1
ezû,V,defecate,,,1
ezēru,V,curse,,,1
ešeru,V,go well; sweeping,,,1
ešgurru,N,ring,,,1
ešmāhu,N,great shrine,,,1
ešra,NU,twenty,,,1
ešrīšu,AV,ten times,,,1
eʾû,N,the sign E₂,,,1
eṣlu,AJ,paralysed,,,1
eṣû,V,slit,,,1
eṣānu,V,smell,,,1
eṣṣû,N,(small) gecko,,,1
eṭliš,AV,manly; like a hero,,,1
ga-il₂,N,milk-carrier,,,1
gabaʾe,N,meaning unknown,,,1
gabīd barbari,N,wolf's-liver (a plant),,,1
gaddatu,N,piece,,,1
gakku,N,(a sign name),,,1
gammartu,N,totality,,,1
gammuzu,AJ,(meaning unknown),,,1
gammālû,AJ,always obliging,,,1
gangigduggû,N,miscarriage,,,1
gannāku,N,(a sign name),,,1
gapšiš,AV,in spate,,,1
garanu,N,(a small cultic vessel),,,1
garādu,V,pluck; plucking,,,1
gaʾû,V,be(come) superior; be(coming) superior,,,1
gaṣāṣu,V,suffer,,,1
gaṣṣānu,AJ,calcareous,,,1
gentu,N,(meaning unknown),,,1
gepû,V,meaning unknown,,,1
gibillu,N,touch-wood; chips for kindling,,,1
gilimmu,N,(meaning unknown),,,1
gimlu,N,spare (ox),,,1
gipû,N,date basket,,,1
giridû,N,access road?,,,1
girimmiš,AV,(mng. uncl.); like a berry-fruit,,,1
girimḫilibû,N,(a precious stone),,,1
gitpāšu,AJ,fully supplied with troops,,,1
gišginîš,AV,like a clamp?,,,1
gišgirru,N,(wooden) spill,,,1
gišhuppu,N,(meaning unknown),,,1
gištalgiddû,N,barrier,,,1
gišûtu,N,eructation; belch,,,1
giššaškû,N,(a pole),,,1
GUB,N,solstice,GUB,,1
gubāru,N,neck; necklace,,,1
gukkallānu,N,of fat-tailed type,,,1
gulībātu,N,hair-trimmings,,,1
gumakillu,N,(a wooden item),,,1
gumatu,N,(meaning unknown),,,1
gunnuṣu,N,nose-wrinkling one,,,1
gunû,N,sign with added strokes,,,1
gurrudu,N,mangy one; bald one,,,1
gurrutu,N,ewe,,,1
gurruṣu,AJ,scabrous,,,1
guzīru,N,(meaning unknown),,,1
guṣṣu,N,meaning unknown; (designation of a snake),,,1
gārû,N,opponent; adversary,,,1
gūnu,N,the sign GU₂,,,1
habarahhu,N,(a box containing vegetables),,,1
habātum,V,wander; roaming through,,,1
habāṣu,V,smite down?; pulverizing,,,1
hadaššû,N,bridegroom,,,1
hadi,CNJ,either,,,1
hadqu,AJ,pressed together,,,1
hahinnu,N,(a thorny plant),,,1
hahû,V,spew; spitting out,,,1
hakmu,AJ,understanding,,,1
halipu,N,clothed one,,,1
hallatuššû,N,apprentice,,,1
halziqqu,N,(a container),,,1
halāliš,AV,stealthily,,,1
hamartu,N,meaning unknown,,,1
hamru,AJ,dry; dried out,,,1
hamša,NU,fifty,,,1
hamṣu,N,bald(-headed) one,,,1
hamṣu,AJ,torn off,,,1
hannāmu,AJ,very luxuriant,,,1
hanumešu,N,(meaning unknown),,,1
hanzû,N,handle,,,1
hanāmu,V,thrive; bloom,,,1
hanānu,V,flow,,,1
han̄naṣu,V,lift lips; lifting lips,,,1
hapû,AJ,broken,,,1
hapûtu,N,destruction,,,1
harbiš,AV,like a wasteland,,,1
harbānāti,N,ruins,,,1
harbūtu,N,desolation,,,1
hardūtu,N,vigilance,,,1
harhadû,N,lyre,,,1
harmu,AJ,enclosed in envelope; shielded,,,1
harurtu,N,throat,,,1
har̄rāṣu,V,glow yellow,,,1
hashaltu,N,leaf,,,1
hattaššu,N,(a profession),,,1
hatāpu,V,slaughter; commit suicide,,,1
hawalhu,N,(an enclosed plot of ground),,,1
hašhūr api,N,marsh-apple,,,1
hašikkiš,AV,like a deaf man,,,1
hašimuru,N,caraway; cumin,,,1
haškalu,N,thigh,,,1
hašruqu,N,(an aromatic tree),,,1
haṣṣuttu,N,(a garden herb),,,1
haṭṭi-balạ̄ṭi,N,"('staff of life', a herb)",,,1
haṭṭātu,N,sinner; criminal,,,1
helû,AJ,light(-coloured),,,1
himšu,N,(act of) snapping off,,,1
hiniqtu,N,constriction,,,1
hinsāti,N,wrongful possessions; spoils,,,1
hintu,N,leather skin; leather bag,,,1
hisiʾtu,N,maltreatment,,,1
hissusu,AJ,mindful,,,1
hisû,N,(a fish),,,1
hisītu,N,maltreatment,,,1
hitapputu,AJ,constantly triumphing; constantly overcoming,,,1
hitrubu,AJ,very desolate,,,1
hiššatu,N,swelling,,,1
hubunnu,N,(a small vessel),,,1
hubīdu,N,(a plant),,,1
huddudu,N,deeply incised,,,1
huddušu,N,(an age group?),,,1
huddû,AJ,made happy,,,1
hukkumu,AJ,understood; well-known,,,1
hulaptu,N,equipment,,,1
hulluqiš,AV,in order to destroy; as one who is destroyed,,,1
hultappû,N,evilly stricking (designation of demon),,,1
huluppu,N,(a bird),,,1
huluptu,N,(a cloth cover),,,1
hulāl kappi iṣṣūri,N,(a valuable stone),,,1
hulāpu,N,(a wrapping)?,,,1
humalītu,AJ,friendly,,,1
hummuṣu,AJ,squeezed,,,1
hummuṭu,N,quick one; early-bearing date palm,,,1
humātu,N,palm,,,1
hundurāyu,N,(an occupation or profession),,,1
hunnunu,AJ,"(designation of man, sheep)",,,1
huppudu,N,blind one,,,1
hupšiš,AV,as a plebeian,,,1
hurbu,N,desert,,,1
hurri,AV,ever (after); further(more),,,1
hurrutu,N,hole,,,1
hurrītu,N,hole,,,1
huttu,N,(a storage vessel),,,1
huttutu,AJ,louse ridden,,,1
hušinu,N,strength (of men),,,1
hâru,N,donkey stallion,,,1
hābiliš,AV,like a robber,,,1
hābilu,AJ,trapper,,,1
hābiṣu,AJ,pulverizing,,,1
hādidu,N,one who rustles,,,1
hādâtānû,AV,joyful,,,1
hālilu,AJ,(meaning unknown); murmuring,,,1
hālipu,N,one who slips into; one who is clad,,,1
hāmimtu,N,one who gathers (to oneself),,,1
hāmimu,AJ,gathering,,,1
hāniqu,N,strangler,,,1
hāripānu,N,early riser,,,1
hāsisu,AJ,wise,,,1
hāʾiṭu,AJ,watcher; one who observes,,,1
hāṣibu,AJ,(reed) cutter; cutter,,,1
hēsû,N,coverer; presser,,,1
hīpu,AJ,purified,,,1
hīru,AJ,chosen; affected,,,1
hīštu,N,thorn bushes,,,1
hīṭītu,N,shortfall; crime,,,1
hūp-libbāte,N,fear of someone's anger; broken heart,,,1
hūʾatu,N,(a meal)?,,,1
idiptu,N,wind; (ceremonial garment),,,1
Idiqlatiš,AV,to the Tigris,,,1
igidû,N,(a list),,,1
igištû,N,the very first; leader,,,1
ikkibtu,N,taboo,,,1
ikupu,AJ,approaching,,,1
ikīsu,N,brother-in-law,,,1
il-āli,N,city god,DINGIR-URU,,1
ilimmukku,AJ,sign nine times,,,1
imdullu,N,(clay) lid?,,,1
imhulliš,AV,like a storm,,,1
imhû,N,(meaning unknown),,,1
iminakku,AJ,sign seven times,,,1
imnû,N,right-handed person,,,1
imru,N,observation; appearance,,,1
imsuhhu,N,whirlwind,,,1
imtanû,N,tuft of black hair,,,1
ina agannimma,AV,in this way,,,1
ina birīt,PRP,between,,,1
ina idi,PRP,at the side of,,,1
ina kal ūme,AV,every day,,,1
ina matāhi,AV,at dawn,,,1
ina migir libbi,AV,gladly,,,1
ina muhhi ahāʾiš,AV,together,,,1
ina terṣi,PRP,opposite,,,1
ina šaparti,AV,as a pledge,,,1
Inbu-bēl-arhi,N,offspring; (royal hemerology),,,1
ingirâšu,N,(a fruit tree),,,1
innannu,CNJ,now that,,,1
innu,J,look!,,,1
inunnakku,N,butter pot,,,1
inūšu,SBJ,at that time,,,1
inḫu,N,hardship,,,1
ipinnutu,N,carriage,,,1
ipītu,N,clouding over; cloudiness,,,1
irginu,N,(a breed or colour of horse),,,1
irhu,N,aggressiveness,,,1
irkallu,N,underworld; netherworld,,,1
irṭu,N,(meaning unknown),,,1
isiqtu,N,engraving,,,1
itannu,N,mesh,,,1
ithurānūtu,N,future generation,,,1
itinnūtu,N,builder's craft,,,1
itku,AJ,paralysed?,,,1
itkupu,AJ,very close,,,1
itpuru,AJ,crowned,,,1
itquru,N,spoon,,,1
ittiltu,AV,one time,,,1
itu-,PRP,with,,,1
iādēnu,AJ,single,,,1
išdu,V,foundation,,,1
išhilṭu,N,potsherd,,,1
išhû,N,bridegroom,,,1
išiakku,N,city-ruler,,,1
išparūtu,N,weaver's craft,,,1
išputu,N,quiver,,,1
išqu,N,lot; share,,,1
išru,N,enclosed village?,,,1
ištu,SBJ,from; after,,,1
ištēnšerû,NU,eleventh,,,1
ištīššu,NU,once,,,1
iššanû,PP,theirs,,,1
iṣurtu,N,drawing,,,1
kabbu,AJ,glowing; scorched,,,1
kabbusītu,N,(meaning uncertain),,,1
kabāšu,V,put headgear on; putting headgear on,,,1
kabšarrūtu,N,profession of stone-carver,,,1
kabšu,AJ,turbaned,,,1
kabūt,N,(animal) dung,,,1
kadammu,N,dungeon; storeroom,,,1
kadî,PRP,according to,,,1
kadî ašša,PRP,according to,,,1
kadānu,N,(a rush-like plant),,,1
kakardinnu,N,victualler,,,1
kakkulti īni,N,eyeball,,,1
kakkulu,N,mash-tub,,,1
KAKPANA,N,arrow,,,1
kalab mê,N,otter,UR.A,𒌨𒀀,1
kallammahu,N,(a plant),,,1
kaluṣu,AJ,shriveled?,,,1
kalūmatu,N,lamb; kid,,,1
kamrūtu,N,state of rubble,,,1
kamunû,N,(a kind of fungus),,,1
kamâtu,N,environs (of city),,,1
kanasarru,N,(wooden part of wheel),,,1
kandu,N,jar,,,1
kannaškarakku,N,(a kind of table),,,1
kanāšunu,IP,to you (pl.),,,1
kaparrūtu,N,work of shepherd-boy,,,1
kapdu,V,planned,,,1
kapkapu,AJ,powerful,,,1
kaplu,AJ,rolled up,,,1
kappu,AJ,curved,,,1
kapāšu,V,be(come) abundant; be(com)ing abundant,,,1
kararu,N,(a disease?),,,1
karattu,AV,like a grain-store?,,,1
karkartu,N,(an edible plant),,,1
karkītu,N,threaded work,,,1
karriṣu,N,slanderer,,,1
karsu,AJ,(meaning uncertain),,,1
karsû,N,(a kind of song); karsû-song,,,1
karānānû,AJ,wine-coloured,,,1
kasilaqqu,N,treasure; sealed tablet,,,1
kaskal,N,the sign KASKAL,,,1
kaspu,AJ,broken,,,1
kassāpû,AJ,always broken (into bits); morsel?,,,1
kasûtu,N,bondage,,,1
kataduggû,N,saying; physiognomic omen,,,1
katarru,N,(a type of fungus),,,1
katû,AJ,weak; needy,,,1
katû,N,weak one; needy one,,,1
kašmahhu,N,first class beer,,,1
kaššadūtu,N,(meaning uncertain),,,1
kaššidu,AJ,(meaning unknown),,,1
kaʾinimmaku,N,wish?,,,1
kaṣpu,AJ,estimated,,,1
kaṣâtiš,AV,in early morning,,,1
kaṣâtu,AV,early morning,,,1
kaṣābu,V,reduce?; reach fullness?,,,1
kerku,N,roll; scroll,,,1
kerru,N,(area of) collarbone,,,1
kezretu,N,woman with (special kind of) hair-do; harlot,,,1
KI.MIN,J,(ditto),,,1
kibarû,N,old man; grandfather?,,,1
kibiltu,N,(meaning unknown),,,1
kibis šēpi,N,sole of foot; behaviour,,,1
kidānu,AV,outside,,,1
kimilitu,N,wrath; anger,,,1
kinnāru,N,lyre,,,1
kināltu,N,priesthood; congregation,,,1
kinšu,N,slope; drainage slope,,,1
Kinūnû,AJ,born on the Kinūnu festival,,,1
kiqillutu,N,rubbish dump; dung heap,,,1
kirgunnu,N,(a container),,,1
kiribtu,N,blessing,,,1
kirmahhu,N,large oven,,,1
kisalluḫḫu,N,courtyard sweeper,KISAL.LUH,𒆦𒈛,1
kisikkû,N,funerary offerings,,,1
kitekarû,N,prostitute,,,1
kitimtu,N,secret,,,1
kitpudu,AJ,cunning; devoting oneself to something,,,1
kitullu,N,(a troop formation?),,,1
kiyahum,AV,(meaning unclear),,,1
kišukku,N,captivity,,,1
kiššati,N,world,,,1
kiššatum,N,world,,,1
kiššātu,N,debt-slavery,,,1
kubburu,N,very thick one,,,1
kubrum,N,thickness,,,1
kuburrû,N,thickness; projection,,,1
kubāru,N,thick wrapping?,,,1
kubšānu,N,(a crested bird),,,1
kukittu,N,inappropriate location?,,,1
kullatān,AV,universally,,,1
kumānu,N,(a surface measure),,,1
kunkunnu,N,(meaning unknown),,,1
kunuk kišādi,N,neckbone,,,1
kupartu,N,expiation; purification,,,1
kupatinnu,N,globule; pellet,,,1
kupputu,N,(a kind of disease?),,,1
kupīru,N,bitumen?,,,1
kurangu,N,rice,,,1
kurdiššu,N,(a storage facility for straw); pile (of straw),,,1
kurrukummu,N,(meaning unknown),,,1
kurrutu,AJ,cut off,,,1
kusariqqu,N,bison,,,1
kussimtu,N,scale; (meaning uncertain),,,1
kussû,AJ,bound; fettering,,,1
kusup-libbi,N,broken heart,,,1
kusāsū,N,gums; chewed bits?,,,1
kutallānu,AV,backward; behind,,,1
kutāhu,N,spear?,,,1
kuzubtu,N,flattery; very attractive one,,,1
kušgugalû,N,(a drum),,,1
kuʾintu,N,(meaning unknown),,,1
kuṣṣuṣu,AJ,crippled; disfigured,,,1
kuṣṣuṣu,N,crippled one,,,1
kâmma,AV,"so; so, thus",,,1
kâpu,V,oppress?; oppressing?,,,1
kâšim,N,to you,,,1
kâšu,IP,to you,,,1
kâšunu,IP,you,,,1
kê,QP,how?,,,1
kālītu,N,(wooden part of a chariot); (ornamental item),,,1
kānišu,N,submissive one,,,1
kāpilu,N,winder,,,1
kāriṣu,AJ,slandering; slanderer,,,1
kāsiru,N,barrage,,,1
kīdānû,AJ,external,,,1
kīkī,AV,how?,,,1
kīma,SBJ,that,,,1
kīma ṣehri,AV,quickly,,,1
kīpu,N,(meaning uncertain),,,1
kīs-libbi,N,bronchitis?,,,1
kīša,J,forgive me!,,,1
kīšu,N,pain,,,1
kūn qātī,N,fixed procedure,,,1
kūnu,V,be(come) permanent; securing,,,1
kȃnu,V,be(come) permanent; decree,,,1
la-qāt,N,from the hand,,,1
labāriš alāku,V,be(come) old,,,1
labṣu,N,foreigner?,,,1
lagargunû,N,the sign DU₆,,,1
lagarturru,N,apprentice lagaru priest,,,1
lagaštakkaš,N,(a designation of horses),,,1
lagu,N,(a type of wood),,,1
laharušku,N,quiver (on chariot),,,1
laharītu,N,(designation of a garment),,,1
lahhennutu,N,(a female official),,,1
lahhu,N,(meaning unknown),,,1
lahtangiddû,N,(a narrow beer vessel),,,1
lamassatu,N,tutelary goddess,,,1
lamattu,N,ant,,,1
lamdu,N,experienced one,,,1
lammudu,AJ,taught,,,1
lapdunnu,N,(meaning unknown),,,1
laptānu,N,tainted one,,,1
lapān,PRP,in front of; from,,,1
laqqu,N,meaning unknown,,,1
laqānu,N,(meaning uncertain),,,1
lazziš,AV,persistently,,,1
laʾiš,AV,like a small child,,,1
laʾmu,N,glowing ashes,,,1
laʾāšu,AJ,dirty,,,1
laḫannu,N,(a flask); bottle,,,1
lemû,V,be(come) unwilling; to make unwilling,,,1
lezû,AJ,persistent,,,1
leʾû,N,powerful one,,,1
libbāti,N,rage; anger,,,1
libbū,N,interior; belonging to,,,1
libin appi,N,(a gesture of submission),,,1
libnu,N,stroking,,,1
liddanānu,N,(a plant),,,1
lihmu,N,(meaning uncertain),,,1
lipittu,N,work-levy; mole,,,1
litamdu,N,learned one,,,1
litku,N,test,,,1
lišān rēšēti,N,orator,,,1
liʾatu,N,saliva?,,,1
liʾšu,N,desecration; whispering(?),,,1
lubalakku,N,man on duty,,,1
lugallu,N,the sign LUGAL,,,1
lukānu,AV,(meaning unknown); wheresoever,,,1
lukānu,N,(meaning unknown),,,1
lullû,V,enrich,,,1
lullû,N,primeval man,,,1
luludānītu,N,(a stone),,,1
lulūtu,N,(an animal),,,1
lupnu,N,poverty,,,1
luppannu,AJ,turnip-coloured,,,1
luppunu,N,very poor one,,,1
lupû,N,meaning unknown; (a fish),,,1
luqūtu,N,goods; merchandise,,,1
lurpiānu,N,(a mineral?),,,1
luru,N,meaning unknown,,,1
lurû,N,man with a feminine voice?,,,1
lušu,N,meaning unknowm,,,1
lâdu,V,bend down; be(come) embarrassed,,,1
lêmu,AJ,consumer; one who bolts down,,,1
lû,N,bull,DA,𒁕,1
lā ēpišu,N,do-nothing,,,1
lābatu,N,lioness,,,1
lāmû,N,surrounding one; one who lays siege,,,1
lāpitu,N,toucher; smearer,,,1
lāsimu,AJ,swift,,,1
lāʾirānu,N,standing water,,,1
līlu,N,evening,,,1
lūku,N,(a tree),,,1
madgalu,N,observation,,,1
madlu,AJ,salted,,,1
maggu,AJ,tight; swollen,,,1
magillu,N,(type of boat); mythological being,,,1
magādu,V,pick fruit; picking fruit,,,1
mahdû,N,(meaning unknown),,,1
mahīrtu,N,market price; exchange,,,1
maklalu,N,(a type of garment),,,1
maksūtu,N,binding; bandage,,,1
makû,N,want,,,1
makû,V,be(come) absent; to cause to be lost,,,1
malqatu,N,tool for gathering dates,,,1
malāḫu,N,sailor,,,1
malāḫu,V,tear out,,,1
malīlu,N,(a wind instrument),,,1
malʾu,AJ,full,,,1
mammannu-,XP,whosoever; relative,,,1
man,O,suffix indicating unreality,,,1
manhalu,N,unknown meaning,,,1
mannu atta,QP,who you?,,,1
manzeš,N,(a stone); (a metal container),,,1
manûtu,AJ,counted,,,1
manāhtu,N,resting-place,,,1
maqaltānu,N,(a priest),,,1
maqrāniš,AV,on threshing floors,,,1
mardutu,N,rug,,,1
mardû,N,successor; continuation,,,1
margu,N,unmng; unknown meaning,,,1
marmahhūtu,N,office of the @pašīšu priest,,,1
marāšu,V,(meaning uncertain),,,1
marʾat marʾiti,N,granddaughter,,,1
marṭu,AJ,scratched,,,1
masabluʾurrāku,N,street-sweeper's basket,,,1
massuku,N,chamber; tent,,,1
massāru,N,saw,,,1
masû,AJ,washed,,,1
mathu,AJ,elevated,,,1
matimēni,AV,ever,,,1
matušû,N,(designation of Marduk's boat),,,1
mayālu,N,bed,,,1
maziu,N,(a metal vessel); tureen,,,1
mazzāz-pāni,N,courtier,,,1
mazû,V,(meaning uncertain),,,1
mašahhu,N,meaning unknown,,,1
mašgaš,N,(a battle mace),,,1
mašgizillû,N,(a sacrificial goat),,,1
mašhantu,N,a waistband; sash?,,,1
mašhu,AJ,measured,,,1
maškanūtu,N,state of pledge,,,1
maškānu,N,deposit; location,,,1
mašlatu,N,knife (of a basket weaver),,,1
mašqûtu,N,(a watering vessel),,,1
maštūtu,N,weaving,,,1
maššiʾu,N,rapacious one; robber,,,1
maṣātānu,N,influential man,,,1
maṣṣālu,N,quarrelsome one,,,1
maṭi,PRP,minus,LAL,𒇲,1
maṭû,N,small one,,,1
maṭṭalu,N,reeds used for kindling,,,1
mehrû,AJ,(of) equal (rank); match,,,1
mekku,N,(type of glass),,,1
mekēku,N,(a wooden scraper); a fish,,,1
menimmēni,XP,somebody; anybody,,,1
menuh,AJ,exclusive,,,1
merru,N,wind; merru-song,,,1
mesukku,N,(a bird); falcon,,,1
mesītu,N,purification; water for washing,,,1
metēnu,N,narrow plank,,,1
meṣirtu,N,unknown meaning,,,1
mi,O,suffix in citation of direct speech,,,1
middutu,N,measure,,,1
midru,N,(a type of land),,,1
miglu,N,scroll,,,1
mihhūru,N,offering,,,1
mikû,N,(a bitter plant),,,1
millu,N,(meaning uncertain),,,1
MIN,AV,ditto,,,1
mindu,N,measured amount,,,1
minsu,QP,why?,,,1
mirgu,N,"(an alliaceous plant, perhaps) leek",,,1
misissu,N,meerschaum,,,1
mithuru,AJ,coherent,,,1
mitrû,N,(a garment)?; a small hay fork,,,1
miṭītu,AJ,decrease; shortcoming,,,1
mubabbilu,N,juggler; acrobat,,,1
mubassiru,N,messenger; bringer of news,,,1
mudallipu,AJ,stirred up; restless,,,1
mudanninu,N,one who strengthens,,,1
mudarriktu,N,woman thresher; (a ritual),,,1
muddipu,N,one who blows (away),,,1
mudekkû,N,inciter; agitator,,,1
mudiṣṣu,N,deceptive one,,,1
muganniṣu,N,haughty person,,,1
muhammimu,N,one who gathers together,,,1
muhammišu,N,one who snaps off; one who processes barley,,,1
muhaʾʾidu,N,watcher,,,1
muhaṣṣiru,N,unknown meaning,,,1
muhhelṣītu,N,slippery ground,,,1
muhtanbu,AJ,growing; profuse,,,1
mukallimtu,N,scholarly commentary,,,1
mukaššidu,N,pursuer?,,,1
mukillatu,N,holder,,,1
mukinnatu,N,witness; one who firmly establishes,,,1
mukiṣṣu,N,one who skins; cloth beam,,,1
mukānu,N,(part of a loom); cloth beam,,,1
mukīlu,N,holder,,,1
mulakku,N,one who ...,,,1
mulammimu,N,chewer,,,1
muldamû,N,(an invertebrate),,,1
mulettû,N,one who shatters,,,1
multašgimu,N,one who makes resound,,,1
multašpiru,N,one who governs,,,1
mumannû,N,flatterer,,,1
mumaʾʾertu,N,commander,,,1
mummu,XP,someone,,,1
munakkilu,N,one who can skilfully make,,,1
munammišu,AJ,setting in motion,,,1
munammû,N,one who lays waste,,,1
munammū,N,abundance?,,,1
munappihu,N,lighter of fires; one who breathes heavily,,,1
munaqqītu,N,libation vessel; libation bowl,,,1
munattu,N,morning slumber; waking-time,,,1
mundahṣu,AJ,fighting,,,1
munihu,N,appeaser,,,1
munnagru,N,hired man; hireling,,,1
munnarbu,AJ,fleet(-footed),,,1
muntalku,AJ,deliberate,,,1
munēʾu,N,one who repulses,,,1
mupalliqu,N,one who slaughters,,,1
mupallišu,N,breacher,,,1
mupattilu,N,(yarn-)twister,,,1
mupaššihu,N,one who relaxes,,,1
mupiqqu,N,one who pays attention,,,1
mupparšu,N,flying one,,,1
muppašratu,N,one who forgives,,,1
muppiru,AJ,providing; provider,,,1
muqallillu,N,who belittles,,,1
muqallipu,N,dehusker (of grain); one who strips,,,1
muqallû,N,roaster (of grain),,,1
muqerribu,N,transporter; one who brings,,,1
muqqelpītu,AJ,going downstream,,,1
muqqutu,AJ,wasted (through a disease),,,1
muqqutu,N,wasted one,,,1
muqāru,N,(meaning unknown),,,1
murabbânūtu,N,tutorship,,,1
murabbû,N,one who brings up,,,1
murammiktu,N,washbasin,,,1
muraqqītu,N,(woman) maker of perfumes,,,1
murruru,AJ,embittered,,,1
murrutu,N,(a plant); madder,,,1
murtaṣnu,AJ,thunderous,,,1
murû,N,rainstorm,,,1
murṣišu,N,illness,,,1
musabbû,N,one who makes something rock,,,1
musahhilu,AJ,piercing; one who pierces,,,1
musahhipu,N,one who overwhelms,,,1
musallimu,N,one who reconciles,,,1
musanbiʾu,N,one who causes to quake,,,1
musellû,N,supplicant,,,1
mussahhiru,AJ,(benignly) turned to(wards someone); favourable,,,1
mussipu,N,scoop,,,1
mussû,AJ,washed,,,1
mutakkilu,AJ,inspiring trust; supporter,,,1
mutima,AV,ever,,,1
muttalliktu,AJ,regularly moving; restless girl,,,1
muttellû,N,that roams around,,,1
muttetendu,N,conspirator; ally,,,1
muttāru,N,(a canal),,,1
mutīr ṭēme,N,information officer,,,1
mutīr ṭēmi,N,adviser; information officer,,,1
muwaddû,N,one who makes intelligible,,,1
muwallidu,N,one who gives birth; creator,,,1
muzīqātu,N,(a disease?),,,1
mušabrû,N,one who makes someone see,,,1
mušahbibu,N,one who causes to gurgle,,,1
mušahripu,N,early ripening (date palm),,,1
mušalpitu,N,one who ruins,,,1
mušamdil,N,one who enlarges,,,1
mušamdilu,N,one who makes something wide,,,1
mušamqitu,AJ,overturning,,,1
mušarbibu,N,one who submits,,,1
mušarriṭu,N,that tears (garments); one who tears (garments),,,1
mušatbatu,N,one who raises,,,1
mušatmihu,N,one who causes to grasp,,,1
mušattiru,N,one who demolishes,,,1
mušawwiru,N,one who causes to bright,,,1
mušazziqtu,N,troublemaker,,,1
mušazziqu,N,troublemaker,,,1
mušaṣbitu,N,one who causes to seize; provider,,,1
mušlaḫḫatu,N,female snake charmer,,,1
mušlaḫḫu,N,snake charmer,,,1
mušlu,AJ,similar,,,1
mušmanṭu,N,one who reduces,,,1
mušnammirtu,N,illuminator,,,1
mušnēšu,AJ,keeping alive; healing,,,1
mušnīhtu,N,one who soothes,,,1
mušpēlu,AJ,changeable,,,1
muštablakkitu,N,sheaf-turner,,,1
muštablakkitu,AJ,rebellious,,,1
muštablulu,N,one who is covered with something,,,1
muštahalqu,N,deserter,,,1
muštappiku,N,one who constantly piles up,,,1
muštarrištu,N,(a bird),,,1
muštarḫu,AJ,presumptuous; proud (one),,,1
muštashipu,N,(a stone),,,1
muštašpitu,AJ,self-deceiving,,,1
muštennû,N,one who changes,,,1
muštešmatu,N,one who causes to hear successively; one who brings into agreement,,,1
muštinnu,N,urethra,,,1
muštēšaru,N,one who secures justice,,,1
muštēšertu,N,woman having normal childbirth; one who keeps in good order,,,1
mušuttu,N,(meaning uncertain),,,1
mušēqiru,N,one who raises high,,,1
mušēṣiu,N,drain; outlet,,,1
mušīta,AV,nocturnally,,,1
muššarrūtu,N,craft of wood inscriber,,,1
muššuʾu,V,rub,,,1
muʾdû,N,(large) quantity; much,,,1
muʾāru,N,man,,,1
muṣallu,N,afternoon; (meaning uncertain),,,1
muṣappiu,N,dyer; (female) dyer,,,1
muṣihhu,N,clown,,,1
muṣiptu,N,(a garment),,,1
muṣṣabbittu,N,(part of a loom),,,1
muṭṭû,AJ,very little; scarce,,,1
mâzu,V,refuse,,,1
mêšu,N,disregard; be(come) negligent,,,1
mādiš,N,greatly; very,,,1
māqitu,AJ,falling,,,1
mār ah abi,N,cousin,,,1
mār māri,N,grandson,,,1
mār ummiāni,N,craftsman,,,1
mār šarrūtu,N,princeship,,,1
mār šisî,N,charioteer,,,1
mār-šarrūti,N,crownprincehood,,,1
mārat-lipî,N,'daughter of fat',,,1
mārat-nāri,N,'daughter of the river (god)',,,1
mātitān,AV,all countries,,,1
mēlulu,N,play,,,1
mēru,AJ,bought,,,1
mēsertu,N,confinement; siege,,,1
mēsû,N,washer; cleaner,,,1
mēṣiru,N,drawing,,,1
mīli irti,N,success,,,1
mīnu,AV,what?,,,1
mīnītu,N,measure; reckoning,,,1
mītūtiš,AV,like death,,,1
mītūtān,N,the dead,,,1
mīšītu,N,confusion,,,1
mūdatti,AV,knowingly,,,1
mūtaddinu,N,one who gives repeatedly,,,1
mūtallu,N,that which is hung?,,,1
nabalu,N,harp; hanging,,,1
nabrartu,N,(a reed mat),,,1
nabrarû,N,plain,,,1
nabāhu,V,bark,,,1
nadītu,AJ,fallow,,,1
naglu,AJ,glistening,,,1
naglubu,N,razor,,,1
nagmuru,AJ,finished,,,1
nagulû,N,large mortar,,,1
nagālu,V,glisten; burning,,,1
naharmumu,V,break down,,,1
nahru,AJ,withered,,,1
nahšu,N,haemorrhage,,,1
nahšātu,N,haemorrhage,,,1
nakimtu,N,(designation of people); female cultic performer?,,,1
nakirtu,N,hostility,,,1
nakkāpû,AJ,goring,,,1
naklu,N,skilful one,,,1
nakmu,N,(designation of people); cultic performer?,,,1
nakāpu,N,(pass?),,,1
nalbētu,N,wrap(ping),,,1
nalmû,N,enclosure?,,,1
namlaktu,N,(governed) territory,,,1
namtallû,N,"(solar, lunar) eclipse",,,1
namzaqu,N,key,,,1
namû,AJ,living in the steppe,,,1
namūʾiš,AV,into a wasteland,,,1
nangulu,AJ,glowing,,,1
nannāriš,AV,like the moon,,,1
napalsuhu,AJ,fallen to the ground; squatting,,,1
naparruru,AJ,dispersed,,,1
napihtu,N,what is kindled,,,1
napihu,N,one who blows; one who lights,,,1
naplusu,N,look,,,1
naplusu,AJ,looking; gazing,,,1
naplāsu,N,look; glance,,,1
nappahtu,N,bellows,,,1
napsamu,N,nose bag,,,1
napsaqu,N,(reinforcing beam of chariot),,,1
naptaqu,N,(metal) mould?; an axe,,,1
napṣu,AJ,crushed,,,1
naqru,AJ,demolished,,,1
naqābu,V,penetrate sexually; penetrating sexually,,,1
narbûtu,N,greatness,,,1
narmû,N,dwelling,,,1
narāmtu,AJ,beloved,,,1
narāmu,AJ,loved; loved one,,,1
narạ̄ṭu,V,sway; hesitate,,,1
narʾamtu,N,"(a weapon, phps.) javelin",,,1
nasallû,N,narrow mortar,,,1
nashaptu,N,(headcovering)?,,,1
nasku,N,thrown down one; horizontal,,,1
nasrāmu,N,(a wooden tool); (meaning uncertain),,,1
nasīkūtu,N,position of a sheikh,,,1
natanaya,N,(meaning unknown),,,1
natbaktu,N,sluice; waterfall,,,1
nawiratum,N,brightness,,,1
nayyalu,N,(person dispossed of land)?,,,1
nazmātu,N,troubles; woes,,,1
nazru,N,cursed one,,,1
nazziqu,AJ,plaintive(?); querulous(?),,,1
nazziru,N,given to cursing one,,,1
našappu,N,(a metal bowl),,,1
naštiptu,N,bandage,,,1
našāppu,N,(a basket); reed-basket,,,1
naššūqītu,N,(malevolent) kisser; (a demon),,,1
naʾû,V,(meaning unknown); animation?,,,1
naṣbatu,N,(a coat); (a garment),,,1
naṣnaṣu,N,(a bird),,,1
naṣīru,N,clamor,,,1
naṣṣu,AJ,lifted; presented,,,1
naṭmû,N,(type of spindle),,,1
nehelṣû,V,slip,,,1
nehlu,N,(process of) sifting; (meaning unknown),,,1
nenduqu,AJ,be dressed,,,1
nerrubu,AJ,fleeing,,,1
nerāku,N,(meaning uncertain),,,1
nezû,V,void; eject,,,1
nidittu,N,recoil?,,,1
nigdabbu,N,(a food ration),,,1
niggaru,N,storehouse,,,1
nigginakku,N,(a mortar),,,1
nigkalagû,N,(a drum),,,1
niglallu,N,(a bandage),,,1
niglulû,N,(a vessel),,,1
niglussû,N,(a vessel),,,1
nigsagilû,N,substitute,,,1
nigsahû,N,fruit,,,1
nikimtu,N,heaping up,,,1
nimgallu,N,big fly; (designation of a siege engine),,,1
nimraʾu,N,(a garment),,,1
Ninua,SN,Nineveh,,,1
nippurû,AJ,of Nippur; woman of Nippur,,,1
nisku,N,shot,,,1
nissanu,N,offering (of first fruits); a storage place,,,1
nissatiš,AV,in lamentation,,,1
nitiru,N,nitre; natron,,,1
nišûtu,N,installation,,,1
niṭâtu,N,beatings,,,1
niṭûtu,N,thrashing; beating,,,1
nubālu,N,carriage,,,1
nuhhutu,AJ,cut off; struck off (of silver),,,1
nukurrû,N,denial; what is denied,,,1
nukurrû,AJ,unchanged,,,1
numunnu,N,the sign KUL,,,1
numātu,N,movable goods,,,1
numūru,N,torch,,,1
nussu,N,(a clay container),,,1
nussuhu,AJ,torn out,,,1
nusâtu,N,wasted pieces,,,1
nuwāʾum,N,unintelligent one,,,1
nuārtu,N,female musician; female singer,,,1
nušhu,N,(a nut),,,1
nuʾʾidu,AJ,praised,,,1
nuʾʾuru,AJ,stricken,,,1
nuʾʾû,V,push,,,1
nâṭu,V,have a bowel disorder; having a bowel disorder,,,1
nêʾu,AJ,turned back,,,1
nādinu,AJ,giver; provider,,,1
nāgirūtu,N,(office of the herald),,,1
nākipu,N,goring,,,1
nākisu,N,woodcutter,,,1
nākuru,V,be(come) different; be(come) hostile,,,1
nāpihu,N,one who kindles,,,1
nāpilu,AJ,paying balance,,,1
nāpu,AJ,dry,,,1
nāqidūtu,N,position of a herdsman,,,1
nāqiru,N,(wall) hook?; demolition-man,,,1
nār tākalti,N,bile duct,,,1
nāsiku,N,one who throws,,,1
nāši,IP,to us; us,,,1
nāšiu,N,(a type of vehicle),,,1
nāʾeru,N,roaring one; (a protective figure),,,1
nāʾu,N,(a stone),,,1
nāḫu,N,pig's fat; lard,,,1
nāṭu,N,(a religious ritual),,,1
nēlu,AJ,lying down; sleeping,,,1
nēmela rašû,N,make profit,,,1
nēr,N,600; host?,,,1
nēʾiru,N,killer; striker,,,1
nēʾiṣu,N,one who looks down,,,1
nīd-kussî,N,base of the throne,,,1
nīku,AJ,(sexually) known; lying with,,,1
nītiš,AV,like a siege,,,1
nīš rēši,N,Head-Lift (on lungs); Head-lift (on lungs),MU.SAG,𒈬𒊕,1
nūptu,N,(supplementary) gift; extra gift,,,1
pagalu,N,(a libation vessel); libation bowl,,,1
pahallānu,AJ,with large thighs,,,1
pahhizu,N,presumptuous person?; (meaning uncertain),,,1
pahhu,N,(meaning unclear); designation of wood,,,1
pahhuzû,AJ,insolent; insolent cad,,,1
pahû,N,(meaning uncertain),,,1
pahû,AJ,(meaning uncertain),,,1
paldu,AJ,(meaning unknown),,,1
palgiš,AV,like a ditch,,,1
pallahu,N,very reverent one,,,1
palludu,AJ,(meaning unknown),,,1
paniš,AV,before; in front,,,1
papnunuzkadgurmušenû,N,(a sign name),,,1
paqnu,AJ,(meaning unknown),,,1
parammāhu,N,pre-eminent dais,,,1
parasrab,NU,five-sixths,,,1
pardiš,AV,frighteningly,,,1
pargānu,N,meadow,,,1
parhudû,N,(a class of person); (a reed cutting tool),,,1
parkiš,AV,cross-wise; barrier-like,,,1
parratu,N,she lamb,,,1
parritu,N,(an official),,,1
parru,AJ,dissolved,,,1
parru,N,(male) lamb,,,1
passuku,AJ,removed,,,1
patnu,N,tough one,,,1
patqu,N,formed one; built one,,,1
pazriš,AV,secretly,,,1
pazû,AJ,(meaning uncertain),,,1
Pazūzu,N,(a demon),,,1
pašahu,V,cool down; relax,,,1
pašuqtu,N,dire straits,,,1
pašû,V,exhale; exhaling,,,1
pašīšūti,N,role of @pašīšu priest,,,1
paššu,V,anointed,,,1
pašūtu,N,expectoration?,,,1
paʾlu,N,work,,,1
paṣiu,AJ,white,,,1
paṣṣu,AJ,absent,,,1
paṭṭuru,AJ,released,,,1
penzurru,N,meaning unknown; spider web,,,1
perdu,N,(a kind of equid); mare,,,1
perru,N,(meaning unknown); detachment?,,,1
perṣu,N,breach,,,1
pesnu,AJ,concealed,,,1
pessû,AJ,lame,,,1
peṣû,AJ,white,BABBAR,,1
pihzu,N,insolence,,,1
pillu,N,(a kind of wine)?,,,1
pirizah,N,(a plant),,,1
piriʾtu,N,shoot,,,1
pirku,N,injustice,,,1
pirsu,AJ,weaned,,,1
pirāku,N,(a structure),,,1
pirṣāti,N,deceit; lie,,,1
pissatu,N,erasure; cancellation,,,1
PITHALLU,N,horseman,,,1
pithu,N,perforation; open country,,,1
piāqu,V,make narrow; narrow the eyes,,,1
pišhu,N,unknown meaning,,,1
pišīriš,AV,clandestinely,,,1
puhattu,N,female lamb,,,1
puhru,AJ,gathered,,,1
pukkuru,V,fetter,,,1
pulhītu,N,distress; terrifying,,,1
pulukkiš,AV,like a rocky outcrop?,,,1
puqqudu,AJ,entrusted; assigned,,,1
purrudu,AJ,terrified,,,1
purrusu,AJ,kept away,,,1
pusʾu,N,heavy perspirer?,,,1
pušlu,N,(a wild animal),,,1
puššuru,N,table,,,1
pâ maqātu,V,issue command,,,1
pênu,V,grind; grinding,,,1
pādû,N,merciful one,,,1
pāhu,AJ,breathing,,,1
pāni,AV,previously,,,1
pānû,N,first one; front one,,,1
pānānu,AV,previously,,,1
pānānum,AV,previously; before,,,1
pānūtu,N,of front,,,1
pāqidu,AJ,carer; provider,,,1
pāqittu,N,carer,,,1
pāqu,AJ,meaning unclear; narrow,,,1
pātiqtu,N,shaper; creator,,,1
pāširu,AJ,meaning unclear,,,1
pāṣnu,AJ,covered up; veiled,,,1
pēgu,AJ,taken away,,,1
pētû,AJ,opening,,,1
pīlāniš,AV,like limestone,,,1
pīsu,N,shovel,,,1
pīṭu,N,(a garment),,,1
pūqu,N,defile; buttocks,,,1
qabsi āli,N,centre of the city,,,1
qaddu,AJ,bowed down,,,1
qadītu,N,(meaning unknown),,,1
qallatu,N,female slave; slave girl,,,1
qallissu,N,slave girl,,,1
qallīlu,AJ,unimportant,,,1
qan-̣ṭuppi,N,writing reed; stylus,,,1
qannāʾu,AJ,jealous,,,1
qanšu,N,(meaning uncertain),,,1
qappatu,N,(palm-leaf) basket,,,1
qapīru,N,(a container),,,1
qaqqu,N,the sign KAK,,,1
qarabu,N,battle,,,1
qarittu,N,heroism; (a fish),,,1
qarrāru,N,(a garment); bedspread,,,1
qarāmu,V,cover; overlaying with,,,1
qayyātu,N,(a parched grain product),,,1
qašādu,V,be(come) pure; consecrate,,,1
Qaʾiš-šumati,EN,1,,,1
qerbēnu,AV,inside,,,1
qerû,AJ,called; invited,,,1
qerēbu,N,come close,,,1
qiddatu,AJ,bending down; downstream (on river),,,1
qinniš,AV,backwards,,,1
qinniš,PRP,backwards,,,1
qinītu,N,acquisition,,,1
qitayyulu,N,anxious silence,,,1
qitrudu,N,very warlike one,,,1
qitrunu,AJ,accumulating (wealth),,,1
qiʾʾu,N,envy,,,1
quddudu,AJ,bowed,,,1
qudmiš,PRP,in front of,,,1
qullulu,N,despised; despicable person,,,1
qumāšu,N,capital (of a column)?,,,1
qunnabu,N,hemp,,,1
quppatu,N,box; spatula?,,,1
qurrû,AJ,called together; invited,,,1
qâliš,AV,silently,,,1
qādidu,N,one who bows down,,,1
qānītu,N,(meaning uncertain),,,1
qāribu,N,(an edible bird),,,1
qāt-ṣibitti,N,stolen goods,,,1
qāʾipu,N,one who entrusts,,,1
qēbiru,N,burier,,,1
qīdātu,N,kindling; burning,,,1
qīlu,AJ,fallen?,,,1
qīpūtu,N,position of trusted agent,,,1
qūbātu,N,ague?,,,1
rab abullāti,N,commander of city gates,,,1
rab bārûtu,N,position of chief haruspex,,,1
rab darî,N,official in charge of the regular sheep offering,,,1
rab dayyāli,N,chief scout,,,1
rab hanšê,N,captain of fifty; commander-of-fifty,,,1
rab kallie,N,postmaster,,,1
rab karmāni,N,chief of granaries,,,1
rab karāni,N,wine master,,,1
rab maddatti,N,chief of tribute,,,1
rab mūgi,N,chief strategist,,,1
rab nikkassi,N,chief of accounts,,,1
rab rēʾî,N,chief shepherd,,,1
rab urâti,N,overseer of teams; team commander,,,1
rab urāsi,N,chief mason,,,1
rab širki,N,master of temple oblates,,,1
rab ṣarrāpi,N,chief goldsmith,GAL-SIMUG.KUG.GI,,1
rabannu,N,(a high functionary),,,1
rabbu,NU,fourth,,,1
rabbû,N,very big one,,,1
rabiat,NU,a quarter,,,1
rabiānu,N,mayor,,,1
rabiš,AJ,greatly,,,1
rabītu,N,capital city; great thing(s),,,1
raddu,N,pursued one,,,1
radpi,AV,quickly; immediately,,,1
rakāṣu,V,be(come) wild(-eyed); be(coming) wild,,,1
rammû,AJ,released; deserted,,,1
rapdu,N,(a cripple),,,1
rapāʾu,V,(meaning unknown),,,1
raqiu,AJ,hidden,,,1
raqūtu,N,(a vegetal foodstuff),,,1
ratābu,V,proceed; have sexual relations?,,,1
ratānu,V,whisper; make whisper,,,1
raššu,AJ,glowing,,,1
raʾbu,N,raging one,,,1
raʾbu,AJ,raging; angry,,,1
raʾīmu,N,loved one,,,1
rebû,N,fourth; one-quarter,,,1
rebîš,AV,fourthly,,,1
rebû,N,fourth,,,1
redû,N,soldier,,,1
reʾmu,N,friend,,,1
ridpu,N,pursuit,,,1
riggatu,N,injustice?,,,1
rigāmu,N,bunch?,,,1
rihiṣti Adad,N,rainstorm,,,1
ripqu,N,hoed land; hoeing-song,,,1
ripsu,N,vapour; haze,,,1
risittu,AJ,soaking,,,1
ritpuhu,N,two-handed one; ambidextrous person,,,1
ritpušu,AJ,broad,,,1
rištu,N,rejoicing,,,1
rubbu,N,billows; waves,,,1
rubbû,V,increase; interest,,,1
rugummānû,N,legal claim,,,1
ruppuhu,AJ,meaning uncertain,,,1
ruqqetu,N,she-turtle,,,1
ruʾubtu,N,rage,,,1
râbiš,AV,quakingly,,,1
rîmu,N,beloved,,,1
rādi imāri,N,donkey driver,,,1
rādidu,N,chaser,,,1
rākisu,AJ,bound,,,1
rākisu,N,one who binds,,,1
rāpisu,N,thresher,,,1
rāqû,N,oil presser,,,1
rāsinu,N,one who soak; one who brews beer,,,1
rāšibu,N,awe-inspiring one,,,1
rāʾimūtu,N,friendship; love,,,1
rāʾunu,N,(meaning unknown),,,1
rēmtu,N,womb,,,1
rēša kullu,V,look after,,,1
rēša našû,V,take care of,,,1
rēʾu,AJ,angry,,,1
rēʾû-alpi,N,bull herdsman,,,1
rīddu,N,common sense,,,1
rīmūtu,N,gift,,,1
rīqtu,AJ,empty,,,1
rūšu,N,redness,,,1
rūšû,N,redness,,,1
sabillû,N,(a kind of net?),,,1
saddu,AJ,provided with (?),,,1
sadēya,N,an animal from Egypt,,,1
sadīru,N,(ordered) group,,,1
SAG.DU,N,(wooden)beam,,,1
sagarrû,N,(a stringed instrument); type of refrain,,,1
sagbu,N,(a class of soldier),,,1
sagguharakku,N,adam's apple,,,1
sagiddû,N,(a stringed instrument)?; type of refrain,,,1
sagû,N,menstrual towel?; flow of blood?,,,1
sahargû,N,mudguard,,,1
saharlakku,N,copper ore?,,,1
saharšubbâ labāšu,V,catch leprosy,,,1
sahhiru,AJ,roaming,,,1
sahhiš,AV,like a meadow,,,1
sahlû,N,cress,,,1
sahtuṣu,N,(meaning unknown),,,1
sahāmu,V,trouble; troubling,,,1
sahānu,N,(meaning unknown),,,1
sahūnu,N,(a spice or vegetable),,,1
sahṭu,N,(a kind of) grasshopper,,,1
sakannu,N,band(?),,,1
sakku,N,"(component of quivers, doors, columns)",,,1
saklu,N,simple,,,1
salimiš,AV,in peace,,,1
salqu,AJ,boiled; boiled (meat),,,1
salīmiš,AV,in peace,,,1
samku,AJ,bad,,,1
sammūtu,N,fragrance,,,1
samnu,N,oath,,,1
samû,AJ,undecided; obscure?,,,1
sanbuku,N,bunch,,,1
sankuttu,N,remainder,,,1
sankuttum,N,remainder,,,1
sanqūtu,N,prudence; caution,,,1
santak,AV,continuously; regularly,,,1
saphūtu,N,dispersal,BIR.BIR,,1
sapnu,N,(meaning unknown),,,1
sapnānu,V,flatten,,,1
sapāhu,N,scatter; be(come) scattered,,,1
sapāqu,V,be(come) sufficient; suffice,,,1
saramê,N,(an archit. fitting); (part of a door),,,1
sarartu,N,treachery,,,1
sarhu,AJ,ecstatic,,,1
sarriqtu,N,(meaning uncertain),,,1
sasiu,N,invited,,,1
saʾidu,N,(meaning uncertain),,,1
saḫaršubbû,N,leprosy,,,1
saḫlu,AJ,pierced,,,1
saḫmaštu,N,rebellion; turmoil,,,1
saḫḫû,N,(a stone),,,1
sekretu,AJ,enclosed (woman); enclosed (women),,,1
sekru,AJ,closed off,,,1
sekrutu,N,enclosed (woman),,,1
sepēru,V,write (in Aramaic script),,,1
SI4,V,(meaning uncertain),,,1
siddutu,N,(meaning uncertain),,,1
sidāte,N,(copper implements),,,1
sigaru,N,(wooden) clamp; door lock,,,1
sihhu,N,(meaning unknown),,,1
sihru,N,bend; (meaning uncertain),,,1
sikku,N,hem,,,1
sikkutu,N,peg; nail,GAG,,1
siklu,N,(meaning unknown),,,1
silittu,N,offtake,,,1
simmatānû,AJ,(meaning unknown); brandmarked(?),,,1
simurru,N,(a wind),,,1
singurgurtu,N,(a bird),,,1
siniqtu,N,check,,,1
sinnatu,N,spear?,,,1
sinništum,N,woman,,,1
sinnišūtu,N,role of female,,,1
sinnu,N,(a metal object),,,1
sinnutu,N,brand?; brand,,,1
sinūnu,N,swallow-fish,,,1
sipdu,N,wailing; mourning,,,1
sipru,N,document,,,1
sirdû,N,shaft; (chariot) pole,,,1
sisalhu,N,"(designation of sheep, cattle)",,,1
sissimtu,N,unknown meaning,,,1
sissê,N,horse,KUR,𒆳,1
subbusu,AJ,gathered together,,,1
suhhû,AJ,confused,,,1
suhsu,N,bed,,,1
suhurmê,N,the sign SUMAŠ,,,1
sukuptu,N,repulse; overthrow,,,1
sulluhu,AJ,sprinkling,,,1
sumaktar,AJ,half-bred; fatherless servant,,,1
SUMNIG₂,N,(a feast day),,,1
sumuktu,N,covering?; loose earth,,,1
sunnunu,AJ,made flow,,,1
sunnušu,AJ,studded,,,1
suqāqu,N,street,,,1
suqāru,N,(designation of a path)?,,,1
surruru,AJ,very false,,,1
surrāti,N,lies,,,1
surrātānu,N,liar?,,,1
sursurtu,AV,suddenly,,,1
sussānu,N,meaning unclear,,,1
suššu,N,(meaning unknown),,,1
suʾēn,N,moon,,,1
suḫḫû,AJ,confused; ruined,,,1
sâgu,V,be(come) displaced?,,,1
sûrtu,N,circle,,,1
sābu,AJ,drawn,,,1
sābītu,N,female brewer; female inkeeper,,,1
sākipū,N,resting,,,1
sāmu,N,red one; red wool,,,1
sāpihu,N,one who scatters,,,1
sāʾidu,N,smiter,,,1
sēdum,AJ,red?,,,1
sēhû,N,dissenter; rebel,,,1
sēru,AJ,plastered,,,1
sīsu,N,(meaning uncertain),,,1
sūsu,N,antelope,,,1
tabrātu,N,mankind,,,1
tagmertu,N,completion,,,1
tahlappānu,AJ,covered with abundant fleece,,,1
takdanānu,N,(a bush),,,1
takpu,AJ,pricked; spotted (with),,,1
takpu,N,(a carrying basket); basket,,,1
takrimāti,N,autumn,,,1
takāltu,N,bag; pouch,,,1
takšītu,N,profit,,,1
talbuštu,N,issue of clothing,,,1
talimtu,N,favourite sister,,,1
taltallû,N,pollen; pollen (of date palm),,,1
talālu,V,stretch; draw,,,1
talīmtu,N,favorite sister,,,1
tamartu,N,view(ing); audience gift,,,1
tamlāku,N,adviser,,,1
tamšilu,N,(a resin),,,1
tamšīhu,N,measurement,,,1
tamḫu,AJ,controlling,,,1
tamḫû,N,evening; at nightfall,,,1
tamḫāru,N,battle; war,,,1
tamṣītu,N,entrance(?),,,1
tanpahu,N,(meaning unknown),,,1
tanṣību,N,enclosure,,,1
tapharu,N,(a temple collection?); entirely,,,1
tappaštu,N,(a woollen rug); blanket,,,1
tapqertu,N,claim; dispute,,,1
taptû,N,land newly brought into cultivation,,,1
taqrintu,N,piling up,,,1
taqurtu,N,(meaning unknown),,,1
tarbuʾutu,N,dust (storm),,,1
targīgtu,N,evildoer,,,1
tarmītu,N,relaxation,,,1
tartāmu,N,love-making; mutual love,,,1
tarāhu,V,dig up?,,,1
tarāqu,V,take pity; taking pity,,,1
tasāhu,V,(meaning unknown),,,1
tatturu,N,superfluity,,,1
tawirtu,N,irrigated land; meadow,GARIN,,1
tawṣaʿānu,N,spreading,,,1
tayābu,N,(meaning unknown),,,1
tayārtu,N,return; return journey,,,1
taškuttu,N,jewellery?,,,1
tašlīšūtu,N,position of third man on chariot,,,1
taštanʾīlu,N,consultation,,,1
taḫsistu,N,reminder,,,1
taḫû,N,(meaning uncertain),,,1
taṣbubtu,N,fluttering,,,1
taṣbâtu,N,wish (fulfilled),,,1
tebal,N,(meaning unknown),,,1
tebīru,N,metalworker(?),,,1
teldatu,M,meaning unclear,,,1
temdu,N,meaning unknown,,,1
temennu,N,sign TE,,,1
temeru,V,bury,,,1
tenšû,N,(precious metal dress-ornament); (a type of ornament),,,1
terdû,N,younger one,,,1
terdû,AJ,second; (meaning uncertain),,,1
teriktu,N,(a kind of reed or a corner)?,,,1
teʾuššu,N,eagle or vulture,,,1
tēṣētu,N,discord,,,1
tibbuttum,N,(a musical instrument),,,1
tillenû,X,(meaning unknown),,,1
timbuttu,N,drum,,,1
timru,N,buried (figurine),,,1
tiqqû,AJ,flashing?,,,1
tisarru,N,(an architectural or topographical feature); (an architectural feature),,,1
titkurru,N,(a bird); mourning dove,,,1
tišrû,N,(meaning unknown),,,1
tiṣburu,AJ,spoken,,,1
tiṣbuttu,N,combat,,,1
tubbuktu,N,lame woman,,,1
tubkinnu,N,refuse heap,,,1
tugāgu,N,animals,,,1
TUG₂.GUZ.ZA,N,(a textile),,,1
tuhlu,N,(a medicinal plant),,,1
tukpītu,N,(a kidney-shaped gem); kidney-shaped colocynth,,,1
tukû,N,the sign TUK,,,1
tumânu,N,(a linen cloth); canvas,,,1
tunimmu,N,(a kind of leather),,,1
tupšinnu,N,tablet-box,,,1
tuquntu,N,battle,,,1
turmu,N,(a granary),,,1
turrupu,AJ,discoloured?,,,1
turtānūtu,N,position of commander-in-chief,,,1
turāšu,N,harvest,,,1
tuānu,N,(a breed of horse),,,1
tušiʾā,NU,nine each,,,1
tuʾintu,N,twin,,,1
tuʾʾumu,V,double,,,1
têru,V,wall up (with bricks); walling up (with bricks),,,1
tābalu,N,dry land,,,1
tābiu,AJ,lifted,,,1
tābīla,AJ,in dry form,,,1
tāhu,N,interior?,,,1
tānuqātu,N,battle cry,,,1
tāḫāzu,N,battle,,,1
tēgimtu,N,anger,,,1
tēhû,N,one that approaches,,,1
tēmu,N,(fore)thought,,,1
tēnintu,N,prayer; supplication,,,1
tērtu,N,instruction; omen,,,1
tēru,N,(an architectural term),,,1
tērubtu,N,entry; entrance,,,1
tīʾu,N,nourishment?; sustenance?,,,1
u,NU,ten,,,1
ubartu,N,(resident) alien,,,1
ubgatu,N,(meaning and reading uncertain),,,1
ubānu šanītu,N,forefinger,,,1
udduru,AJ,darkened; keeping in the dark,,,1
uddušu,AJ,renewed,,,1
udunmāhu,N,large oven,,,1
ugallit,V,frighten,,,1
ugbabtu,N,(kind of) priestess,,,1
uggugu,N,very furious one,,,1
uggunnû,N,(a stone),,,1
uguppu,N,unclear meaning,,,1
ugāku,N,(a sign name),,,1
uhhuru,V,do later,,,1
uhur,AV,(meaning unknown),,,1
ukkubu,V,arrive,,,1
ukkuku,AJ,itchy,,,1
ukurigû,N,vinegar jar,,,1
ukāpu,N,pack-saddle,,,1
ula,J,not; no,,,1
ulamâ,AV,otherwise,,,1
ulliš,AV,later,,,1
ullupu,N,(a leather garment or cover),,,1
ullûtu,N,distant time,,,1
ulpānu,N,(a leather coat),,,1
ultu bīt,SBJ,ever since,,,1
ultu pān,PRP,from,,,1
ulādu,V,give birth (to); create,,,1
ulālu,AJ,weak; helpless,,,1
ulāp sūni,N,sanitary towel,,,1
ulšānu,N,first-class oil,,,1
ulṣiš,AV,delightedly,,,1
ummedu,N,(a fever)?; abcess,,,1
ummi abi,N,grandmother,,,1
ummi mê,N,dragonfly,AMA.A,,1
ummudu,AJ,leaning upon,,,1
ummuliš,AV,sparklingly; twinklingly,,,1
ummūtu,N,motherhood; status of mother,,,1
umṣātu,N,"mole (on skin); 'bumps, knobs' on basket, on vessel",,,1
unnubu,V,be(come) fruitful,,,1
unû,N,(a kind of meat),,,1
uppi ahi,N,armpit,,,1
uppultu,N,late crop; late-born (animal),,,1
upru,N,(a cloth headdress),,,1
uprû,N,(a headdress),,,1
uqnî,N,lapis lazuli,,,1
uqqubu,N,(a handicapped person),,,1
urbānu,N,papyrus,,,1
urhuššu,N,wild animal,,,1
urmahlilu,N,lion-man,,,1
urpāniš,AV,like a cloud,,,1
Urra,N,(lexical series),,,1
urri,N,day,,,1
urruhu,N,hastener; hustler,,,1
urubātu,N,lamentation,,,1
uruttu,N,(a stone),,,1
urzīnu,N,(a tree),,,1
urāsūtu,N,rôle of foreman; position of brick mason,,,1
uršašillu,N,(a small viper),,,1
urṣuppu,N,(a vessel with knobs)?,,,1
ussakku,AJ,sign eight times,,,1
utarsi,V,(meaning unknown),,,1
uttâ,N,the sign UD,,,1
utukkû,N,ominous day,,,1
utullūtu,N,post of chief herdsman,,,1
uzzubu,AJ,neglected,,,1
uzzuzu,AJ,infuriated,,,1
ušpārtu,N,female weaver,,,1
ušurā,NU,ten each,,,1
uʾu,N,barley,,,1
ūʾa,J,woe!,,,1
uṣāru,N,animal pen; courtyard,,,1
uṭṭulu,AJ,manly,,,1
uṭṭutu,N,grain; barley,,,1
wabru,N,stranger,,,1
wabāʾu,V,weed (field); weeding (field),,,1
wallāttu,N,midwife,,,1
wamālu,V,be(come) veiled,,,1
warku,N,posterity; after,,,1
warkāniš,AV,back,,,1
warqi,N,yellow; greens,,,1
warrāšû,N,very grimy one,,,1
waṣbu,AJ,added; swollen,,,1
waṣītu,N,that which goes out; expeditionary force,,,1
wedû,AJ,prominent,,,1
wurrušu,AJ,very dirty,,,1
wāridu,AJ,descending; one who goes down,,,1
wāšib mahar šarri,N,courtier,,,1
wāṣu,AJ,going out,,,1
wēdû,N,prominent one; notable,,,1
wēdī-,N,(he/you) alone,,,1
yamattu,XP,each; one by one,,,1
yannussu,N,sledge,,,1
yarburānu,N,(a plant used in the preparation of perfume),,,1
zabargubû,N,stand,,,1
zabbatu,N,(a female ecstatic?),,,1
zablu,AJ,transported,,,1
zabzabgû,N,(a glaze); a garment,,,1
zakkû,AJ,purified; clean,,,1
zammeriš,AV,as a singer,,,1
zannaru,N,(a lyre),,,1
zantu,AJ,(meaning uncertain),,,1
zapru,N,bad one,,,1
zaqpu,N,tip; tip in question,,,1
zaqquru,AJ,built high,,,1
zarriqu,AJ,iridescent,,,1
zarriqu,N,iridescent one,,,1
zaškītu,N,(a stone),,,1
zaʾanu,V,be(come) adorned; decorating,,,1
zaʾinu,AJ,adorned,,,1
zaʾʾû,V,(meaning unknown),,,1
zennû,V,be(come) angry,,,1
zennēʾû,N,malevolent one,,,1
zibbu,N,the sign ZIB,,,1
zibnatu,N,(a spice plant); (a stone),,,1
zinnatu,N,(a lament); grievance,,,1
zipadû,N,incantation formula,,,1
ziqnānu,AJ,bearded; (a type of fish),,,1
ziqpa,AV,vertically; upright,,,1
ziqziqqu,N,gale; counterblast,,,1
zubbi kalbi,N,dog-fly,,,1
zummu,AJ,deprived,,,1
zuzû,N,the sign ZU,,,1
zuʾʾuzu,N,distribution,,,1
zābilu,AJ,bearing; bearer,,,1
zānintu,N,provisioner,,,1
zāqipu,N,raiser,,,1
zāqiru,N,one who projects; one who builds high,,,1
zāqu,N,arm; strength,,,1
zēr šarri,N,royal bloodline,NUMUN-LUGAL,,1
zēr-halgatî,N,barbarians,,,1
zērānu,N,seed(-corn),,,1
zīzu,N,(meaning uncertain),,,1
âru,V,go (up to); be(come) ruled,,,1
êšamma,AV,in any direction,,,1
ābitu,N,destroyer,,,1
āgīgu,N,angry one,,,1
ākil karṣi,N,slanderer,,,1
ākilu,AJ,that eats; eater,,,1
ālāyû,N,citizen; townsman,,,1
āridu,AJ,perpendicular?,,,1
āriru,AJ,convulsed; trembling,,,1
ārišūtu,N,agricultural tenancy,,,1
āriḫu,N,one who destroys,,,1
āšišu,AJ,encompassing; engulfing,,,1
āšû,AJ,confusing; one who throws into confusion,,,1
āṣû,AJ,going out,,,1
āṣû,N,going out; who goes out,,,1
āṣûtu,N,departure; emergence,,,1
ēbiru,N,crosser,,,1
ēdiš,AJ,alone,,,1
ēdumānu,AJ,single,,,1
ēdāniš,AV,alone,,,1
ēdūtu,N,isolation; alone,,,1
ēkallu eššu,N,new palace,,,1
ēkallu māšarti,N,review palace,,,1
ēlilu,N,(a kind of soapwort?); purity,,,1
ēniqu,N,suckling,,,1
ērib-bītūtu,N,status of temple-enterer,,,1
ērišu,N,bridegroom; one who requests,,,1
ērūtu,N,wakefulness,,,1
īkiš,AV,like a ditch,,,1
īn-nūni,N,fish eye (stone),,,1
īṣu,AJ,few,,,1
ša-arīti,N,shield-bearer,,,1
ša-maʾāssi,N,corral-man,,,1
ša-muhhi-ālūtu,N,office of town overseer,,,1
ša-pān-bēt-qātī,N,supervisor of the storehouse,,,1
ša-pān-dīnāni,N,president of the court,,,1
ša-pān-manê,N,accountant,,,1
ša-pān-nērebi,N,entrance supervisor,,,1
ša-pān-pēthalli,N,cavalry foreman,,,1
ša-sāgātēšu,N,kilt-dealer; belt-maker,,,1
ša-uzni,N,ear-man,,,1
šabartu,N,block; bar,,,1
šadaru,N,(meaning unknown),,,1
šaddagda,N,last year,,,1
šaddaqda,N,last year,,,1
šaddû,N,east; east wind,,,1
šadâšu emēdu,V,disappear,,,1
šadê,N,(a plant),,,1
šadû,AJ,east; from the mountains,,,1
šadānu,N,(a disease),,,1
šaggišu,N,murderer,,,1
šaggišu,AJ,murderous,,,1
šagur,N,(a ritual object?),,,1
šagāgu,V,stiffen,,,1
šagīmu,N,roaring; shout,,,1
šahilu,N,(a garment),,,1
šahlu,AJ,sieved,,,1
šahsasuttu,N,recollection; reminder,,,1
šahâ,AV,at an angle,,,1
šahīti,N,sow,,,1
šakin,AJ,placed,,,1
šakkinu,N,(a contractor for date production); (a musician),,,1
šakkiru,N,drunkard,,,1
šaktumu,AJ,that was left covered,,,1
šakālu,V,(meaning unknown),,,1
šakāṣu,V,be(come) wild(-eyed); be(com)ing wild(-eyed),,,1
šakṣu,N,wild one,,,1
šalattinnu,N,(an illness),,,1
šalaššerû,AJ,thirteenth,,,1
šallapānu,N,(a grass),,,1
šallaṭu,AJ,very authoritative,,,1
šallumtu,N,completion; final payment,,,1
šalmūtu,N,well-being; good condition,,,1
šalummu,AJ,radiant,,,1
šalû,AJ,submerged,,,1
šalāhu,V,pull out; retrieve,,,1
šalāliš,AV,surreptitiously,,,1
šalāššatti,AV,two years ago,,,1
šalāʾu,V,deceive,,,1
šalšūtī-,AV,for the third time,,,1
šamallûtu,N,apprenticeship,,,1
šamaššammē,N,sesame; sesame oil,,,1
šamhaṣu,AJ,provoked to fight,,,1
šamhu,N,luxuriant one,,,1
šammi lamassi,N,(a plant),,,1
šammi zuqiqīpi,N,(a plant),,,1
šammu-arku,N,"('long plant', a climbing plant)",,,1
šammānu,N,(a snake),,,1
šamādu,V,apply (ornaments),,,1
šamšānu,N,sun-disc,,,1
šamūṣu,N,(a plant),,,1
šanabi,N,the sign NIMIN,,,1
šandabakkūtu,N,governorship of Nippur,,,1
šanduppû,N,son,,,1
šanuttēšu,AV,for the second time,,,1
šanāʾu,V,block,,,1
šanṣuru,AJ,put under guard,,,1
šapartu,N,pledge,,,1
šaparziqqu,N,(a wind),,,1
šaphu,AJ,sprinkled,,,1
šapêlu,V,exchange,,,1
šapāšum,V,(meaning unknown),,,1
šarbiš,AV,like a chill rain,,,1
šargada,N,the sign ŠARGADA,,,1
šarhiš,AV,proudly; splendidly,,,1
šarmu,AJ,lopped; trimmed,,,1
šarpu,AJ,burnt,,,1
šarpu,N,burning; burnt,,,1
šarriru,N,deferential one?,,,1
šarrāku,N,(a class of persons); donor(?),,,1
šarûm,AJ,rich; be(coming) rich,,,1
šarûtu,N,richness; wealth,,,1
šaršarānu,N,rebel; traitor,,,1
šasnibi,N,(a vegetable),,,1
šassukku,N,accountant,,,1
šasukku,N,accountant,,,1
šasummu,N,(meaning unknown),,,1
šatbû,AJ,removed,,,1
šattišam,AV,year by year,,,1
šatāru,V,write (down),,,1
šatīši,AV,(meaning unknown),,,1
šawirum,N,ring; bracelet,,,1
šazzunni,AJ,erected,,,1
šašmiš,AV,into combat; in combat,,,1
šaššantu,N,small sun disc; sun-disc,,,1
šaʾu,N,(meaning unknown),,,1
šaʾʾurtu,N,dirt,,,1
šaḫâ,AV,at an angle (to each other); edge to edge,,,1
šaṣbutu,AJ,provided,,,1
šebirbirredû,N,(an offering of barley),,,1
šebû,N,satisfied one,,,1
šedû,N,sprout,,,1
šehinitu,N,(meaning unknown),,,1
šehtu,N,incense burner,,,1
šeleppūtu,N,she-turtle; she-tortoise,,,1
šelliptu,N,(a metal implement),,,1
šelû,AJ,neglectful,,,1
šergû,AJ,adorned,,,1
šernamennakku,N,(type of Sumerian song); lordship song,,,1
šernamgalakku,N,(type of Sumerian song); song of the kalû singer's office,,,1
šernamginakku,N,(type of Sumerian song),,,1
šernu,N,(a wooden chariot part),,,1
šertu,N,guilt,,,1
šerû,AJ,(meaning unknown),,,1
šeššu,N,sixth,,,1
šeššātu,AJ,with six (spokes or yoked animals),,,1
šeʾēru,V,(meaning unknown),,,1
šibqu,N,scheme,,,1
šibītu,N,suture; seam,,,1
šiddi-nārāya,N,riverside people,,,1
šihlu,N,sifting(s),,,1
šihru,N,strap,,,1
šikintu,N,allocation; dispensation,,,1
šiltāḫu,N,arrow,,,1
šimarātu,N,(part of a building),,,1
šimrānu,N,(a plant),,,1
šimūtu,N,hearing,,,1
šinippât,NU,two-thirds,,,1
šinšerû,NU,twelfth,,,1
šinšerā,NU,twelve each,,,1
šipiktu,N,unclear meaning,,,1
šiteʾû,AJ,experienced,BU.BU.LU,𒁍𒁍𒇻,1
šitluṭiš,AV,triumphantly,,,1
šitta qātāti,NU,two-thirds,,,1
šittān,NU,two-thirds,,,1
šitīmtu,N,fate,,,1
šitūlu,N,deliberation,,,1
šitʾāru,AJ,variegated; iridescent,,,1
šiāu,V,fix; decree,,,1
šubrû,AJ,exhibiting,,,1
šugarriāʾu,N,(a metal tool),,,1
šugummû,N,buzzing,,,1
šuguppu,N,meaning unclear,,,1
šugurru,N,(a mat),,,1
šugû,N,old man,,,1
šuhatinnu,N,(a type of) onion,,,1
šuhatinnū,N,(a type of) onion,,,1
šuhhiṭṭātu,N,(meaning unknown),,,1
šukbusu,AJ,treading,,,1
šukkallūtu,N,post of minister,,,1
šukunniš,N,(meaning unknown),,,1
šukšudu,AJ,made to reach,,,1
šukūsu,N,(a divine headdress),,,1
šullānu,N,pockmarked one; gnome?,,,1
šulmāniš,AV,in peace,,,1
šuluštu,NU,one-third,,,1
šulušīu,AJ,three-year-old,,,1
šuluḫḫu,N,purification rite,,,1
šulūšā,NU,three each,,,1
šumelû,N,left-handed person,,,1
Šumma-ālu-ina-mēlê-šakin,N,(terrestrial omen series),,,1
šummunu,V,be(come) oiled; be(come) anointed with oil,,,1
šummuṭu,AJ,laid flat; very flat,,,1
šumquttu,N,adjustment; reduction,,,1
šumsuku,AJ,deprived,,,1
šumsuqu,AJ,select,,,1
šumēli,N,the left,,,1
šumēlû,AJ,left-hand; left-handed person,,,1
šunhu,N,(a medicinal plant),,,1
šunīti,IP,them two,,,1
šupalu,N,depression; downwards,,,1
šupluhu,AJ,inducing fear,,,1
šupluḫu,AJ,made afraid,,,1
šuppultu,N,(meaning unknown),,,1
šuppuṣu,AJ,enfolded,,,1
šuptû,AJ,made opened,,,1
šupuktu,N,heap; heap (of grain),,,1
šupšuhiš,AV,in order to relax,,,1
šupšuru,AJ,(very) loose,,,1
šupṭuru,AJ,unfastened,,,1
šurathu,N,(a tree),,,1
šurbuṣu,AJ,firmly seated,,,1
šurbuṣu,N,firmly seated,,,1
šurbûtu,AJ,very great,,,1
šurpītu,N,burning thirst (?),,,1
šurqa,N,theft,,,1
šurrumma,AV,indeed,,,1
šurrâtu,N,start; beginning,,,1
šurīpiš,AV,like ice,,,1
šuršaktu,N,(meaning unknown),,,1
šushurtu,N,non-indicative,,,1
šusikku,N,(official responsible for disposal of animal carcases),,,1
šutakṣru,AJ,readied,,,1
šutamlû,AJ,covered,,,1
šutamṭû,N,(meaning unknown),,,1
šutanīdû,N,antiphonal hymn,,,1
šutarruhu,AJ,exalted,,,1
šutarruhūtu,N,glorification,,,1
šutašnû,AJ,doubled,,,1
šutašubbû,N,meaning unclear,,,1
šutaṣbutu,AJ,methodically made,,,1
šutruku,AJ,be(come) shaken up,,,1
šuttuhu,AJ,long,,,1
šuttuqu,AJ,split into may parts,,,1
šuwû,N,meaning unknown,,,1
šuzzuru,AJ,detestable,,,1
šuzzuzu,AJ,caused to be present,,,1
šuāru,N,dance; dancing,,,1
šušpulu,AJ,very low,,,1
šušānāku,N,(a sign name),,,1
šuʾʾuru,N,hairy one; unshaven one,,,1
šuṣrupu,AJ,dyed,,,1
šuṣubtu,N,addition,,,1
šuṭūbu,AJ,sweetening,,,1
šêʾu,V,seek (out),,,1
šājimānūtu,N,purchase in question,,,1
šākintu,N,one who places; provider,,,1
šākulu,AJ,fed,,,1
šāmarītu,AJ,(mng. unkn.); extolled,,,1
šāpiṭu,N,district governor,,,1
šāpû,N,enemy,,,1
šāriš,AV,in the wind; by every wind,,,1
šāsû,N,shouter,,,1
šāt mušītim,N,night,,,1
šāšunu,IP,(to/of) them; them,,,1
šāʾiltu,N,female diviner,,,1
šēbultu,N,despatch; gift,,,1
šēhu,N,wind; ecstatic,,,1
šēlebtu,N,vixen; a type of hoe,,,1
šēlu,N,(meaning unknown),,,1
šēlû,AJ,raised; removed,,,1
šēmâtu,N,hearer; one who accepts (prayer),,,1
šēpa mahāṣu,V,kick,,,1
šēru,AJ,fierce?,,,1
šērṭu,N,cloth strip; lint?,,,1
šīmātiš,AV,as fate,,,1
šīsu,N,cry,,,1
šūdadu,N,lover,,,1
šūdulu,AJ,inaccessible,,,1
šūkultu,N,feeding; banquet,,,1
šūruhu,AJ,made to hasten?,,,1
šūrušu,AJ,placed under cultivation,,,1
šūtuqu,N,surpassing one,,,1
šūturtu,AJ,very great; surpassing,,,1
šūšubtu,N,seat,,,1
šūṣu,AJ,sprouted,,,1
šūṣû,N,outcome,,,1
ūbu,N,thickness,,,1
ūlu,N,the best oil; choicest oil,,,1
ūm adāni,N,fixed day,,,1
ūmtu,N,(one specific) day,,,1
ūmāya,AV,each day,,,1
ūʾa,N,woe!; woe,,,1
ūṭû,N,half-cubiter,,,1
ūṭ̄ānu,N,half-cubiter,,,1
ʾapru,N,head covering,,,1
ʾunūṯu,N,femininity,,,1
ḥamṣu,N,hunger,,,1
ḫadû,V,be(come) joyful,,,1
ḫallu,N,(upper) thigh; loins,,,1
ḫallutānû,N,black patch on donkey's leg; black hair,,,1
ḫalpû,N,frost,,,1
ḫamû,V,paralyse,,,1
ḫamāṭu,V,burn (up),,,1
ḫandû,N,reed pith,,,1
ḫašmānu,N,(a colour); (coloured wool),,,1
ḫašūru,N,(a kind of cypress),,,1
ḫaḫḫu,N,(iron) spike,,,1
ḫaṭû,V,do wrong; sin,,,1
ḫiāru,V,choose,,,1
ḫišiltu,N,crushings; crushed pieces,,,1
ḫumāmātu,N,detritus; refuse,,,1
ḫumṣīru,N,(large) mouse,,,1
ḫursānu,N,mountain(s); mountain range,,,1
ḫusīgu,N,a stone; turquoise?,,,1
ḫuššû,AJ,red,,,1
ṣabu,AJ,wished for,,,1
ṣad,N,(meaning unknown),,,1
ṣadānu,N,"(a bush, shrub)",,,1
ṣadāru,V,be(come) (placed) askew; be(come) crooked,,,1
ṣahharu,N,(a kind of grain),,,1
ṣahurānūtu,N,(time of) youth,,,1
ṣalimtu,N,black,,,1
ṣalittu,N,dark-blue wool,,,1
ṣallulu,AJ,roofed,,,1
ṣallummû,N,comet,,,1
ṣallumu,N,black wood; amulet of black wood,,,1
ṣallūtu,N,sleep,,,1
ṣalmāt-qaqqadi,N,the black-headed ones (mankind),,,1
ṣalmātu,N,black one,,,1
ṣalpu,N,sliced one; crooked one,,,1
ṣalû,AJ,situated,,,1
ṣapūnu,N,north,,,1
ṣarbutu,N,poplar,,,1
ṣaršu,N,(designation of ill person?),,,1
ṣaršu,AJ,spread out; sprouted out,,,1
ṣar̂rû,N,(a part of date palm?),,,1
ṣayyattu,N,(meaning unknown),,,1
ṣehrūtu,N,(time of) youth,,,1
ṣehēru,N,be(come) small; (time of) youth,,,1
ṣelû,AJ,insulted,,,1
ṣerriš,AV,meaning unknown,,,1
ṣibaru,N,aloe,,,1
ṣibit-qāti,N,manacles,,,1
ṣihirtu,N,girl,,,1
ṣillû,AJ,surrounded by shadow,,,1
ṣimʾu,N,thirst,,,1
ṣindu,N,binding,,,1
ṣinnahtiru,N,(a stomach complaint); diarrhoea,,,1
ṣipparātu,N,morning; early morning,,,1
ṣippūtu,N,a tree,,,1
ṣiṣnu,N,fish larva(e)?,,,1
ṣubbutu,N,lame one,,,1
ṣuhartu,N,girl; (young) girl,,,1
ṣuhhuriš,AV,like a very small thing,,,1
ṣuhu,N,(a designation of a person),,,1
ṣulummat pānī,N,anger,,,1
ṣulummatu,N,blackness,,,1
ṣunnuhu,AJ,very diarrhetic,,,1
ṣuppu,AJ,decorated; polished,,,1
ṣurrutu,AJ,continually farting,,,1
ṣurāru,N,libation,,,1
ṣuʾubtu,N,white sheep,,,1
ṣuṣūnu,N,(a tree or shrub),,,1
ṣêru,V,spread out; spreading out,,,1
ṣēhiš,AV,with laughter,,,1
ṣēhu,AJ,amusing,,,1
ṣēlāniš,AV,sideways,,,1
ṣēri,N,back; steppe,,,1
ṣīhu,AJ,laughing; smiling,,,1
ṣīhu,N,laughter,,,1
ṣīnu,N,wickedness,,,1
ṣīriš,AV,supremely,,,1
ṣīrūtu,AJ,supremacy,,,1
ṭab̄āhu,V,slaughter; be(come) slaughtered,,,1
ṭanû,V,(meaning uncertain),,,1
ṭappu,AJ,very full; satisfied,,,1
ṭarīdūta alāku,V,be(come) a fugitive,,,1
ṭehû,AJ,approaching,,,1
ṭerrubu,N,(meaning unknown),,,1
ṭimītu,N,yarn,,,1
ṭišṭišu,N,(kind of sediment),,,1
ṭummumu,V,block (ears); deafening,,,1
ṭun,N,the sign DUN₃,,,1
ṭuppuru,AJ,driven away; removed,,,1
ṭupšar bīti,N,scribe of the house,,,1
ṭupšar āli,N,city scribe,,,1
ṭupšīmātu,N,tablet of destinies,,,1
ṭâpu,V,twist; twisting,,,1
ṭābtūtu,N,goodwill,,,1
ṭāʾtūtu,N,present (in expectation of reciprocity),,,1
ṭēma šakānu,V,give orders,,,1
ṭēʾinu,N,grinder,,,1
ṭēḫu,N,immediate vicinity,DA,𒁕,1
ṭību,N,immersion,,,1
